chain,name,category,portion_g,kcal_per_portion,protein_g,carbs_g,fat_g,source_url,fiber_g,sugar_g,satfat_g,salt_g
alkohole,Beck's (500 ml),Piwo,500,190,2,11,0,https://world.openfoodfacts.org/product/41001356,,0.5,0,0.05
alkohole,Birra Moretti (330 ml),Piwo,330,122.1,0,5.5,0,https://world.openfoodfacts.org/product/8001435400818#szac,,,,
alkohole,Birra Moretti Filtrata a freddo (550 ml),Piwo,550,203.5,1.6,15.9,0,https://world.openfoodfacts.org/product/8006890687712,,0,0,0.39
alkohole,Budweiser (500 ml),Piwo,500,195,0,10.8,0,https://world.openfoodfacts.org/product/5014379002973#szac,,,,
alkohole,Budweiser Budvar (500 ml),Piwo,500,210,2,16,0,https://world.openfoodfacts.org/product/8594403707670,0.1,1,0,0
alkohole,Carlsberg (500 ml),Piwo,500,195,0,10.8,0,https://world.openfoodfacts.org/product/5900014004931#szac,,,,
alkohole,Carlsberg 1883 (330 ml),Piwo,330,145.2,1.6,13.5,0,https://world.openfoodfacts.org/product/3080216055053,,0.26,0,0.03
alkohole,Carlsberg Elephant (500 ml),Piwo,500,275,3.5,19,0,https://world.openfoodfacts.org/product/3080216047072,,0.5,0,0.05
alkohole,Carlsberg Unfiltered (500 ml),Piwo,500,215,2,13.5,0,https://world.openfoodfacts.org/product/3080216054162,,2,0,0
alkohole,Corona Extra (355 ml),Piwo,355,149.1,1.1,14.2,0,https://world.openfoodfacts.org/product/7501064191527,,0.71,0,0
alkohole,Erdinger Brauhaus Helles (330 ml),Piwo,330,138.6,1.6,8.9,1.6,https://world.openfoodfacts.org/product/4005873210040,0,1.65,0.33,0
alkohole,Erdinger Pikantus (500 ml),Piwo,500,315,4.5,19,2.5,https://world.openfoodfacts.org/product/4002103000044,0,2.5,0.5,0.05
alkohole,Erdinger Urweisse (500 ml),Piwo,500,210,3,12,2.5,https://world.openfoodfacts.org/product/4002103236122,0,2.5,0.5,0.05
alkohole,Erdinger Weißbier (500 ml),Piwo,500,220,3,13,0.5,https://world.openfoodfacts.org/product/4002103000013,0,2.5,,0.05
alkohole,Franziskaner Hefe-Weissbier Naturtrüb (500 ml),Piwo,500,215,4,13,0,https://world.openfoodfacts.org/product/4072700803829,,1,0,0
alkohole,Franziskaner Weissbier Dunkel (500 ml),Piwo,500,230,2.8,22,0.5,https://world.openfoodfacts.org/product/4072700001188,0.75,9.2,0,0.95
alkohole,Grimbergen Blanche (330 ml),Piwo,330,168.3,1.6,9.6,0,https://world.openfoodfacts.org/product/5901594001471,,0.33,0,0.03
alkohole,Grolsch (500 ml),Piwo,500,200,2.5,12.5,0,https://world.openfoodfacts.org/product/8716700018772,,0,0,0.05
alkohole,Guinness Draught (500 ml),Piwo,500,176,1.4,14.1,0,https://world.openfoodfacts.org/product/0083820123609,,,,
alkohole,Guinness Hop House 13 (330 ml),Piwo,330,141.9,0,10.4,0,https://world.openfoodfacts.org/product/5000213020708#szac,,,,
alkohole,Guinness Special Export (330 ml),Piwo,330,204.6,2.6,13.2,0,https://world.openfoodfacts.org/product/54004207,,3.63,0,2.05
alkohole,Harnaś Jasne Pełne (500 ml),Piwo,500,215,0,15.8,0,https://world.openfoodfacts.org/product/5900014004245#szac,,0,0,0
alkohole,Heineken (500 ml),Piwo,500,210,0,16,0,https://world.openfoodfacts.org/product/8712000900045,,0,0,0.05
alkohole,Heineken Silver (500 ml),Piwo,500,175,0,14.5,0,https://world.openfoodfacts.org/product/8712000057930,,0,0,0.05
alkohole,Hoegaarden Wit Blanche (500 ml),Piwo,500,225,2.5,18.5,0,https://world.openfoodfacts.org/product/5410228237778,,1,0,0.5
alkohole,Hulaj Dusza Piwo Konopne Jasne (500 ml),Piwo,500,145,4,25,0,https://world.openfoodfacts.org/product/5908258856880,,8.5,,0.5
alkohole,Ichnusa (500 ml),Piwo,500,190,0,9.5,0,https://world.openfoodfacts.org/product/8006890758481#szac,,,,0
alkohole,Ichnusa Non Filtrata (500 ml),Piwo,500,210,2.5,17.5,0,https://world.openfoodfacts.org/product/8006890391824,,0,0,0.1
alkohole,Kasztelan Niepasteryzowane (500 ml),Piwo,500,195,0,10.8,0,https://world.openfoodfacts.org/product/5903082101014#szac,,,,
alkohole,Kilkenny Irish Red Ale (330 ml),Piwo,330,118.8,0,4.6,0,https://world.openfoodfacts.org/product/4053400211411#szac,,,,
alkohole,Kozel Ciemny (500 ml),Piwo,500,180,0,7,0,https://world.openfoodfacts.org/product/5901359134031#szac,,,,
alkohole,Kozel Premium Lager (500 ml),Piwo,500,200,2.5,16.5,0,https://world.openfoodfacts.org/product/8008440249036,,2.5,0,0
alkohole,Krombacher (500 ml),Piwo,500,190,0,12,0,https://world.openfoodfacts.org/product/4008287056020,,0,0,0
alkohole,Krombacher Dunkel (500 ml),Piwo,500,200,2.5,12.5,0,https://world.openfoodfacts.org/product/4008287910650,,0,0,
alkohole,Książęce Czerwony Lager (500 ml),Piwo,500,210,3,16,0,https://world.openfoodfacts.org/product/5901359014784,,,,
alkohole,Książęce Złote Pszeniczne (500 ml),Piwo,500,225,0,18.3,0,https://world.openfoodfacts.org/product/5901359014968#szac,,,,
alkohole,Lech Premium (500 ml),Piwo,500,205,3,14,0.5,https://world.openfoodfacts.org/product/5900490000182,,4,0.5,0.5
alkohole,Leffe Blonde (330 ml),Piwo,330,191.4,1.3,17.8,0,https://world.openfoodfacts.org/product/5410228201205,,1.65,0,0.07
alkohole,Leffe Triple (500 ml),Piwo,500,330,0,25,0,https://world.openfoodfacts.org/product/5410228129684,,0,0,0
alkohole,Namysłów Pils (500 ml),Piwo,500,220,0,17,0,https://world.openfoodfacts.org/product/5903870005265#szac,,,,
alkohole,Paulaner Hefe-Weissbier (500 ml),Piwo,500,210,0,14.5,0,https://world.openfoodfacts.org/product/4066600641995#szac,,,,
alkohole,Paulaner Münchner Hell (500 ml),Piwo,500,190,2.5,11,0,https://world.openfoodfacts.org/product/4066600211815,0,0,0,0
alkohole,Paulaner Oktoberfest (500 ml),Piwo,500,235,0,20.8,0,https://world.openfoodfacts.org/product/4066600311683#szac,,,,
alkohole,Paulaner Weissbier Kristallklar (500 ml),Piwo,500,195,0,10.8,0,https://world.openfoodfacts.org/product/4066600641902#szac,,,,
alkohole,Paulaner Weißbier Dunkel (500 ml),Piwo,500,205,3,14.5,0,https://world.openfoodfacts.org/product/4066600941972,,,,
alkohole,Pilsner Urquell (500 ml),Piwo,500,215,2.5,25.5,0,https://world.openfoodfacts.org/product/8594404005829,,2.5,,
alkohole,San Miguel (500 ml),Piwo,500,225,2,18.5,0,https://world.openfoodfacts.org/product/5010153771622,,0,0,0.05
alkohole,Stella Artois (500 ml),Piwo,500,195,2,16,0,https://world.openfoodfacts.org/product/5014379012873,0,1.5,0,0
alkohole,Tatra Jasne (500 ml),Piwo,500,230,0,19.5,0,https://world.openfoodfacts.org/product/5901559840008#szac,,,,
alkohole,Trybunał Ciemne Pełne (500 ml),Piwo,500,320,0,25,0,https://world.openfoodfacts.org/product/5905689309954,,,,
alkohole,Tyskie (500 ml),Piwo,500,215,2.5,15,0,https://world.openfoodfacts.org/product/5901359000312,,1,0,0
alkohole,Warka (500 ml),Piwo,500,205,0,13.3,0,https://world.openfoodfacts.org/product/5902746320020#szac,,,,
alkohole,Warka Strong (500 ml),Piwo,500,250,0,14.2,0,https://world.openfoodfacts.org/product/5288206634808#szac,,,,
alkohole,Warsteiner (500 ml),Piwo,500,210,2.5,17.5,0,https://world.openfoodfacts.org/product/4000856005446,,0,0,0
alkohole,Warsteiner Brewers Gold (330 ml),Piwo,330,155.1,1.6,12.9,0,https://world.openfoodfacts.org/product/4000856008737,,0,0,
alkohole,Žatecký Světlý Ležák (500 ml),Piwo,500,210,3.5,14,0,https://world.openfoodfacts.org/product/5900014003019,,4,,
alkohole,Żubr (550 ml),Piwo,550,231,0,16.0,0,https://world.openfoodfacts.org/product/5901359024400#szac,,,,
alkohole,Żywiec (500 ml),Piwo,500,215,0,15.8,0,https://world.openfoodfacts.org/product/5901559140009#szac,,,,
alkohole,Żywiec Białe (500 ml),Piwo,500,215,0,15.8,0,https://world.openfoodfacts.org/product/5901559953531#szac,,,,
alkohole,Beck's Green Lemon (500 ml),Piwo smakowe i radlery,500,175,1,24,0.1,https://world.openfoodfacts.org/product/42111702,,19,0.05,0.1
alkohole,Beck's Lemon Brew (500 ml),Piwo smakowe i radlery,500,204.5,1.2,34.5,0.8,https://world.openfoodfacts.org/product/4100130009808,,31.52,0.15,0.03
alkohole,Desperados Black (500 ml),Piwo smakowe i radlery,500,305,2.5,36.5,3,https://world.openfoodfacts.org/product/3119783012548,,14.5,0,0.05
alkohole,Desperados Exotic Rum (400 ml),Piwo smakowe i radlery,400,180,0,17.4,0,https://world.openfoodfacts.org/product/5900699105954#szac,,,,
alkohole,Desperados Ginger & Lime (330 ml),Piwo smakowe i radlery,330,184.8,1.6,23.4,2.0,https://world.openfoodfacts.org/product/3119780268245,,10.23,0,0.03
alkohole,Desperados Jungle Bird (400 ml),Piwo smakowe i radlery,400,228,0,26.8,0,https://world.openfoodfacts.org/product/5900699109235,,14.4,,
alkohole,Desperados Lime (500 ml),Piwo smakowe i radlery,500,200,0,28.5,3,https://world.openfoodfacts.org/product/3119780256068,0,16,0,0.05
alkohole,Desperados Original (500 ml),Piwo smakowe i radlery,500,295,0,31.5,0,https://world.openfoodfacts.org/product/3119780268382,,11,0,0.05
alkohole,Desperados Red (500 ml),Piwo smakowe i radlery,500,315,0,37.5,0,https://world.openfoodfacts.org/product/3119780256150,,17,0,0.05
alkohole,Desperados Tropical (500 ml),Piwo smakowe i radlery,500,320,0,40,3,https://world.openfoodfacts.org/product/3119789830139,,,,
alkohole,Desperados Virgin Mojito (500 ml),Piwo smakowe i radlery,500,175,2.5,43.5,3,https://world.openfoodfacts.org/product/3119780273911,,25,0,
alkohole,Grolsch Radler (300 ml),Piwo smakowe i radlery,300,99,1.2,15,0,https://world.openfoodfacts.org/product/87167658,,9.6,0,0.03
alkohole,Hoegaarden Cranberry & Orange (500 ml),Piwo smakowe i radlery,500,130,0.5,18,0,https://world.openfoodfacts.org/product/5410228232384,,8,0,0.45
alkohole,Hoegaarden Radler Lemon (330 ml),Piwo smakowe i radlery,330,75.9,1.3,16.8,0,https://world.openfoodfacts.org/product/5410228227397,0,10.56,0,0.33
alkohole,Krombacher Limobier (500 ml),Piwo smakowe i radlery,500,150,0,26.5,0,https://world.openfoodfacts.org/product/4008287927306,,22.5,0,0
alkohole,Krombacher Radler (500 ml),Piwo smakowe i radlery,500,195,0,29.5,0,https://world.openfoodfacts.org/product/4008287072938,0,26,0,0
alkohole,Krombacher Radler Naturtrüb (500 ml),Piwo smakowe i radlery,500,185,0,28.5,0,https://world.openfoodfacts.org/product/4008287910612,,23,0,0
alkohole,Lech Shandy Mojito (500 ml),Piwo smakowe i radlery,500,175,0,29.9,0,https://world.openfoodfacts.org/product/5901359054780#szac,,,,
alkohole,Leffe Ruby (500 ml),Piwo smakowe i radlery,500,275,2,33.5,0,https://world.openfoodfacts.org/product/5410228233626,,14,0,0.5
alkohole,Paulaner Natur-Radler (500 ml),Piwo smakowe i radlery,500,185,0,32.4,0,https://world.openfoodfacts.org/product/4066600201199#szac,,30,,
alkohole,Redd's Żurawina (500 ml),Piwo smakowe i radlery,500,240,0,25.5,0,https://world.openfoodfacts.org/product/5901359352039#szac,,,,
alkohole,Somersby Mango & Limonka (napój piwny) (400 ml),Piwo smakowe i radlery,400,216,0,26.4,0,https://world.openfoodfacts.org/product/5900014003262#szac,,,,
alkohole,Warka Radler Cytryna 2% (500 ml),Piwo smakowe i radlery,500,185,0,32.4,0,https://world.openfoodfacts.org/product/5902746641330,,,,
alkohole,Warka Radler Malina 2% (500 ml),Piwo smakowe i radlery,500,195,0,34.9,0,https://world.openfoodfacts.org/product/5900699101888,,,,
alkohole,Warsteiner Naturradler Zitrone (500 ml),Piwo smakowe i radlery,500,190,1,31.5,0,https://world.openfoodfacts.org/product/4000856003831,,21.5,0,0
alkohole,Warsteiner Radler (330 ml),Piwo smakowe i radlery,330,125.4,0.7,19.5,0,https://world.openfoodfacts.org/product/4000856005088,,13.86,0,0
alkohole,"Beck's Blue 0,0% (275 ml)",Piwo bezalkoholowe,275,38.5,0.8,8.5,0,https://world.openfoodfacts.org/product/4100130037771,,0.55,0,
alkohole,Beck's Green Lemon Zero (330 ml),Piwo bezalkoholowe,330,72.6,0.3,17.2,0,https://world.openfoodfacts.org/product/42150015,0.66,14.52,0.03,0.07
alkohole,"Birra Moretti 0,0% (500 ml)",Piwo bezalkoholowe,500,100,2.5,22,0,https://world.openfoodfacts.org/product/8006890628579,0,6,0,0.05
alkohole,"Birra Poretti 0,0% (330 ml)",Piwo bezalkoholowe,330,46.2,1.6,10.6,0,https://world.openfoodfacts.org/product/8007950015803,,1.65,0,0
alkohole,Budweiser Zero (350 ml),Piwo bezalkoholowe,350,69.0,0,15.8,0,https://world.openfoodfacts.org/product/7891991298407#szac,,,,
alkohole,"Carlsberg 0,0% (500 ml)",Piwo bezalkoholowe,500,75,0,16,0,https://world.openfoodfacts.org/product/5900014003569,,,,0
alkohole,Corona Cero (330 ml),Piwo bezalkoholowe,330,56.1,1.3,12.9,0,https://world.openfoodfacts.org/product/5410228313861,0,2.3,0,0
alkohole,"Desperados 0,0% (330 ml)",Piwo bezalkoholowe,330,95.7,0.7,23.1,0,https://world.openfoodfacts.org/product/4260197092998,,15.84,,0.03
alkohole,"Erdinger Alkoholfrei 0,0% (500 ml)",Piwo bezalkoholowe,500,125,0,26.5,0,https://world.openfoodfacts.org/product/4002103266501,0,18,0,0
alkohole,"Franziskaner Alkoholfrei 0,0% (500 ml)",Piwo bezalkoholowe,500,105,2.8,22,0.5,https://world.openfoodfacts.org/product/4072700318675,,9.2,0.5,0.01
alkohole,"Garage Euphoriq Jagoda & Marakuja 0,0% (330 ml)",Piwo bezalkoholowe,330,79.2,0,19.1,0,https://world.openfoodfacts.org/product/5900014005716,,16.17,0,0
alkohole,"Grolsch Weizen 0,0% (500 ml)",Piwo bezalkoholowe,500,150,0,35.4,0,https://world.openfoodfacts.org/product/87167412#szac,,18.5,,0.05
alkohole,Guinness 0.0 (440 ml),Piwo bezalkoholowe,440,74.8,1.3,16.7,0,https://world.openfoodfacts.org/product/5000213024829,,3.08,,
alkohole,Heineken 0.0 (500 ml),Piwo bezalkoholowe,500,105,0,24,0,https://world.openfoodfacts.org/product/2902805009135,0,6.5,0,0.05
alkohole,"Hoegaarden Rosée 0,0% (330 ml)",Piwo bezalkoholowe,330,95.7,1.6,23.4,0,https://world.openfoodfacts.org/product/5410228205845,0,10.56,0,0.33
alkohole,"Hoegaarden Wit Blanche 0,0% (330 ml)",Piwo bezalkoholowe,330,89.1,1.6,24.4,0,https://world.openfoodfacts.org/product/5410228261988,0,12.21,0,0
alkohole,Karmi (400 ml),Piwo bezalkoholowe,400,144,1.2,33.6,0,https://world.openfoodfacts.org/product/5900014002227,0,28,0,0
alkohole,Karmi Mrożona Kawa (400 ml),Piwo bezalkoholowe,400,120,0,28.3,0,https://world.openfoodfacts.org/product/19000145#szac,,0,0,
alkohole,Karmi Żurawina (400 ml),Piwo bezalkoholowe,400,168,1.2,39.2,0,https://world.openfoodfacts.org/product/5900014002562,0,35.6,0,0
alkohole,"Krombacher 0,0% (500 ml)",Piwo bezalkoholowe,500,135,0,32,0,https://world.openfoodfacts.org/product/4008287914498,,15.5,0,0
alkohole,"Krombacher Radler 0,0% (330 ml)",Piwo bezalkoholowe,330,82.5,0,20.5,0,https://world.openfoodfacts.org/product/4008287919752,,17.16,0,0
alkohole,"Krombacher Weizen 0,0% (500 ml)",Piwo bezalkoholowe,500,160,3.5,37.5,0,https://world.openfoodfacts.org/product/4008287914399,,15.5,0,0
alkohole,"Lech Free 0,0% (330 ml)",Piwo bezalkoholowe,330,72.6,0,18.1,0,https://world.openfoodfacts.org/product/5901359122021,,9.9,0,0
alkohole,"Leffe Brune 0,0% (330 ml)",Piwo bezalkoholowe,330,135.3,0.7,33.3,0,https://world.openfoodfacts.org/product/5410228275466,0,3.63,0,0.07
alkohole,"Łomża 0,0% (500 ml)",Piwo bezalkoholowe,500,160,2.5,37.5,0,https://world.openfoodfacts.org/product/5900535015171,0,14,0,0
alkohole,"Łomża Radler 0,0% (500 ml)",Piwo bezalkoholowe,500,130,2.5,30.5,0,https://world.openfoodfacts.org/product/5900535019209,,24,0,0.05
alkohole,"Paulaner Münchner Hell 0,0% (500 ml)",Piwo bezalkoholowe,500,120,0,25.5,0,https://world.openfoodfacts.org/product/4066600641018,,14.5,,
alkohole,"Paulaner Weissbier Zitrone 0,0% (330 ml)",Piwo bezalkoholowe,330,112.2,0,26.7,0,https://world.openfoodfacts.org/product/4066600645245,,22.77,0,0
alkohole,"Tyskie 0,0% (500 ml)",Piwo bezalkoholowe,500,115,0,27.5,0,https://world.openfoodfacts.org/product/5901359104027,0,15.5,0,
alkohole,"Warka 0,0% (500 ml)",Piwo bezalkoholowe,500,120,0,30.5,0,https://world.openfoodfacts.org/product/5900699106531,,,,
alkohole,"Warsteiner 0,0% (330 ml)",Piwo bezalkoholowe,330,115.5,1.6,26.7,0,https://world.openfoodfacts.org/product/4000856002964,,12.87,0,0
alkohole,"Warsteiner Pilsener 0,0% (500 ml)",Piwo bezalkoholowe,500,130,2.5,27,0,https://world.openfoodfacts.org/product/4000856005972,,8.5,0,0.05
alkohole,"Warsteiner Radler 0,0% (330 ml)",Piwo bezalkoholowe,330,115.5,1.0,25.4,0,https://world.openfoodfacts.org/product/4000856007129,,18.81,0,0
alkohole,"Żywiec 0,0% (500 ml)",Piwo bezalkoholowe,500,95,1.5,20,0,https://world.openfoodfacts.org/product/5900699100751,,14,0,0.05
alkohole,"Żywiec Limonż 0,0% (500 ml)",Piwo bezalkoholowe,500,90,0,23.5,0,https://world.openfoodfacts.org/product/5900699106388,,14.5,0,0
alkohole,Somersby Apple (500 ml),Cydr,500,305,0,50,0,https://world.openfoodfacts.org/product/42400868,0,50,0,0
alkohole,Somersby Blueberry (500 ml),Cydr,500,285,0,38.5,0,https://world.openfoodfacts.org/product/3856777584161,,37.5,0,0
alkohole,Somersby Pear (375 ml),Cydr,375,228.8,0,32.6,0,https://world.openfoodfacts.org/product/9329982016955,0,31.5,0,0
alkohole,Somersby Red Rhubarb (330 ml),Cydr,330,188.1,0,26.5,0,https://world.openfoodfacts.org/product/42400974#szac,,,,
alkohole,Strongbow Apple (500 ml),Cydr,500,245,2.5,29,2.5,https://world.openfoodfacts.org/product/5942105009166,,28.5,0.5,0.05
alkohole,Glühwein (IKEA),Wino,150,115.5,0,28.5,0,https://world.openfoodfacts.org/product/1704314830009,0,28.5,0,0.03
alkohole,Freixenet,Wino musujące,125,92.5,0,3.8,0,https://world.openfoodfacts.org/product/8410036009090,,1.25,0,0
alkohole,Freixenet Sekt Medium,Wino musujące,125,87.5,0,3.8,0,https://world.openfoodfacts.org/product/8410036002015,,3.25,,0
alkohole,Martini Asti,Wino musujące,125,100,0,6,0,https://world.openfoodfacts.org/product/8000570552505#szac,,,,
alkohole,Martini Bianco,Wermut,100,165,0,16,0,https://world.openfoodfacts.org/product/5010677926003,,16,,
alkohole,Martini Fiero,Wermut,100,150,0,16.8,0,https://world.openfoodfacts.org/product/7630040401357#szac,,,,
alkohole,"Freixenet 0,0% (500 ml)",Wino bezalkoholowe,500,95,0,21.5,0,https://world.openfoodfacts.org/product/8410036808914,0,15,0.5,0.05
alkohole,"Freixenet Sekt 0,0% (750 ml)",Wino bezalkoholowe,750,187.5,0,45,0,https://world.openfoodfacts.org/product/8410384003023,,28.5,,
alkohole,Just 0 Red (750 ml),Wino bezalkoholowe,750,165,0,36.8,0,https://world.openfoodfacts.org/product/4003301069048,,32.25,0,0
alkohole,Just 0 White (500 ml),Wino bezalkoholowe,500,145,0,34,0,https://world.openfoodfacts.org/product/4003301069086,,31.5,0,0
alkohole,Absolut Passionfruit,Wódka,50,105,0,0,0,https://world.openfoodfacts.org/product/7312040350339,,,,
alkohole,Absolut Vodka,Wódka,50,110.5,0,0,0,https://world.openfoodfacts.org/product/7312040017034,,0,0,
alkohole,Absolut Watermelon,Wódka,50,105,0,0,0,https://world.openfoodfacts.org/product/7312040552726,,,,
alkohole,Smirnoff Red,Wódka,50,110.5,0,0,0,https://world.openfoodfacts.org/product/5410316072014#abv,,,,
alkohole,Ballantine's Finest,Whisky,40,88,0,0,0,https://world.openfoodfacts.org/product/5010106113127,0,0.04,0,0
alkohole,Grant's Summer Orange,Whisky,40,82,0,0,0,https://world.openfoodfacts.org/product/5010327253848,,,,
alkohole,J&B Rare,Whisky,40,88.8,0,0,0,https://world.openfoodfacts.org/product/5010103800259,,,,0
alkohole,Jack Daniel's Tennessee Apple,Whisky,40,92.8,0,0,0,https://world.openfoodfacts.org/product/4092257017623,,,,
alkohole,Jack Daniel's Tennessee Honey,Whisky,40,96,0,0,0,https://world.openfoodfacts.org/product/5099873001370,,,,
alkohole,Jack Daniel's Tennessee Whiskey,Whisky,40,86.8,0,0,0,https://world.openfoodfacts.org/product/5099873045367,,0,0,
alkohole,Jameson,Whisky,40,88.4,0,0,0,https://world.openfoodfacts.org/product/5011007003227,,,,
alkohole,Jim Beam White,Whisky,40,88.4,0,0,0,https://world.openfoodfacts.org/product/5010196091008,,,,
alkohole,Johnnie Walker Black Label,Whisky,40,88.8,0,0,0,https://world.openfoodfacts.org/product/5000267024202,,,,
alkohole,Johnnie Walker Double Black,Whisky,40,89.2,0,0,0,https://world.openfoodfacts.org/product/5000267116419,,,,
alkohole,Johnnie Walker Red Label,Whisky,40,88.8,0,0,0,https://world.openfoodfacts.org/product/5000267013602,,0.01,0,0
alkohole,Beefeater Blood Orange,Gin,40,88.4,0,0,0,https://world.openfoodfacts.org/product/5000299618240,,,,
alkohole,Beefeater London Dry Gin,Gin,40,88.4,0,0,0,https://world.openfoodfacts.org/product/5000299605042,,,,
alkohole,Beefeater Pink Strawberry,Gin,40,91.2,0,1.7,0,https://world.openfoodfacts.org/product/5000299605950,,1.72,0,0
alkohole,Bombay Sapphire Gin,Gin,40,88,0,0,0,https://world.openfoodfacts.org/product/5010677714006,,,,
alkohole,Gordon's London Dry Gin,Gin,40,83.2,0,0,0,https://world.openfoodfacts.org/product/5000289020602,,,,
alkohole,Tanqueray London Dry Gin,Gin,40,95.2,0,0,0,https://world.openfoodfacts.org/product/5000281015248,,,,
alkohole,Bacardi Black,Rum,40,88,0,0,0,https://world.openfoodfacts.org/product/5010677033916,,,,
alkohole,Bacardi Carta Blanca,Rum,40,84,0,0,0,https://world.openfoodfacts.org/product/5010677012638,,,,
alkohole,Captain Morgan Original Spiced,Rum,40,78,0,0.5,0,https://world.openfoodfacts.org/product/0087000002708,0,,0,0
alkohole,Baileys Hazelnut,Likiery i nalewki,50,163.5,1.5,12.5,6.5,https://world.openfoodfacts.org/product/5011013510313,,,,0
alkohole,Baileys Original Irish Cream,Likiery i nalewki,50,157,1,11,7,https://world.openfoodfacts.org/product/5011013100132,,9,4,0.1
alkohole,Baileys Salted Caramel,Likiery i nalewki,50,157,1.2,11,7,https://world.openfoodfacts.org/product/5011013504152,,0,0,0
alkohole,Jägermeister,Likiery i nalewki,50,127.5,0,6,0,https://world.openfoodfacts.org/product/4067700011015,,,,
alkohole,Kahlúa,Likiery i nalewki,50,135.1,0,20.1,0,https://world.openfoodfacts.org/product/7610594252162,0,20.07,0,0
alkohole,Malibu,Likiery i nalewki,50,85.5,0,7.6,0,https://world.openfoodfacts.org/product/8410024710601#szac,,,,
alkohole,Sheridan's,Likiery i nalewki,50,157.5,0.5,19.5,3.5,https://world.openfoodfacts.org/product/5011013500680,,,,0
alkohole,Aperol Spritz (175 ml),Drinki gotowe,175,78.8,0,8.8,0,https://world.openfoodfacts.org/product/8002230340705#szac,,,,
alkohole,Bacardi Breezer Strawberry (275 ml),Drinki gotowe,275,165,0,23.4,0,https://world.openfoodfacts.org/product/5010677433655,,,,
alkohole,Captain Morgan Mojito (250 ml),Drinki gotowe,250,242.5,0,45.1,0,https://world.openfoodfacts.org/product/5000281073309#szac,,,,
alkohole,Captain Morgan Spiced Gold & Cola (250 ml),Drinki gotowe,250,227.5,0,41.3,0,https://world.openfoodfacts.org/product/5000281073286#szac,,,,
alkohole,Corona Hard Seltzer (500 ml),Drinki gotowe,500,126.8,0,0.6,0,https://world.openfoodfacts.org/product/0033544000670#szac,,,,
alkohole,Havana Club & Cola (330 ml),Drinki gotowe,330,287.1,0,51.3,0,https://world.openfoodfacts.org/product/4005971394307#szac,,,,
alkohole,Jack Daniel's & Cola (330 ml),Drinki gotowe,330,195,0,28.3,0,https://world.openfoodfacts.org/product/5099873009864#szac,,,,
alkohole,"Jack Daniel's Double Jack (whiskey z colą 6,9%) (500 ml)",Drinki gotowe,500,371,0,43.9,0,https://world.openfoodfacts.org/product/5099873203620,,43.94,0,
alkohole,Smirnoff Ice (500 ml),Drinki gotowe,500,334.8,0,51.5,0,https://world.openfoodfacts.org/product/0082000763604,,,,
alkohole,Smirnoff Ice Pink Lemonade (500 ml),Drinki gotowe,500,382,0,41.8,0,https://world.openfoodfacts.org/product/0082000798965,0,0,0,0
alkohole,Tanqueray Gin & Tonic (250 ml),Drinki gotowe,250,172.5,0,27.6,0,https://world.openfoodfacts.org/product/5000291025756#szac,,,,
auchan,Antica Cantina Barbecue Tortilla Chips 200 g,Chipsy i przekąski,200,994,12,130,46,https://world.openfoodfacts.org/product/5708209101522,,3.8,5,2.8
auchan,AS-BABUNI Wafle pomidorowe z ziołami prowansalskimi i chili 90 g,Chipsy i przekąski,90,366,10.98,62.91,6.84,https://world.openfoodfacts.org/product/5905299000845,4.59,6.21,0.54,0.72
auchan,Auchab Chipsy z solą morską,Chipsy i przekąski,100,502,6.1,54,28,https://world.openfoodfacts.org/product/5904215168317,,,,
auchan,Auchan Chipsy ziemniaczane faliste o smaku fromage,Chipsy i przekąski,100,539,5.7,48,35,https://world.openfoodfacts.org/product/5904215143093,,1.6,3.4,1.2
auchan,Auchan Czipsy cebulowe,Chipsy i przekąski,100,541,5.7,49,35,https://world.openfoodfacts.org/product/5904215143086,4.2,3.4,3.3,0.94
auchan,Cheetos Chrupki cebulowe 160 g,Chipsy i przekąski,160,792,10.88,97.6,38.4,https://world.openfoodfacts.org/product/5900259086082,3.52,5.12,3.52,2.88
auchan,Crunchips o smaku zielona cebulka 140 g,Chipsy i przekąski,140,739,7.7,67.2,47.6,https://world.openfoodfacts.org/product/5905187114753,5.88,2.1,3.22,2.38
auchan,Lorenz Crunchips X-cut Chakalaka 140g,Chipsy i przekąski,140,720,7.7,71.4,43.4,https://world.openfoodfacts.org/product/5905187114708,6.02,2.38,3.5,2.24
auchan,Auchan Cukier trzcinowy nierafinowany Demerara 400 g,Cukier,100,396,0,99,0,https://world.openfoodfacts.org/product/5904215135395,,99,0,0
auchan,Diamant Cukier Gruba Rafinada 1 kg,Cukier,100,400,0,100,0,https://world.openfoodfacts.org/product/5907069001960,0,100,0,0
auchan,Diamant Cukier trzcinowy nierafinowany 1 kg,Cukier,100,400,0,100,0,https://world.openfoodfacts.org/product/5907069002004,,100,0,0.01
auchan,Sante Cukier trzcinowy nierafinowany Demera 500 g,Cukier,100,398,0,99.4,0,https://world.openfoodfacts.org/product/5900617010834,,99.4,0,0
auchan,Sante Cukier trzcinowy nierafinowany Demerara 500 g,Cukier,100,398,0,99.4,0,https://world.openfoodfacts.org/product/5900617002488,0,99.4,0,0
auchan,Agros Nova Foods Kociołek Boloński 580 g,Dania gotowe,100,71,3,9.9,1.8,https://world.openfoodfacts.org/product/5900397735057,,3.1,0.8,1.1
auchan,Auchan Collection Pierogi z Mięsem,Dania gotowe,100,200,8.6,22,8.1,https://world.openfoodfacts.org/product/5904215140528,,0.5,2.8,1.18
auchan,Auchan Flaki po zamojsku 500 g,Dania gotowe,100,76,7.7,3.1,3.4,https://world.openfoodfacts.org/product/5904215134541,,0.5,1.7,0.7
auchan,Auchan Gołąbki w sosie pomidorowym 480 g,Dania gotowe,100,55,2.3,6.9,1.8,https://world.openfoodfacts.org/product/5904215110781,,2.3,0.8,1.4
auchan,Auchan Kiszona kapusta z marchewką 900 g (1 kg),Dania gotowe,100,25,0.9,3.7,0.1,https://world.openfoodfacts.org/product/5904215136385,2.6,1.5,0.1,1.1
auchan,Auchan Krokiety z mięsem 400 g,Dania gotowe,100,241,9.7,21,13,https://world.openfoodfacts.org/product/5904215129707,,2.5,3.9,1.2
auchan,Auchan Lasagne bolognese 400 g,Dania gotowe,100,172,6.5,15.9,8.8,https://world.openfoodfacts.org/product/5904215142911,,2.9,2.6,1.1
auchan,Auchan Lunchbox Z Mozzatella I Suszonymi Pomidorami,Dania gotowe,100,175,6.7,4.4,14,https://world.openfoodfacts.org/product/2401991006299,2.5,2.9,2.9,0.35
auchan,Auchan Mix sałat ostry,Dania gotowe,100,22,2.7,1.7,0.4,https://world.openfoodfacts.org/product/5904215139232,,0.2,0.1,0.04
auchan,Auchan Pasta łososiowa ze szczypiorkiem 80g,Dania gotowe,80,303,2.88,7.76,28.8,https://world.openfoodfacts.org/product/5904215146087,,7.76,2.64,1.44
auchan,Auchan Pierogi serowo-jagodowe 400 g,Dania gotowe,100,149,7.5,26,1.8,https://world.openfoodfacts.org/product/5904215140689,,8.2,0.9,0.34
auchan,Auchan Pierogi ukraińskie 500 g,Dania gotowe,100,140,4.9,25,2.1,https://world.openfoodfacts.org/product/5904215139850,,0.8,0.6,1.2
auchan,Auchan Pierogi z serem 500g,Dania gotowe,100,180,9.3,28,3.1,https://world.openfoodfacts.org/product/5904215139867,,6,0.8,0.4
auchan,Auchan Pierogi z serem i szpinakiem 500g,Dania gotowe,100,166,6.1,26,3.6,https://world.openfoodfacts.org/product/5904215143680,,2,0.5,0.9
auchan,Auchan Pierogi z serem i truskawkami 400 g,Dania gotowe,100,157,8.1,28,1.5,https://world.openfoodfacts.org/product/5904215140696,,7.6,0.8,0.71
auchan,Auchan Sałatka z kurczakiem kebab 150 g,Dania gotowe,150,258,6.45,10.35,21,https://world.openfoodfacts.org/product/5904215160113,1.05,6.3,2.1,2.4
auchan,Auchan Surówka Colesław,Dania gotowe,100,98,0.8,10,5.8,https://world.openfoodfacts.org/product/5904215139034,,9.9,0.5,0.64
auchan,Food house Wegańskie pierogi a'la mięsne 300 g,Dania gotowe,100,198,9.4,28,4.9,https://world.openfoodfacts.org/product/5903890430948,,0.9,0.4,1
auchan,Hortex Makaron na patelnię penne z sosem serowym 450 g,Dania gotowe,100,55,2.5,9.5,0.5,https://world.openfoodfacts.org/product/5900477012795,1.8,2.7,0.1,0.5
auchan,Konspol Pierogi roślinne z tofu naturalnym i pastą szpinakową 230 g,Dania gotowe,230,414,13.11,59.8,12.42,https://world.openfoodfacts.org/product/5900962041774,5.29,6.67,1.61,2.19
auchan,Kotwica Bigos z gęsiną i śliwkami 400 g,Dania gotowe,100,80,2.1,8.3,5.2,https://world.openfoodfacts.org/product/5900143020864,,0.9,0.6,0.78
auchan,Kotwica Pierogi carskie 400 g,Dania gotowe,100,226,5.2,33.4,8.3,https://world.openfoodfacts.org/product/5900143002389,,0.5,1.8,1.4
auchan,Kotwica Sałatka warzywna z majonezem 1 kg,Dania gotowe,100,218,2.2,8,20.5,https://world.openfoodfacts.org/product/5900143005380,,1.3,1.7,0.76
auchan,Kotwica Uszka z kapustą i grzybami 250 g,Dania gotowe,250,552,17.75,117,3.25,https://world.openfoodfacts.org/product/5900143000064,,0.25,0.5,1.05
auchan,Lubella Makaron z cukinia w sosie bolonskim 190 g,Dania gotowe,190,646,24.7,121.6,4.56,https://world.openfoodfacts.org/product/5900049820803,,22.8,0.82,6.08
auchan,Maga Surówka Colesław 300 g,Dania gotowe,100,83,1.5,8.9,4.1,https://world.openfoodfacts.org/product/5900449007200,,4.4,0.3,0.9
auchan,Melvit Trendy Lunch Mhammas Groszek Grzyby leśne Tymianek 4 x 100 g,Dania gotowe,100,346,14,64,1.8,https://world.openfoodfacts.org/product/5906827016543,9,4.2,0.4,0.02
auchan,Międzychód Leczo z fasolkami 500 g,Dania gotowe,100,66,3.3,9.7,1.1,https://world.openfoodfacts.org/product/5901619150566,,2.7,0.1,0.8
auchan,So food Wege lunch z papryka i ryżem 250 g,Dania gotowe,250,410,25,52.5,9.75,https://world.openfoodfacts.org/product/5901002008139,,3.5,1,3.75
auchan,Virtu Pierogi z kapustą i grzybami 1 kg,Dania gotowe,100,176,4.2,26,5.3,https://world.openfoodfacts.org/product/5904031096832,,2.5,1.3,1
auchan,Yabra Gołąbki z kaszą gryczaną w sosie pieczarkowym. 500 g,Dania gotowe,100,70,2.5,8.6,3.1,https://world.openfoodfacts.org/product/5901363662353,,1.5,1.14,1.02
auchan,Łowicz Kociołek Łowicki 580 g,Dania gotowe,100,71,3.6,9.2,1.7,https://world.openfoodfacts.org/product/5900397735170,,1.6,0.5,1
auchan,Auchan Brzoskwinie w syropie,Desery,100,60,0.5,14,0.5,https://world.openfoodfacts.org/product/5904215132905,1.5,12,0,0.01
auchan,Auchan Cocoghurt kremowy 150 g,Desery,150,112,1.05,9.9,7.65,https://world.openfoodfacts.org/product/5904215158448,0.75,1.05,7.35,0.03
auchan,Auchan Ekologiczny serek truskawkowy 140 g,Desery,140,174,13.72,14,7,https://world.openfoodfacts.org/product/5904215167686,,13.58,4.2,0.2
auchan,Auchan Serek homogenizowany o smaku waniliowym,Desery,100,115,4.9,17,3,https://world.openfoodfacts.org/product/5904215140030,,16,1.9,0.1
auchan,Auchan Skyr jogurt do picia,Desery,100,63,5.2,10,0.2,https://world.openfoodfacts.org/product/5904215170525,,10,0.1,
auchan,Auchan Weganska jeglanka na kokosie 210 g,Desery,210,279,3.78,33.6,13.86,https://world.openfoodfacts.org/product/5904215156062,6.3,16.59,12.18,0.21
auchan,Auchan Weganska tapioka na kokosie czekoladowa 140 g,Desery,140,199,1.4,18.2,8.4,https://world.openfoodfacts.org/product/5904215156314,1.4,16.8,7,0.15
auchan,Auchan Weganska tapioka na kokosie z wiśniami 140 g,Desery,140,196,1.4,18.2,8.4,https://world.openfoodfacts.org/product/5904215156321,,16.8,7,0.15
auchan,Auchan Wegańska chia na kokosie 140 g,Desery,140,154,1.4,18.2,7,https://world.openfoodfacts.org/product/5904215155928,3.08,15.4,5.6,0.06
auchan,Auchan Wegańska jaglanka na kokosie 210 g,Desery,210,281,3.99,33.6,13.86,https://world.openfoodfacts.org/product/5904215156079,6.72,16.59,12.18,0.21
auchan,Auchan Wegańska owsianka na kokosie 210 g,Desery,210,235,3.57,29.4,10.92,https://world.openfoodfacts.org/product/5904215149781,3.36,16.8,8.82,0.21
auchan,Bakalland Kajmak - Masa krówkowa o smaku Tiramisu 460 g,Desery,100,291,5.3,56,5.1,https://world.openfoodfacts.org/product/5900749565110,,43,2.4,0.14
auchan,Planton Double pleasure hazelnut & chocolate 120 g,Desery,120,145,1.68,19.2,6.48,https://world.openfoodfacts.org/product/5901104005616,1.44,10.44,2.04,0.05
auchan,Auchan 100% Czarna Porzeczka,Dżemy i kremy,100,150,1.6,34,0,https://world.openfoodfacts.org/product/5904215155621,2.7,34,,0.02
auchan,Auchan Krem o smaku orzechowym 400 g,Dżemy i kremy,100,556,2.2,60,34,https://world.openfoodfacts.org/product/5904215116011,1.1,60,7.9,0.25
auchan,CDSA Krem o smaku kakaowo-orzechowym 350 g,Dżemy i kremy,100,502,4.4,54,37,https://world.openfoodfacts.org/product/5901749008980,,9.5,12,0.21
auchan,Herbapol Konfitura ekstra z truskawek o obniżonej zawartości cukru. 240 g,Dżemy i kremy,240,396,1.44,96,1.2,https://world.openfoodfacts.org/product/5900956201078,,93.6,0.24,0.07
auchan,Herbapol Konfitura z malin ekstra o obniżonej zawartości cukru 240 g,Dżemy i kremy,240,398,1.92,91.2,1.2,https://world.openfoodfacts.org/product/5900956201092,,88.8,0.24,0.1
auchan,Wisła Sękacz o smaku orzechowym 32 g,Dżemy i kremy,32,148,1.09,19.52,7.04,https://world.openfoodfacts.org/product/5905436797034,,15.36,3.2,0.06
auchan,Lipton Herbata czarna,Herbata,115,5,0.57,0,0,https://world.openfoodfacts.org/product/8714100240298,0,0,0,0
auchan,Lipton Pokrzywa z mango 26 g,Herbata,26,1,0.13,0.13,0,https://world.openfoodfacts.org/product/8717163856741,,0.13,0,0
auchan,Auchan Cocoghurt kremowy z granolą,Jogurty,100,95,1.7,12,4.2,https://world.openfoodfacts.org/product/5904215171843,,2.8,3.3,0.01
auchan,Auchan Cocoghurt malinowy,Jogurty,100,60,1.7,11,0.9,https://world.openfoodfacts.org/product/5904215178637,,7.5,0.7,
auchan,Auchan Jogurt naturalny bez laktozy,Jogurty,100,58,4,4.8,2.5,https://world.openfoodfacts.org/product/5904215145264,0,4.8,1.7,0.13
auchan,Auchan Jogurt naturalny typ grecki 400g,Jogurty,100,117,3,4,10,https://world.openfoodfacts.org/product/5904215130253,,4,6,0.01
auchan,Auchan Jogurt proteinowy jagodowy,Jogurty,100,82,7.5,12.9,0,https://world.openfoodfacts.org/product/5904215140443,,10.8,0,0.11
auchan,Auchan Jogurt proteinowy truskawkowo-porzeczkowy,Jogurty,100,74,7.5,10.8,0,https://world.openfoodfacts.org/product/5904215140436,,8.5,0,0.1
auchan,Bakoma Jogurt 7 zbóż z truskawkami 140 g,Jogurty,140,127,4.62,19.74,3.08,https://world.openfoodfacts.org/product/5900197012907,2.8,15.4,2.1,0.16
auchan,Bakoma Jogurt z jagodami 140 g,Jogurty,140,120,4.62,17.5,3.5,https://world.openfoodfacts.org/product/5900197005534,,16.8,2.52,0.18
auchan,Bakoma Jogurt z jagodami Premium Mild 140 g,Jogurty,140,126,4.76,18.9,3.5,https://world.openfoodfacts.org/product/5900197026508,,16.8,2.52,0.14
auchan,Bakona Jogurt 7 zbóż z brzoskwiniami. 140 g,Jogurty,140,132,4.76,20.02,3.5,https://world.openfoodfacts.org/product/5900197012914,,16.52,2.52,0.18
auchan,Danone Actimel o smaku żurawina-malina-tymianek,Jogurty,100,71,2.8,10.7,1.5,https://world.openfoodfacts.org/product/5900643041239,,10.4,1,0.1
auchan,Danone Jogurt z świeżymi śliwkami ze szczepem bakterii ActiRegularis,Jogurty,100,87,3.7,11.2,2.9,https://world.openfoodfacts.org/product/5900643010631,0.5,10.7,1.9,0.14
auchan,FigAnd Kefir owoce leśne 0% tłuszczu 400 g,Jogurty,100,66,3.4,13,0,https://world.openfoodfacts.org/product/5906519001468,,13,0,0.1
auchan,Jana Kefir brzoskwiniowy 375 g,Jogurty,100,68,3,11,1.3,https://world.openfoodfacts.org/product/5902476001442,,11,0.7,0.1
auchan,Joguś Jogurt śliwka z owocami goji do picia 350 g,Jogurty,100,70,2.8,10.6,1.8,https://world.openfoodfacts.org/product/5902057004916,,10,0.8,0.08
auchan,Lato Pełne Słońca Jogurt ekologiczny z jagodami 200 g,Jogurty,200,196,7.8,27.4,6.2,https://world.openfoodfacts.org/product/4770265212734,,25,4,0.2
auchan,Maluta Jogurt Bałkański 340 g,Jogurty,100,118,4.2,5,9,https://world.openfoodfacts.org/product/5904467109243,,5,6.4,0.15
auchan,Milko Cranberry drinking jogurt 330 ml,Jogurty,100,84,3.4,13,2,https://world.openfoodfacts.org/product/5900820017484,,13,1.3,0.1
auchan,Milko Jogurt malina z granatem 330 ml,Jogurty,100,85,3.2,13.5,2,https://world.openfoodfacts.org/product/5900820019662,,13.5,1.3,0.1
auchan,Milko Jogurt naturalny 330 ml,Jogurty,100,50,3.4,4.6,2,https://world.openfoodfacts.org/product/5900820017453,,4.6,1.3,0.1
auchan,Mleko fermentowane z L. casei Danone oraz witaminami B6 i D. Actimel o smaku papaja-miód-mięta.,Jogurty,100,71,2.8,10.7,1.5,https://world.openfoodfacts.org/product/5900643041215,,10.5,1,0.1
auchan,Mlekpol Jogurt Augustowski 0% tłuszczu 350 g,Jogurty,100,69,3.2,14,0,https://world.openfoodfacts.org/product/5900820008925,,14,0,0.15
auchan,Pewni Dobrego Jogurt Naturalny 330 g,Jogurty,100,58,4,4.8,2.5,https://world.openfoodfacts.org/product/5904215145271,,4.8,1.7,0.13
auchan,"Piątnica Jogurt typu greckiego z brzoskwinią i marakują 2,4% tłuszczu 150 g",Jogurty,150,141,10.5,16.5,3.6,https://world.openfoodfacts.org/product/5900531003608,,15,2.55,0.12
auchan,Piątnica Piątuś jagodowy jogurt kremowy 125 g,Jogurty,125,108,8.75,11.88,3,https://world.openfoodfacts.org/product/5900531004315,0.75,11.88,2.12,0.1
auchan,Piątnica Piątuś waniliowy 125 g,Jogurty,125,151,8.12,13.75,7,https://world.openfoodfacts.org/product/5900531003639,0.62,13.75,4.75,0.1
auchan,Auchan Collection Kiełbasa bamberska 80 g,Kiełbasy i parówki,80,134,22.08,1.6,4.24,https://world.openfoodfacts.org/product/5904215159087,,0.56,1.28,2.08
auchan,Auchan Kielbasa Biala Surowa Czosnkowa,Kiełbasy i parówki,100,214,17,0,16,https://world.openfoodfacts.org/product/2204173002559,,,6.4,2.16
auchan,Auchan Kiełbasa żywiecka 100g,Kiełbasy i parówki,100,160,19,0.7,9,https://world.openfoodfacts.org/product/5904215128427,,0.7,3.1,2.4
auchan,Auchan Parówki z fileta kurczaka 500g,Kiełbasy i parówki,100,126,15,2,6.5,https://world.openfoodfacts.org/product/5904215135067,,0.5,2.1,2
auchan,Auchan Parówki z fileta z indyka 180g,Kiełbasy i parówki,180,382,28.8,1.8,28.8,https://world.openfoodfacts.org/product/5904215167600,,0.9,7.02,3.42
auchan,Auchan Parówki z Tofu,Kiełbasy i parówki,100,221,12,5,17,https://world.openfoodfacts.org/product/5904215145769,,0.5,1.4,
auchan,Berlinki chilli 250 g,Kiełbasy i parówki,250,628,32.5,5.5,52.5,https://world.openfoodfacts.org/product/5900567020747,,2.25,18.5,7.5
auchan,Berlinki pepperoni 250 g,Kiełbasy i parówki,250,625,32.5,5.25,52.5,https://world.openfoodfacts.org/product/5900567020761,,2,18.5,7.5
auchan,Berlinki Z Serem 250 g,Kiełbasy i parówki,250,578,30,7.25,47.5,https://world.openfoodfacts.org/product/5900567001517,,2.75,17.75,6.14
auchan,Krakus Kiełbasa myśliwska sucha 1150 g,Kiełbasy i parówki,100,278,24,0.5,20,https://world.openfoodfacts.org/product/2230308011509,,0.5,8,3.3
auchan,Olewnik Kabanos & stixy 100 g,Kiełbasy i parówki,100,443,26,6.7,34,https://world.openfoodfacts.org/product/5906245780941,,3.4,14,3.5
auchan,Olewnik Kiełbasa śląska 7580 g,Kiełbasy i parówki,100,265,9.5,4.3,23,https://world.openfoodfacts.org/product/2238271007581,,0.7,8.5,1.9
auchan,Olewnik Żywiecka kiełbasa sucha z szynki. 90 g,Kiełbasy i parówki,90,168,24.3,0.54,7.65,https://world.openfoodfacts.org/product/5906245779693,,0.45,3.06,2.25
auchan,Pamapol White sausage 280 g,Kiełbasy i parówki,100,276,0.5,2,25,https://world.openfoodfacts.org/product/5901874904928,0.5,0.5,8.7,12
auchan,Tarczyński Kabanos wieprzowy extra 284 g,Kiełbasy i parówki,100,502,24,1.9,44,https://world.openfoodfacts.org/product/2216959002844,,1.8,18,3.1
auchan,Tarczyński Krakowska sucha 260 g,Kiełbasy i parówki,100,164,24,1.1,6.9,https://world.openfoodfacts.org/product/5908230514906,,1,1.8,7.75
auchan,Auchan Kiszone ogórki 500g,Konserwy,100,9,0.6,0.8,0.1,https://world.openfoodfacts.org/product/5904215136378,1.4,0.1,0.1,1.5
auchan,Auchan Kukurydza super słodka 340 g,Konserwy,100,89,2.9,12,2.4,https://world.openfoodfacts.org/product/5904215141327,3.8,4.9,0.5,0.43
auchan,Auchan Oliwki zielone drylowane 150 g,Konserwy,150,218,1.35,0,22.5,https://world.openfoodfacts.org/product/5904215143642,4.2,0,3,6
auchan,Auchan Zielone oliwki bez pestek w zalewie. 250 g,Konserwy,250,372,4,0,36.5,https://world.openfoodfacts.org/product/8005476021407,,0,6,5
auchan,Dawtona Koncentrat pomidorowy 30% 200g,Konserwy,200,200,6.67,40,0,https://world.openfoodfacts.org/product/5901713000071,6.67,33.33,0,0.83
auchan,Pudliszki Pomidory krojone z oliwą z oliwek i czosnkiem 390 g,Konserwy,100,48,1.3,5.9,1.9,https://world.openfoodfacts.org/product/5900783005962,,5.9,0.3,
auchan,Grycan Lody truskawkowe 620 g,Lody,100,231,3.6,26.3,12.1,https://world.openfoodfacts.org/product/5907439112067,0.7,23.2,7.7,0.13
auchan,Grycan Lody waniliowe 620 g,Lody,100,261,4.5,26.1,15.3,https://world.openfoodfacts.org/product/5907439112043,0.3,23.2,9.8,0.16
auchan,Auchan makaron jajeczny krajanka 250 g,Makaron,250,942,35,180,8.25,https://world.openfoodfacts.org/product/5904215133896,4.5,5,2.5,0.23
auchan,Auchan Makaron pióra kukurydziany,Makaron,100,338,5.3,76,0.9,https://world.openfoodfacts.org/product/5904215160991,3,0.8,0.2,0.05
auchan,Auchan Makaron Spaghetti 400 g,Makaron,100,352,11,73,1.1,https://world.openfoodfacts.org/product/5904215118589,,3.5,0.5,0.01
auchan,Auchan Makaron Spaghetti Pełnozoarnisty,Makaron,100,340,15,61,2.2,https://world.openfoodfacts.org/product/5904215155676,,3.7,0.5,0.01
auchan,Auchan Makaron świderki 1 kg,Makaron,100,369,11,78,1.6,https://world.openfoodfacts.org/product/5904215115540,2.4,0.5,0.3,0
auchan,Makarony Polskie SA Makaron falbanki 400 g,Makaron,100,352,11,73,1.1,https://world.openfoodfacts.org/product/5904215110064,,3.5,0.5,0.01
auchan,Melissa Makaron z semoliny z pszenicy durum 500 g,Makaron,100,354,12,72.1,1.5,https://world.openfoodfacts.org/product/5201193180769,,3.8,0.3,0.03
auchan,Podravka Makaron z pszenicy twardej durum 500 g,Makaron,100,354,13,70,1.7,https://world.openfoodfacts.org/product/3856020223083,3.5,2.8,0.3,0.01
auchan,Auchan Masło ekstra 200 g,Masło,200,1506,1.4,1.4,166,https://world.openfoodfacts.org/product/5904215142010,,1.2,110,0.04
auchan,Auchan Masło ekstra bez laktozy 200 g,Masło,200,1506,1.4,1.4,166,https://world.openfoodfacts.org/product/5904215136040,,1.2,110,0
auchan,Auchan Masło ekstra z tradycyjnej masielnicy 200 g,Masło,200,1488,1.4,1.4,164,https://world.openfoodfacts.org/product/5904215144120,,1.4,98,0.04
auchan,Auchan Masło klarowane,Masło,100,898,0.1,0.1,99.8,https://world.openfoodfacts.org/product/5904215150060,,0.1,65,
auchan,Jana Baranek z masła wielkopolskiego 80 g,Masło,80,594,0.4,0.56,65.6,https://world.openfoodfacts.org/product/5902476000810,,0.56,47.2,0.02
auchan,Kujawska Spółdzielnia Mleczarska Masło ekstra z Kujaw i ziemi dobrzyńskiej 300 g,Masło,100,753,0.7,0.7,83,https://world.openfoodfacts.org/product/5904215142041,,0.7,55,0.02
auchan,Lumiko Masło o zawartości trzech czwartych tłuszczu. 200 g,Masło,200,1098,2.2,2.2,120,https://world.openfoodfacts.org/product/5907616900050,,2.2,80,0
auchan,Masło łosickie dla dzieci 200 g,Masło,200,1488,1.6,1.2,164,https://world.openfoodfacts.org/product/5903337007375,1,1,116,0.2
auchan,Mleczarnia Ekołukta Ekologiczne masło ekstra 82% 125 g,Masło,125,930,1.25,0.75,102.5,https://world.openfoodfacts.org/product/5904215167877,,0.75,67.5,0.06
auchan,Mlekovita Masło ekstraekologiczne BIO 200 g,Masło,200,1492,2,2,164,https://world.openfoodfacts.org/product/5900512984049,,2,108,0.04
auchan,Mlekpol Masło ekstra 83% 200 g,Masło,200,1506,1.2,1.6,166,https://world.openfoodfacts.org/product/5900820007737,,1.6,108,0
auchan,Polmlek Masło extra 200 g,Masło,200,1488,1.4,1.4,164,https://world.openfoodfacts.org/product/5906340696017,,1.4,110,0.4
auchan,Auchan Boczek dojrzewający wędzony 95g,Mięso,95,282,14.25,0.47,24.7,https://world.openfoodfacts.org/product/5904215151647,,0.47,10.45,2.75
auchan,Auchan Boczek surowy wędzony 95g,Mięso,95,238,12.35,2.28,19.95,https://world.openfoodfacts.org/product/5904215151678,,0.47,8.55,1.61
auchan,Masarnia Strzała Wołowina w sosie własnym 300 g,Mięso,100,189,15,0.6,14,https://world.openfoodfacts.org/product/5903111916411,0.1,0.3,6,2.1
auchan,Stoczek Kiełbasa z weka 300 g,Mięso,100,269,13,1,24,https://world.openfoodfacts.org/product/5901002006524,,0.5,9.1,2.4
auchan,Auchan Mleko 2% 1 l,Mleko,100,49,3.2,4.6,2,https://world.openfoodfacts.org/product/5904215131212,,4.6,1.1,0.11
auchan,"Auchan Mleko UHT 0,5%",Mleko,100,35,3,4.6,0.5,https://world.openfoodfacts.org/product/5904215131434,,4.6,0.3,0.1
auchan,Auchan Mleko UHT 1.5% 1 L,Mleko,100,44,3,4.7,0.9,https://world.openfoodfacts.org/product/5904215168782,,4.7,0.9,0.1
auchan,Auchan Mleko UHT 1.5% tłuszczu 1 l,Mleko,100,44,3,4.7,1.5,https://world.openfoodfacts.org/product/5904215131441,,4.7,1,0.1
auchan,Auchan Mleko UHT 3.2%,Mleko,100,60,3,4.7,3.2,https://world.openfoodfacts.org/product/5904215180272,,4.7,1.9,0.1
auchan,"Auchan Mleko świeże 3,2 %, mikrofiltrowane 1 l",Mleko,100,60,3.2,4.7,3.2,https://world.openfoodfacts.org/product/5904215132028,,4.7,2,0.1
auchan,"Gostyńskie Mleko zagęszczone niesłodzone 7,5% tłuszczu 500 g",Mleko,100,131,6.6,9.4,7.5,https://world.openfoodfacts.org/product/5900691031220,,9.4,5.3,0.3
auchan,"SM Gostyń Mleko zagęszczone, niesłodzone 7,5% 1 kg",Mleko,100,131,6.6,9.4,7.5,https://world.openfoodfacts.org/product/5900691031053,,9.4,5.3,0.3
auchan,"Zambrowskie Mleko 3,2% 1 l",Mleko,100,60,3.2,4.7,3.2,https://world.openfoodfacts.org/product/5900820010218,,4.7,2,0.1
auchan,Auchan Borówka Amerykańska Mrożona,Mrożonki,100,48,0.8,9.8,0,https://world.openfoodfacts.org/product/5904215174394,,9.8,,0
auchan,Auchan Truskawki mrozone,Mrożonki,100,37,0.7,7,0.5,https://world.openfoodfacts.org/product/5904215140955,,5.8,0.1,0.01
auchan,Hortex Bukiet warzyw kwiatowy 450 g,Mrożonki,100,28,1.9,3.1,0.5,https://world.openfoodfacts.org/product/5900477000754,,2.9,0.1,0.08
auchan,Hortex Warzywa na patelnie 450 g,Mrożonki,100,57,2,8.6,1.1,https://world.openfoodfacts.org/product/5900477000839,2.4,2.2,0.2,0.39
auchan,Hortex Warzywa na patelnię ze szpinakiem 450 g,Mrożonki,100,54,2,7.6,1.1,https://world.openfoodfacts.org/product/5900477014027,2.5,2.4,0.2,0.57
auchan,Auchan Mąka orkiszowa jasna TYP 650 1kg,Mąka,100,327,11,64,1.6,https://world.openfoodfacts.org/product/5904215186359,6.5,2.5,0.4,0.01
auchan,Activia yaourt à boire myrtille 300 g,Napoje,100,60,2.9,10,0.9,https://world.openfoodfacts.org/product/5900643025178,0.2,0.2,0.5,0.1
auchan,Auchan Cola zero 2 l,Napoje,100,0,0,0,0,https://world.openfoodfacts.org/product/5904215126713,,0,0,0.02
auchan,Auchan Kefir naturalny 250 g,Napoje,250,128,6.75,16.75,3.75,https://world.openfoodfacts.org/product/5904215140252,,16.75,2.25,0.25
auchan,Auchan KEFIR NATURALNY BEZ LAKTOZY 400 g,Napoje,100,45,3.4,4.6,1.5,https://world.openfoodfacts.org/product/5904215176961,,4.6,1,0.1
auchan,Auchan Kefir Naturalny Wysokobialkowy,Napoje,100,56,4.8,4.7,2,https://world.openfoodfacts.org/product/0940221179577,,4.2,1.1,0
auchan,Auchan Napój wieloowocowy mango,Napoje,100,36,0.5,8.6,0.5,https://world.openfoodfacts.org/product/5904215155515,,8.6,0.1,0.1
auchan,Auchan Rik&Rok Napój kakaowy Instant 300 g,Napoje,100,367,4.5,78,2.5,https://world.openfoodfacts.org/product/5904215134855,,75,1.4,0.41
auchan,Bakalland Kawa zbożowa Kujawianka 500 g,Napoje,100,7,0.2,1.7,0.1,https://world.openfoodfacts.org/product/6900678014016,0.1,0.6,0.1,0.01
auchan,Bakoma Kefir Naturalny 390 g,Napoje,100,56,3.4,4.9,2.5,https://world.openfoodfacts.org/product/5900197011955,,4.9,1.5,0.11
auchan,BigPower classic 250 ml,Napoje,250,65,1.25,14,1.25,https://world.openfoodfacts.org/product/5905689303440,,14,0.25,0.45
auchan,Black Energy Gazowany napój energetyzujący o smaku kawowym z witaminami 250 ml,Napoje,250,120,0,28.75,0,https://world.openfoodfacts.org/product/5900552066958,,28.75,0,0.35
auchan,Coca-Cola Cherry 1 l,Napoje,100,43,0,10.7,0,https://world.openfoodfacts.org/product/5449000275509,0,10.7,0,0
auchan,Coca-Cola lime 330 ml,Napoje,100,43,0,10.6,0,https://world.openfoodfacts.org/product/5449000124449,0,10.6,0,0.05
auchan,Danone Actimel immune system,Napoje,100,76,2.8,12,1.5,https://world.openfoodfacts.org/product/5900643007129,,11.9,1,0.1
auchan,Danone Actimel klasyczny,Napoje,100,73,3,10.8,1.6,https://world.openfoodfacts.org/product/5900643005170,,10.8,1,0.1
auchan,Danone Actimel o smaku granat jagoda maca,Napoje,100,72,2.8,10.8,1.5,https://world.openfoodfacts.org/product/5900643037805,,10.4,1,0.1
auchan,Danone Actimel o smaku papaja-miód-propolis,Napoje,100,73,2.8,11.1,1.5,https://world.openfoodfacts.org/product/5900643039151,,11,1,0.1
auchan,Danone Actimel zmeură,Napoje,100,76,2.8,12,1.5,https://world.openfoodfacts.org/product/5900643037386,,11.9,1,0.11
auchan,Diamant Vogue Impression energy drink 250 ml,Napoje,250,118,0,27.5,0,https://world.openfoodfacts.org/product/5900687478077,0,27.5,0,0
auchan,Drinktech Napój energetyczny gazowany o smaku owocowym z aminokwasami 250 ml,Napoje,250,118,0.25,27,1.25,https://world.openfoodfacts.org/product/5901828013171,0.25,27,0.25,0.25
auchan,Hortex Nektar mandarynkowy 1 l,Napoje,100,44,0.3,10.8,0,https://world.openfoodfacts.org/product/5900500026744,,10.6,0,0
auchan,"Hortex Sok z jabłek, bananów i marchwi 1 l",Napoje,100,46,0.3,11,0,https://world.openfoodfacts.org/product/5900500028809,0.6,11,0,0.01
auchan,Inka honey 200 g,Napoje,200,750,0,150,0,https://world.openfoodfacts.org/product/5901154049219,0,50,0,0
auchan,Jana Kefir 375 g,Napoje,100,68,3,11,1.3,https://world.openfoodfacts.org/product/5902476010055,0.7,11,0.7,0.1
auchan,Krasnystaw Jogurt jagodowy do picia 350 g,Napoje,100,70,2.8,10.6,1.8,https://world.openfoodfacts.org/product/5902057003773,,10.1,0.8,0.05
auchan,Krasnystaw Jogurt truskawkowy do picia 350 g,Napoje,100,70,2.8,10.6,1.8,https://world.openfoodfacts.org/product/5902057003735,,10.1,0.8,0.05
auchan,Krasnystaw Jogurt waniliowy do picia 350 g,Napoje,100,70,2.8,10.6,1.8,https://world.openfoodfacts.org/product/5902057003742,,10.1,0.8,0.05
auchan,Maluta Ayran napój turecki 320 g,Napoje,100,34,2.1,3,1.5,https://world.openfoodfacts.org/product/5904467432501,,3,1.1,0.76
auchan,"Mazagrande Napój gazowany, bezalkoholowy z ekstraktem z kawy o smaku cytrynowym 250 ml",Napoje,250,68,0.25,16,0.25,https://world.openfoodfacts.org/product/4061445012153,0,15.5,0.25,0.25
auchan,Milko Acti Vege Carrot&Mango 330 ml,Napoje,100,137,5,20,3.1,https://world.openfoodfacts.org/product/5900820019365,3,20,2,0.17
auchan,Milko Yogurt 330 ml,Napoje,100,83,3,12,1.9,https://world.openfoodfacts.org/product/5900820019389,3,12,1.2,0.1
auchan,Mojito Gazowany napoj energetyzujący o smaku miętowo-cytrynowym 250 ml,Napoje,250,115,1.25,27.5,0,https://world.openfoodfacts.org/product/5905689308636,,27.5,0,0.25
auchan,Müller Mullermilch Protein Vanilla 400 g,Napoje,100,80,7.7,5.2,2.5,https://world.openfoodfacts.org/product/4085800005130,2.7,3.5,1.6,0.11
auchan,Obolon Kwas chlebowy Bohatyrski 1 l,Napoje,100,31,0,7.8,0,https://world.openfoodfacts.org/product/4820000191227,,7.3,0,0.01
auchan,Oshee vitamin 250 ml,Napoje,250,5,0,0.25,0,https://world.openfoodfacts.org/product/5908260252168,,0,0,0
auchan,PEWNI DOBREGO Auchan KEFIR NATURALNY 1kg,Napoje,100,43,3.1,4.2,1.5,https://world.openfoodfacts.org/product/5904215158110,0,4.2,1,0.1
auchan,Pitbull Honney natural energy drink 250 ml,Napoje,250,90,0,22.5,0,https://world.openfoodfacts.org/product/5901828013386,0,22.5,0,0
auchan,Piątnica Skyr jogurt pitny 330 g,Napoje,100,78,6.5,9.5,1.5,https://world.openfoodfacts.org/product/5901939103082,,9,1.1,0.08
auchan,Tymbark Cranberry 1L,Napoje,100,47,0,12,0,https://world.openfoodfacts.org/product/5900334005519,,12,0,0
auchan,Zenek energy drink 250 ml,Napoje,250,115,1.25,27,1.25,https://world.openfoodfacts.org/product/5907694933001,1.25,27,0.25,0.38
auchan,Sante BIO napój migdałowy 1 l,Napoje roślinne,100,12,0.3,0.3,1,https://world.openfoodfacts.org/product/5900617035301,0.1,0.1,0.3,0.1
auchan,House of Asia Ocet ryżowy 150 ml,Ocet,150,63,0,9,0,https://world.openfoodfacts.org/product/5901752702523,,1.5,0,0
auchan,Auchan Dates,Orzechy i bakalie,100,298,2.5,67,0.5,https://world.openfoodfacts.org/product/8435177057991,8,63,0.1,0.01
auchan,Auchan Fasola biała konserwowa 240g,Orzechy i bakalie,240,226,15.12,28.8,1.44,https://world.openfoodfacts.org/product/5904215183471,18.72,0,0,0.79
auchan,Auchan Jagody goji suszone 150 g,Orzechy i bakalie,150,514,21,96,0.75,https://world.openfoodfacts.org/product/8435177058066,19.5,69,0.15,1.2
auchan,Auchan Orzechy nerkowca karmelizowane 100g,Orzechy i bakalie,100,501,8,63,23,https://world.openfoodfacts.org/product/8435177061929,5,53,,0.01
auchan,Auchan Płatki owsiane błyskawiczne 500g,Orzechy i bakalie,100,369,13,59,6.8,https://world.openfoodfacts.org/product/5904215180432,10,1,1.4,0.01
auchan,Auchan Ryż biały 1 kg,Orzechy i bakalie,100,349,7.9,77,1,https://world.openfoodfacts.org/product/5904215130628,,0,0.4,0
auchan,Auchan Ryż biały długi 4 x 100 g,Orzechy i bakalie,100,349,7.9,77,1,https://world.openfoodfacts.org/product/5904215135364,,0,0.4,0
auchan,Auchan Ryż brązowy 400 g,Orzechy i bakalie,100,351,8.7,71,2.9,https://world.openfoodfacts.org/product/5904215135562,,0.6,0.8,0
auchan,Auchan Żurawina suszona cięta 100 g,Orzechy i bakalie,100,353,0.5,84,0.5,https://world.openfoodfacts.org/product/5904215128861,,67,0,0.01
auchan,Bakalland Śliwki suszone bez pestek 400 g,Orzechy i bakalie,100,282,3.5,59.5,1.2,https://world.openfoodfacts.org/product/5900749024075,9.4,59.5,0.2,0.03
auchan,Bio Planet Amarantus 500 g,Orzechy i bakalie,100,369,14,59,7,https://world.openfoodfacts.org/product/5907814669087,7,2,1,0
auchan,Halina Kasza gryczana prażona,Orzechy i bakalie,100,347,13,65,2.6,https://world.openfoodfacts.org/product/5906936444435,6.7,1.2,0.5,0.02
auchan,makar bakalie Migdały 1kg,Orzechy i bakalie,100,604,20,7.6,52,https://world.openfoodfacts.org/product/5900775200627,,4.9,4.7,0.04
auchan,Makar Daktyle suszone 1 kg,Orzechy i bakalie,100,289,2,65,0.47,https://world.openfoodfacts.org/product/5900775200610,,65,0.1,0.09
auchan,Makar Mieszanka Fit Premium 1 kg,Orzechy i bakalie,100,423,12,48,19,https://world.openfoodfacts.org/product/5900775002450,,42,2.2,0.04
auchan,Makar Orzechy Brazylijskie 1 kg,Orzechy i bakalie,100,684,14,4.8,66,https://world.openfoodfacts.org/product/5900775200931,,2.3,15,0
auchan,Sonko Kasza Gryczana prażona 400 g,Orzechy i bakalie,100,353,12.4,65.1,3.2,https://world.openfoodfacts.org/product/5902180060100,7.3,1.1,0.6,0.01
auchan,Auchan Hummus klasyczny,Pasty i dipy,100,274,7.2,11,21,https://world.openfoodfacts.org/product/5904215138884,6,1.8,2.2,
auchan,Auchan Pasta szpinakowa z bakłażanem 190 g,Pasty i dipy,190,336,8.93,7.6,28.5,https://world.openfoodfacts.org/product/5904215149453,,7.22,2.66,3.04
auchan,Auchan Pasztet Drobiowy,Pasty i dipy,100,148,12,3,9.1,https://world.openfoodfacts.org/product/5904215164494,,2.1,2.9,1.08
auchan,Auchan Vegan topiony 80 g,Pasty i dipy,80,186,0.4,6.64,17.6,https://world.openfoodfacts.org/product/5904215163695,0.8,0.4,15.2,1.2
auchan,Chrzan Staropolski 190G. Motyl,Pasty i dipy,190,279,5.7,32.3,12.16,https://world.openfoodfacts.org/product/5903188000198,,17.1,0.95,1.79
auchan,House of Asia Tom Yum pasta 113,Pasty i dipy,100,278,3.7,36,12,https://world.openfoodfacts.org/product/5902898825114,,15,11,25.5
auchan,Lumiko Podlaskie do smarowania 200 g,Pasty i dipy,200,1148,1.8,1.8,126,https://world.openfoodfacts.org/product/5907616900630,,1.8,66,0.2
auchan,Mlekpol Mlemix Zambrowski mix tłuszczowy do smarowania 68% tłuszczu 200 g,Pasty i dipy,200,1244,2.2,2.8,136,https://world.openfoodfacts.org/product/5900820003234,,2.8,68,0
auchan,Motyl Chrzan Staropolski 290 g,Pasty i dipy,100,171,2.5,15,10,https://world.openfoodfacts.org/product/5903188000181,,8.3,0.8,0.95
auchan,Primavika Pycha Gryka 160 g,Pasty i dipy,160,301,3.2,12.32,25.6,https://world.openfoodfacts.org/product/5900672302455,2.24,1.44,1.92,1.76
auchan,"Rama do smażenia, klasyczna. 750 ml",Pasty i dipy,100,628,0,0.5,71,https://world.openfoodfacts.org/product/8719200065369,,0,7.1,1.3
auchan,Wege Siostry Smarowaniec z nerkowców klasyk 150 g,Pasty i dipy,150,446,14.85,24.6,34.8,https://world.openfoodfacts.org/product/5900779395060,5.1,4.8,6.3,1.95
auchan,Wege Siostry Toczony z nerkowców z kozieradką i suszonymi grzybami 150 g,Pasty i dipy,150,654,12.6,7.65,62.4,https://world.openfoodfacts.org/product/5900779395053,5.1,0.75,36.3,1.2
auchan,Auchan Bagietka francuska,Pieczywo pakowane,100,311,11,64,0.7,https://world.openfoodfacts.org/product/2000001096932,,4.9,0.2,1.6
auchan,Auchan Bagietka z masłem czosnkowym,Pieczywo pakowane,100,319,7.5,46,11,https://world.openfoodfacts.org/product/2000002182368,,2.1,6.8,1.5
auchan,Auchan Bułka grahamka,Pieczywo pakowane,100,295,11,56,1.7,https://world.openfoodfacts.org/product/2000001097489,,2.9,0.6,2.3
auchan,Auchan Bułka poznańska,Pieczywo pakowane,100,265,9.1,55,0.6,https://world.openfoodfacts.org/product/2000001097618,,4.1,0.1,1.7
auchan,Auchan Bułki do Hamburgerów 240g,Pieczywo pakowane,240,830,20.16,127.2,26.4,https://world.openfoodfacts.org/product/5904215137917,,17.52,3.84,2.4
auchan,Auchan Chleb razowy,Pieczywo pakowane,100,221,5.7,45,0.6,https://world.openfoodfacts.org/product/2000001599068,,0.7,0.1,0.55
auchan,Auchan Chleb z kiełkami żyta 500g,Pieczywo pakowane,100,232,9.9,42,1.2,https://world.openfoodfacts.org/product/2000007573482,,4.1,0.2,1.4
auchan,Auchan Chleb z kiełkami żyta 600 g,Pieczywo pakowane,100,229,9.9,42,1.2,https://world.openfoodfacts.org/product/2000004165772,,4.1,0.2,1.4
auchan,Auchan Tortilla - placki pszenne,Pieczywo pakowane,100,315,6.1,59,6.7,https://world.openfoodfacts.org/product/5904215136194,,2.3,2.4,0.73
auchan,Auchan Tortilla Pszenno-Żytnia 240 g,Pieczywo pakowane,240,624,20.16,98.4,10.8,https://world.openfoodfacts.org/product/5904215138587,,15.12,4.32,3.36
auchan,Auchan Tost Maślany,Pieczywo pakowane,100,259,8.6,50,3,https://world.openfoodfacts.org/product/5904215134244,2.1,2.9,1.7,1.18
auchan,Auchan Tost pełnoziarnisty 500 g,Pieczywo pakowane,100,239,8.2,43,2.5,https://world.openfoodfacts.org/product/5904215134251,,2.8,0.4,1.2
auchan,Auchan Tost pszenny 500 gram,Pieczywo pakowane,100,271,8.3,48,4.3,https://world.openfoodfacts.org/product/5904215144380,3.5,4.8,0.4,1.5
auchan,Carrefour Tortilla pszenna 250 g,Pieczywo pakowane,250,810,23.75,136,18,https://world.openfoodfacts.org/product/5905784344591,4.5,4.5,4.4,2.7
auchan,"Dijo Taco shells 158,4 g",Pieczywo pakowane,158.4,735,10.45,87.12,36.43,https://world.openfoodfacts.org/product/5900928080083,11.72,3.33,3.33,1.55
auchan,"Kamp Chleb przaśny, Podpłomyki 55 g",Pieczywo pakowane,55,224,6.82,44.33,2.37,https://world.openfoodfacts.org/product/5907487424457,1.04,1.32,0.61,0.28
auchan,Melvit Mieszanka do przygotowania chleba bez mąki z czarnuszką i orkiszem 600 g,Pieczywo pakowane,100,493,21,22,33,https://world.openfoodfacts.org/product/5906827015652,14,3.6,4.8,0.06
auchan,Mestemacher Chleb wielozbożowy żytni pełnoziarnisty 500g,Pieczywo pakowane,100,200,5.8,33,2.8,https://world.openfoodfacts.org/product/5900585000028,8.8,4.9,0.4,1.3
auchan,Mexilla Tortillas 360 g,Pieczywo pakowane,100,310,8.5,52,6.9,https://world.openfoodfacts.org/product/5902808787921,,4.5,3,1.3
auchan,Polskie Młyny Mieszanka do wypieku chleba pszenno-żytni. Chleb baltonowski 500 g,Pieczywo pakowane,100,339,11,65,2.9,https://world.openfoodfacts.org/product/5900766003190,4.7,1.2,0.5,2
auchan,Polskie Młyny Mieszanka do wypieku chleba pszenno-żytniego. Chleb pszenno-żytni z pestkami dyni. 500 g,Pieczywo pakowane,100,371,13,59,8,https://world.openfoodfacts.org/product/5900766003169,4.7,1.1,1.4,1.76
auchan,Polskie Młyny Mieszanka do wypieku chleba żytniego. Chleb żytni. 500 g,Pieczywo pakowane,100,339,12,63,3,https://world.openfoodfacts.org/product/5900766003176,5.9,2.1,0.5,1.8
auchan,Shulstad Classic Pszenny Hot Dog 180 g,Pieczywo pakowane,180,457,17.82,86.4,2.52,https://world.openfoodfacts.org/product/5902620000406,7.92,4.5,0.36,2.16
auchan,Auchan Gnocchi,Pierogi i kluski,100,201,5.2,42,0.8,https://world.openfoodfacts.org/product/5904215152408,2.2,1.5,0.2,0
auchan,Dr. Oetker Pizza Feliciana Classica Pollo Ricotta 335 g,Pizza,100,230,9,32,6.5,https://world.openfoodfacts.org/product/5900437010007,2,4.1,3.3,1.1
auchan,"Dr. Oetker Pizza z szynką i sosem pesto, głęboko mrożona. 360 g",Pizza,100,229,8.89,31.39,7.22,https://world.openfoodfacts.org/product/5900437007113,1.78,3.61,3.33,1.04
auchan,"Dr. Oetker Pizza z szynką, pieczarkami i salami, głęboko mrożona. 335 g",Pizza,100,238,9.6,33,7.3,https://world.openfoodfacts.org/product/5900437009988,,3.7,3.5,1.2
auchan,Iglotex Pizza z pieczarkami na podpieczonym spodzie. Produkt głęboko mrożony. 415 g,Pizza,100,195,7.6,28,5.3,https://world.openfoodfacts.org/product/5902162120716,,3.2,1.4,0.93
auchan,Auchan cao kido 450 g,Pozostałe,100,361,4.8,77,2.2,https://world.openfoodfacts.org/product/3245678049280,6.8,75,1.3,0.15
auchan,Auchan Lait Soja Vanille,Pozostałe,100,61,3.7,6.8,2,https://world.openfoodfacts.org/product/59091028,0.6,5.8,0.3,
auchan,Auchan Lepioszka z kruszonka,Pozostałe,100,322,9.1,58,5,https://world.openfoodfacts.org/product/2000002244349,,11,2.1,0.68
auchan,Auchan Mieszanka chińska,Pozostałe,100,24,1.3,2.9,0,https://world.openfoodfacts.org/product/5904215148043,,2.6,,0.03
auchan,Auchan Mieszanka Owoców morza Z Surimi,Pozostałe,100,37,5.17,2.33,0.72,https://world.openfoodfacts.org/product/5904215142430,,0.61,0.17,0.42
auchan,Auchan Mix cereale,Pozostałe,100,388,7.2,61,11,https://world.openfoodfacts.org/product/5904215142607,7.4,27,5.4,
auchan,Auchan Mix Sałat Z Lodową,Pozostałe,100,13,2,0.8,0.1,https://world.openfoodfacts.org/product/5904215140177,,0.5,0.1,0.04
auchan,Auchan Mąka Przenna Typ 850 1 kg,Pozostałe,100,341,13.5,70.2,1.7,https://world.openfoodfacts.org/product/5904215164999,4.5,0.5,0.3,0.01
auchan,Auchan Mąka pszenna tortowa typ 450,Pozostałe,100,343,11,71,1,https://world.openfoodfacts.org/product/5904215140627,,2.4,0.2,0.01
auchan,Auchan Olive Oil,Pozostałe,100,824,0,0,91.6,https://world.openfoodfacts.org/product/5904215150138,,0,,
auchan,Auchan Sledz Z Czarnuszka,Pozostałe,100,270,9.4,4.7,24,https://world.openfoodfacts.org/product/5904215138396,,4.7,,
auchan,Auchan Warzywa na patelnię z brokułami,Pozostałe,100,43,1.7,6,0.7,https://world.openfoodfacts.org/product/5904215124924,,0.7,0.3,0.02
auchan,Cenos Sorgo białe,Pozostałe,100,349,7.8,67,4.1,https://world.openfoodfacts.org/product/5900977010604,6.4,0.8,0.7,0.01
auchan,Cenos Sorgo czerwone,Pozostałe,100,347,9.7,65,3.8,https://world.openfoodfacts.org/product/5900977010628,6.2,0.5,0.7,0.01
auchan,DecoMorreno Kakao o obniżonej zawartości tłuszczu 150 g,Pozostałe,150,454,35.25,19.5,15.75,https://world.openfoodfacts.org/product/5900910005209,,0.75,9.6,0.09
auchan,Dr. Oetker Lukier Różowy Gotowy 100 g,Pozostałe,100,339,0,85,0,https://world.openfoodfacts.org/product/5900437113012,,77,0,0
auchan,Grana Kawa Inka Karmelowa 200 g,Pozostałe,200,730,5.4,168,0.4,https://world.openfoodfacts.org/product/5901154042746,17.6,68,0.4,0.28
auchan,Huzar Miód sztuczny 370 g,Pozostałe,100,332,0.5,83,0,https://world.openfoodfacts.org/product/5904215136750,,75,0,0
auchan,Krüger MixFix cao 375 g,Pozostałe,100,381,3.9,84,2.2,https://world.openfoodfacts.org/product/5901716985009,,81,1.1,0.01
auchan,Lemberg Kawior z dorsza 1 100,Pozostałe,100,97,20,1.9,0.8,https://world.openfoodfacts.org/product/4260051077772,,0.5,0.1,2.85
auchan,Melvit Pęczak-Bulgur-Soczewica 400g,Pozostałe,100,326,12,73,2,https://world.openfoodfacts.org/product/5906827015973,14,8,0,0.04
auchan,Polmarkus Drożdże Lwowskie 100 g,Pozostałe,100,116,11,12,0.3,https://world.openfoodfacts.org/product/5908243507339,,4.8,0,0.02
auchan,Sok pomidorowy z bazylią 330ml,Pozostałe,100,22,1,4.6,0,https://world.openfoodfacts.org/product/5904215140092,1,4.6,0,1
auchan,Wisła Sękacz toffi 32 g,Pozostałe,32,152,1.18,18.88,7.68,https://world.openfoodfacts.org/product/5905436797058,,16.32,3.84,0.06
auchan,Apollo Roślinny Qurczak Gyros 150 g,Produkty roślinne,150,374,39,7.65,19.5,https://world.openfoodfacts.org/product/5904624772334,6.9,7.5,1.65,2.25
auchan,Auchan Tofu naturalne 180 g,Produkty roślinne,180,225,21.6,4.14,13.5,https://world.openfoodfacts.org/product/5904215145738,,0.9,1.8,0.36
auchan,Auchan Vegan Plastry,Produkty roślinne,100,271,0.5,20,21,https://world.openfoodfacts.org/product/5904215163718,0.5,0.5,19,2.3
auchan,Auchan Vege plasterki w stylu salami 50 g,Produkty roślinne,50,69,2,4,5,https://world.openfoodfacts.org/product/5904215156888,1,2.25,0.4,1.4
auchan,BonaVita Granulat sojowy 150 g,Produkty roślinne,150,498,73.5,40.5,1.8,https://world.openfoodfacts.org/product/8594001560035,13.2,12.9,0.45,0.01
auchan,Bonavita Krajanka sojowa 80 g,Produkty roślinne,80,266,39.2,21.6,0.96,https://world.openfoodfacts.org/product/8594001560424,7.04,6.88,0.24,0.01
auchan,BVTCHER Bezrybny łosoś 100g,Produkty roślinne,100,55,1.07,13.62,0.21,https://world.openfoodfacts.org/product/5905186421234,2.88,0.5,0.07,2.78
auchan,I love vege Pasztet z koperkiem sojowy,Produkty roślinne,100,259,5.4,4.5,24,https://world.openfoodfacts.org/product/5900617001962,1.9,0.8,1.6,
auchan,Olewnik Kiełbaski ze szpinakiem 200g,Produkty roślinne,200,362,28,27.6,12,https://world.openfoodfacts.org/product/5906245781924,11.2,6.4,1.4,2.2
auchan,One Day More Roślinne kawałki o smaku tuńczyka 135 g,Produkty roślinne,135,320,28.62,8.51,18.36,https://world.openfoodfacts.org/product/5905108801793,3.38,0.54,1.75,2.97
auchan,One Day More Roślinne sojowe kiełbaski 175 g,Produkty roślinne,175,404,19.07,21,24.5,https://world.openfoodfacts.org/product/5905108800352,13.47,3.85,1.93,2.8
auchan,Primavika RoślinnieMi kawałki a'la kurczak 160 g,Produkty roślinne,160,227,20.8,8.8,12.16,https://world.openfoodfacts.org/product/5900672302561,0,0,0.96,3.36
auchan,Tarczyński Rośl-inne Kabanosy 3 Ziarna 90 g,Produkty roślinne,90,374,18.9,15.3,26.1,https://world.openfoodfacts.org/product/5908230530753,6.21,7.74,6.48,2.25
auchan,Vivera Roślinny burger 150 g,Produkty roślinne,150,266,25.5,6,13.5,https://world.openfoodfacts.org/product/8718300882548,8.25,1.5,6,2.1
auchan,Auchan Choco shells 250 g,Płatki i musli,250,945,22.25,188.25,7.75,https://world.openfoodfacts.org/product/5904215142577,17,63,3.25,0.65
auchan,Auchan Płatki ryżowe błyskawiczne 250 g,Płatki i musli,250,902,16.25,190,7.5,https://world.openfoodfacts.org/product/5904215170815,5.5,1.25,3.25,0.03
auchan,Chaber Jaśki z kremem o smaku mlecznym 150 g,Płatki i musli,150,612,12.45,102,15,https://world.openfoodfacts.org/product/5900154000541,6.45,43.5,4.2,0.15
auchan,Nestlé Lion WildCrush 350 g,Płatki i musli,100,433,5.33,65,15.33,https://world.openfoodfacts.org/product/5900020032195,5,24.67,2.33,0.85
auchan,Auchan Filet z pstrąga wędzonego na gorąco z pieprzem 125 g,Ryby,125,172,26.25,0.5,7.38,https://world.openfoodfacts.org/product/5904215138518,,0.38,1.62,2.5
auchan,Auchan Paprykarz Szczeciński z łososiem. 300 g,Ryby,100,143,6.2,8.7,8.8,https://world.openfoodfacts.org/product/5904215141884,2,2.4,1.3,1.4
auchan,Auchan Płaty śledziowe marynowane 400 g,Ryby,100,181,13,3,13,https://world.openfoodfacts.org/product/5904215128328,,2.5,2,2.6
auchan,Auchan Tuńczyk w kawałkach w sosie własnym,Ryby,100,116,27,0,0.9,https://world.openfoodfacts.org/product/5904215169314,,0,0.2,1
auchan,Auchan Łosoś w sosie pomidorowym 150 g,Ryby,150,214,15.9,8.55,12.75,https://world.openfoodfacts.org/product/5904215137375,,7.65,1.8,1.5
auchan,Graal Filety z makreli w sosie pomidorowym z suszonymi pomidorami. 120 g,Ryby,120,324,14.4,7.2,26.4,https://world.openfoodfacts.org/product/5903895635119,,6.48,6,0.9
auchan,Graal Filety śledziowe w sosie pomidorowym 170 g,Ryby,170,250,15.81,9.86,16.32,https://world.openfoodfacts.org/product/5904215139652,,8.33,3.4,2.21
auchan,Graal Filety że śledzia w oleju 170 g,Ryby,170,604,17,0,59.5,https://world.openfoodfacts.org/product/5903895010220,,0,6.63,1.24
auchan,Graal Makrela w sosie pomidorowym 170 g,Ryby,170,311,17,10.71,22.1,https://world.openfoodfacts.org/product/5903895630541,,9.01,4.76,2.21
auchan,Graal Paprykarz Szczeciński z łososiem. 330 g,Ryby,100,138,6.5,6.5,9.2,https://world.openfoodfacts.org/product/5903895010299,,0,1.7,1.9
auchan,Graal Sałatka z makrelą pikantna 300 g,Ryby,100,134,8.4,7.1,7.4,https://world.openfoodfacts.org/product/5903895011234,,6.6,1.6,1.45
auchan,Graal Szczeciński paprykarz z łososiem 165 g,Ryby,165,228,10.72,10.72,15.18,https://world.openfoodfacts.org/product/5903895010275,,0,2.81,3.13
auchan,Graal Szprot w pikantnym sosie pomidorowym. 170 g,Ryby,170,350,23.8,9.18,23.8,https://world.openfoodfacts.org/product/5903895632996,,9.18,5.78,2.04
auchan,Jantar Szprot wędzony na gorąco 125 g,Ryby,125,286,23.75,0.25,21.25,https://world.openfoodfacts.org/product/5906395035717,,0.25,5.88,2.5
auchan,King Oscar Filety z makreli w sosie pomidorowym z papryką.,Ryby,85,193,10.2,5.18,14.45,https://world.openfoodfacts.org/product/5901489124087,,4.08,2.98,1.02
auchan,Komersmag Filety śledziowe panierowane i smażone w zalewie octowej.,Ryby,100,212,10,4.1,17,https://world.openfoodfacts.org/product/5904468000228,,0.2,3.4,0.8
auchan,Kong Oskar Tuńczyk w kawałkach w oleju roślinnym,Ryby,120,294,27.6,0,20.4,https://world.openfoodfacts.org/product/5901489215273,,0,3.6,1.2
auchan,Lisner Śledź Atlantycki Bismarck płaty śledziowe,Ryby,230,356,25.76,11.04,23,https://world.openfoodfacts.org/product/5900344102444,,11.04,4.6,7.59
auchan,Mega ryba Śledź w sosie pomidorowym. 170 g,Ryby,170,228,17,9.52,13.43,https://world.openfoodfacts.org/product/5903895080025,,3.23,3.74,1.87
auchan,MegaRyba Szprot w sosie pomidorowym 170 g,Ryby,170,216,18.7,9.35,11.56,https://world.openfoodfacts.org/product/5903895080018,,9.35,2.89,2.04
auchan,Skarby Sopotu Szprot w sosie pomidorowym. 175 g,Ryby,175,247,22.75,6.83,14,https://world.openfoodfacts.org/product/5901069004853,,6.47,2.62,2.27
auchan,Łosoś Ustka Filety z makreli w sosie pomidorowym. 175 g,Ryby,175,318,22.27,9.55,22.27,https://world.openfoodfacts.org/product/5901069000817,0,9.55,12.73,0.4
auchan,Łosoś Ustka Szprot w sosie pomidorowym 175 g,Ryby,175,229,21,7.88,12.6,https://world.openfoodfacts.org/product/5901069000756,,6.3,3.33,1.93
auchan,Łosoś Ustka Śledź w sosie pomidorowym 175 g,Ryby,175,228,22.75,8.92,11.2,https://world.openfoodfacts.org/product/5901069001012,,7.88,2.8,1.52
auchan,Auchan Kasza gryczana biała,Ryż i kasze,100,342,13,62,3.2,https://world.openfoodfacts.org/product/5904215139904,6.5,1.2,0.8,0
auchan,Auchan Kasza gryczana prażona,Ryż i kasze,100,355,14,64,3.6,https://world.openfoodfacts.org/product/5904215135715,,1,0.7,0
auchan,Auchan Kasza manna 500 g,Ryż i kasze,100,348,8.7,74,1.3,https://world.openfoodfacts.org/product/5904215135760,,0,0.2,0
auchan,Sonko Kasza owsiana prażona pęczak 450g,Ryż i kasze,100,379,12.9,60.3,7.6,https://world.openfoodfacts.org/product/5902180580103,8.8,1.1,,0.01
auchan,Dominik Surówka selerowa 300 g,Sałatki,100,124,1,11.8,7.1,https://world.openfoodfacts.org/product/5907464904873,4.4,10.5,0.5,0.3
auchan,Dominik Surówka ukraińska 300 g,Sałatki,100,136,1.4,11.9,8.4,https://world.openfoodfacts.org/product/5907464904880,3.6,10.6,0.6,1.2
auchan,Almette z chrzanem 150 g,Sery,150,375,10.2,6,34.5,https://world.openfoodfacts.org/product/5902899104652,0,5.1,24,1.49
auchan,Almette z pomidorami 15 gram,Sery,15,35,1.09,0.66,3.15,https://world.openfoodfacts.org/product/5902899127187,,0.65,2.25,0.09
auchan,Auchan Camembert naturally 120 g,Sery,120,346,21.6,0.6,28.8,https://world.openfoodfacts.org/product/5904215120971,,0.6,20.4,2.04
auchan,Auchan Cheddar Red Irlandzki 150 g,Sery,150,585,39,0,48,https://world.openfoodfacts.org/product/5904215141167,,0,30,2.85
auchan,Auchan Hollande Geitenkaas Chog Holenderski ser kozi 100g,Sery,100,367,22,0,31,https://world.openfoodfacts.org/product/5904215141143,0,0,21,1.8
auchan,Auchan Mozarella bez laktozy 125 g,Sery,125,281,21.25,1.25,21.25,https://world.openfoodfacts.org/product/5904215138785,,1.25,15,0.74
auchan,Auchan Ser Gouda 150 g,Sery,150,495,40.5,0,36,https://world.openfoodfacts.org/product/5904215133537,,0,19.5,1.95
auchan,Auchan Ser kozi twarogowy,Sery,100,273,14.9,2,22.6,https://world.openfoodfacts.org/product/2242835001335,,2,14.7,1
auchan,Auchan Ser Maasdam,Sery,100,348,25,0,27,https://world.openfoodfacts.org/product/5904215163510,,0,19,1.08
auchan,Auchan Ser owczy 100 g,Sery,100,367,21,1,31,https://world.openfoodfacts.org/product/5904215141150,,0.5,22,1.5
auchan,Auchan SER TOPIONY CHEDDAR 130,Sery,100,269,15,7.3,20,https://world.openfoodfacts.org/product/5904215179351,,7.3,13,
auchan,Auchan Ser włoszczowski,Sery,100,338,25,1.1,26,https://world.openfoodfacts.org/product/2228326001442,,0,18,1.5
auchan,Auchan Ser z niebieską pleśnią 100 g,Sery,100,349,21,2,29,https://world.openfoodfacts.org/product/5904215141648,,0,20,3
auchan,"Auchan Serek z pomidorami, bazylią i czosnkiem 135 g",Sery,135,230,8.1,5.4,18.9,https://world.openfoodfacts.org/product/5904215156703,2.7,5.4,12.15,0.94
auchan,Auchan Twaróg z kujaw i ziemy,Sery,100,171,18,3.5,9,https://world.openfoodfacts.org/product/5904215139911,,,,
auchan,"Euroser Holenderski ser kozi półtwardy ser podpuszczkowy z mleka koziego, w plastrach. 100 g",Sery,100,384,23,0,31,https://world.openfoodfacts.org/product/5902431271415,,0,21,1.7
auchan,Gouda Mlekovita 150g,Sery,150,501,37.5,0,39,https://world.openfoodfacts.org/product/5900512110585,,0,25.5,2.25
auchan,Jana Twaróg śmietankowy średzki extra 250 g,Sery,250,542,32.5,7.5,42.5,https://world.openfoodfacts.org/product/5902476001497,,7.5,27.5,0.25
auchan,Kabako Milk Twaróg półtłusty z Opola lubelskiego 250 g,Sery,250,290,45,10,10,https://world.openfoodfacts.org/product/5900168530041,,10,7,0.25
auchan,"Lactima Haga, serek twarogowy śmietankowy 100 g",Sery,100,282,8,4,26,https://world.openfoodfacts.org/product/5901126013613,,3.9,24,1
auchan,Mlekovita Ser Mozzarella 150 g,Sery,150,438,37.5,4.65,30,https://world.openfoodfacts.org/product/5900512990064,,2.25,19.5,2.25
auchan,MLEKOVITA Serek Wiejski BEZ LAKTOZY 180 g,Sery,180,175,19.8,3.6,9,https://world.openfoodfacts.org/product/5900512980966,,3.6,5.94,1.26
auchan,Mlekpol Serek truskawkowy 200 g,Sery,200,256,13,26,11,https://world.openfoodfacts.org/product/5901630000574,,22,7.2,0.2
auchan,Mlekpol Łaciaty z czosnkiem 135 g,Sery,135,338,7.83,6.62,31.05,https://world.openfoodfacts.org/product/5900820011499,,5.13,21.6,0.94
auchan,OSM Garwolin Serek truskawkowy 200 g,Sery,200,276,16,26,12,https://world.openfoodfacts.org/product/5901957000813,,24,8,0.12
auchan,PIĄTNICA SEREK WIEJSKI 200 g,Sery,200,194,22,4,10,https://world.openfoodfacts.org/product/5900531000010,0,3,7,1.38
auchan,Ryki Rycki Maasdam 135 g,Sery,135,479,35.1,2.7,36.45,https://world.openfoodfacts.org/product/5902208000842,,0,24.3,1.49
auchan,Ryki Ser Rycki Edam Light 135 g,Sery,135,343,43.2,3.1,17.55,https://world.openfoodfacts.org/product/5902208000835,,,12.42,2.02
auchan,Ryki Ser Rycki Edam wędzony 135 g,Sery,135,479,35.1,2.7,36.45,https://world.openfoodfacts.org/product/5902208000828,,2.7,24.3,1.49
auchan,Ser lazur blękitny,Sery,100,366,20,1.8,31,https://world.openfoodfacts.org/product/2201255001141,,0,21,2.5
auchan,SEREK ŚMIETANKOWY 135,Sery,100,170,6,4,14,https://world.openfoodfacts.org/product/5904215156710,2,4,9,0.6
auchan,Spomlek Ser dojrzewający Złoty Radamer 135 g,Sery,135,463,35.1,1.75,35.1,https://world.openfoodfacts.org/product/5900857008868,,0,24.3,1.62
auchan,Spółdzielnia Mleczarska Włoszczowa Ser Włoszczowski plastrowany typu Szwajcarskiego 150 g,Sery,150,507,37.5,1.65,39,https://world.openfoodfacts.org/product/5901005000512,,0,27,
auchan,Spółdzielnia Mleczarska Włoszczowa Ser żółty Rajski 150 g,Sery,150,507,37.5,1.65,39,https://world.openfoodfacts.org/product/5901005003650,,0,27,2.25
auchan,temar ser harceński wianuszki 200g,Sery,200,232,56,0.6,0.6,https://world.openfoodfacts.org/product/4051900006858,0,0.2,0.4,0.02
auchan,wielun twarożek &quot;Mój ulubiony&quot; 200 g,Sery,200,546,12,7.4,52,https://world.openfoodfacts.org/product/5904903000677,,7.4,36,0.48
auchan,Auchan Nektar bananowy 1 l,Soki,100,45,0.5,10,0.5,https://world.openfoodfacts.org/product/5904215138747,,10,0,0.02
auchan,Auchan Sok ananasowy 1 l,Soki,100,47,0.5,10.6,0,https://world.openfoodfacts.org/product/8005476009689,0.6,10.6,0,0
auchan,Auchan Sok grejpfrutowy 1 l,Soki,100,33,0.6,6.5,0,https://world.openfoodfacts.org/product/8005476009672,0.5,6.5,0,0
auchan,Auchan Sok pomidorowy 1 l,Soki,100,41,0.7,9.2,0.5,https://world.openfoodfacts.org/product/5904215135265,,9,0,0.02
auchan,"Costa Multiwitamina, napój wieloowocowo-marchwiowy 2 l",Soki,100,15,0,3.3,0,https://world.openfoodfacts.org/product/5900500020346,,3.3,0,0.02
auchan,Dawtona Pomidor sok 100% 1 l,Soki,100,19,1,3.1,0,https://world.openfoodfacts.org/product/5901713014399,1.2,3.1,0,0.39
auchan,Dolina Czerska Tłoczony sok jabłkowo-wiśniowy 3 l,Soki,100,44,0,10,0,https://world.openfoodfacts.org/product/5905669174053,0,10,0,0
auchan,Fortuna Sok 100% pomidor 1 l,Soki,100,18,0.8,2.7,0.5,https://world.openfoodfacts.org/product/5900059010317,,2.7,0.1,0.7
auchan,Fortuna Sok 100% pomidor pikantny 1 l,Soki,100,17,0.8,2.4,0.5,https://world.openfoodfacts.org/product/5900059700843,,2.4,0.1,0.7
auchan,Fortuna Sok 100% pomidorowo-warzywny 1 l,Soki,100,20,1,3,0.5,https://world.openfoodfacts.org/product/5900059022419,,3,0.1,1
auchan,Fortuna Sok marchew karotka 1 l,Soki,100,33,0.5,8.3,0.5,https://world.openfoodfacts.org/product/5901886025451,,8.3,0.1,0.09
auchan,Hortex Nektar wieloowocowy 1 l,Soki,100,44,0.1,10.9,0,https://world.openfoodfacts.org/product/5900500027895,,10.6,0,0
auchan,Hortex Sok jabłkowy 1 l,Soki,100,44,0.2,10.7,0,https://world.openfoodfacts.org/product/5900500024337,,10.3,0,0
auchan,Hortex Sok z marchwi 1 l,Soki,100,37,0.4,8.5,0,https://world.openfoodfacts.org/product/5900500023163,0.9,8.4,0,0.03
auchan,Hortex Vitaminka truskawka marchew jabłko 1 l,Soki,100,46,0.2,11,0,https://world.openfoodfacts.org/product/5900500028847,0.7,11,0,0.01
auchan,Jovi Duet mango-imbir 350 g,Soki,100,67,1.7,13.2,0.8,https://world.openfoodfacts.org/product/5903767002131,,11.6,0.5,0.1
auchan,MWS Vitamini banan marchew jabłko 1 l,Soki,100,48,0.4,10.7,0.1,https://world.openfoodfacts.org/product/5900334009852,1.1,10.3,0.03,0.04
auchan,Tymbark Nektar bananowy 1 l,Soki,100,30,0,6.8,0,https://world.openfoodfacts.org/product/5900334013316,0,6.8,,0
auchan,Tymbark Sok pomidorowy pikantny 1 l,Soki,100,17,0.9,2.4,0.2,https://world.openfoodfacts.org/product/5900334000200,0.6,2.3,0.05,0.64
auchan,Agrovita Majonez wyborowy 260 ml,Sosy,100,703,1.1,3.6,76,https://world.openfoodfacts.org/product/5906732600059,,3.4,5.8,0.64
auchan,Auchan Hummus z solą morską,Sosy,100,209,7,12,14,https://world.openfoodfacts.org/product/5904215149460,,1.3,2.1,1.1
auchan,Auchan Kapary w zalewie 100 g (60 g),Sosy,100,26,2,2.4,0.5,https://world.openfoodfacts.org/product/5904215145035,3,0.5,0.1,5.6
auchan,Auchan Ketchup pikantny 500 g,Sosy,100,76,0.6,17,0,https://world.openfoodfacts.org/product/5904215138761,,9.8,0,1.9
auchan,Auchan Koncentrat pomidorowy 190 g,Sosy,190,192,8.17,36.1,0,https://world.openfoodfacts.org/product/5904215120766,7.41,30.4,0,0.1
auchan,Auchan Majonez 400 ml,Sosy,100,690,1,2.9,75,https://world.openfoodfacts.org/product/5904215143567,,2.8,5.8,0.57
auchan,Auchan Musztarda Słodko-Ostra 175 g,Sosy,175,313,7.7,45.5,9.97,https://world.openfoodfacts.org/product/5904215143048,4.02,38.5,0.53,
auchan,Auchan Passata con basilico 700 g,Sosy,100,31,1.1,6,0.1,https://world.openfoodfacts.org/product/8005476006220,0.8,3.9,,0.29
auchan,Dawtona Ketchup łagodny 560 g,Sosy,100,135,1.3,32,0.5,https://world.openfoodfacts.org/product/5901713012173,1.1,32,0.1,2.8
auchan,Dawtona Sos Neapolitański z papryką 550 g,Sosy,100,58,1,12,0.5,https://world.openfoodfacts.org/product/5901713004642,0.7,7.9,0.1,1.5
auchan,Develey Sos tatarski 230 g,Sosy,230,934,1.84,17.71,94.3,https://world.openfoodfacts.org/product/5906425140077,,14.95,7.13,2.99
auchan,Fenex Ketchup nr VII 490 g,Sosy,100,147,1.9,35,0.5,https://world.openfoodfacts.org/product/5900854002890,,35,0.1,2.4
auchan,Fenex Ketchup nr. VII 585 g,Sosy,100,147,1.9,34.7,0.1,https://world.openfoodfacts.org/product/5900854002555,,34.7,0.1,2.35
auchan,Heinz Sos tysiąca wysp 220ml,Sosy,220,878,4.84,33,79.2,https://world.openfoodfacts.org/product/5900783009885,,30.8,6.6,2.64
auchan,Hellman's Ketchup Hot Pikantny 470g,Sosy,100,89,1.5,19,0.5,https://world.openfoodfacts.org/product/8711200405916,0,18,0.1,1.8
auchan,House of Asia Tonkatsu sauce 150 ml,Sosy,150,232,1.05,57,0,https://world.openfoodfacts.org/product/5904358550024,,57,0,13.35
auchan,Kamis Ketchup włoski 350 g,Sosy,100,91,1.4,20,0,https://world.openfoodfacts.org/product/5900084254700,,18,0,2.5
auchan,Kamis Musztarda z Chili 185 g,Sosy,185,189,8.51,15.36,8.7,https://world.openfoodfacts.org/product/5900084241809,,15.36,0.56,4.81
auchan,Majonez roleskiego. 288 g,Sosy,100,686,1.2,4,74,https://world.openfoodfacts.org/product/5901044019056,,3.7,6,0.9
auchan,Majonez wielkopolski 310 ml,Sosy,100,684,0.9,3.7,74,https://world.openfoodfacts.org/product/5903264000012,,2.7,5.4,0.63
auchan,Międzychód Sos Boloński 360 g,Sosy,100,59,1.4,11,1,https://world.openfoodfacts.org/product/5901619151464,,7.7,0.1,1.2
auchan,Międzychód Sos włoski z czosnkiem i bazylią. 360 g,Sosy,100,64,1.6,11,1.2,https://world.openfoodfacts.org/product/5901619151877,,7.9,0.1,1.1
auchan,Motyl Sos tatarski 185 g,Sosy,185,744,0.93,13.69,75.85,https://world.openfoodfacts.org/product/5903188300816,,9.43,5.74,2.4
auchan,Pegaz Musztarda sarepska 200 g,Sosy,200,182,10.8,17.4,7,https://world.openfoodfacts.org/product/5901658000068,,10.2,0.4,3.6
auchan,Pegaz Musztarda stołowa 200 g,Sosy,200,202,10.2,24,6.8,https://world.openfoodfacts.org/product/5901658000020,,19.2,0.4,3.6
auchan,Pegaz Sos tatarski 250 g,Sosy,250,1342,3,9.25,142.5,https://world.openfoodfacts.org/product/5901658000419,,6.5,10.75,2.23
auchan,Prymat Musztarda miodowa 185 g,Sosy,185,374,8.7,61.05,9.07,https://world.openfoodfacts.org/product/5901135032674,,51.8,0.56,3.33
auchan,Pudliszki Ketchup łagodny - Najsmaczniejszy 700 g,Sosy,100,113,2.67,30,0,https://world.openfoodfacts.org/product/5900783003043,2.67,20,0,0
auchan,Pudliszki Koncentrat pomidorowy 310 g,Sosy,100,104,4.7,18,0.7,https://world.openfoodfacts.org/product/5900783008598,2.7,14,0.1,0.1
auchan,Roleski Ketchup markowy łagodny 290 g (253 ml),Sosy,100,107,1.7,24,0.5,https://world.openfoodfacts.org/product/5901044015652,,23,0.1,2.3
auchan,Roleski Ketchup łagodny markowy 450 g,Sosy,100,107,1.7,24,0.5,https://world.openfoodfacts.org/product/5901044011074,,23,0.1,2.3
auchan,Roleski Musztarda delikatesowa angielska. 175 g,Sosy,175,425,13.65,33.25,26.25,https://world.openfoodfacts.org/product/5901044017809,,22.75,1.93,11.03
auchan,Roleski Musztarda delikatesowa jerozolimska 175 g,Sosy,175,182,7.17,21,5.78,https://world.openfoodfacts.org/product/5901044005806,,19.25,0.35,3.33
auchan,Roleski Musztarda delikatesowa kozaka 175 g,Sosy,175,306,9.8,29.75,15.22,https://world.openfoodfacts.org/product/5901044005820,,24.5,0.7,3.5
auchan,Roleski Sos tatarski 205 g (240 ml),Sosy,205,1064,2.05,11.69,112.75,https://world.openfoodfacts.org/product/5901044014037,,8.4,8.65,2.26
auchan,Rolnik Chrzan horseradish tarty 290 g (315 ml),Sosy,100,95,2.4,14,2.2,https://world.openfoodfacts.org/product/5900919006580,,14,0.2,1.2
auchan,Społem Sos kielecki cygański 200g,Sosy,200,174,2.2,36,1.2,https://world.openfoodfacts.org/product/5900242005250,,28,0.2,3.8
auchan,Thai Pride Red Curry Paste 195g,Sosy,195,150,3.51,19.5,2.54,https://world.openfoodfacts.org/product/8853662050362,,19.11,0.58,12.87
auchan,Vifon Sos chili pikantny 100 ml,Sosy,100,107,0.7,25,0.5,https://world.openfoodfacts.org/product/5901882210226,,24,0,5.5
auchan,Włocławek Ketchup 380 g,Sosy,100,106,1.7,23,0.5,https://world.openfoodfacts.org/product/5901248002076,,23,0.1,1.6
auchan,Włocławek Ketchup pikantny 970 g,Sosy,100,106,1.7,23,0.5,https://world.openfoodfacts.org/product/5901248001123,,23,0.1,1.6
auchan,Łowicz Sos pomidorowy z boczkiem 350 g,Sosy,100,72,3.8,6,3,https://world.openfoodfacts.org/product/5900397739840,,6,1,1.1
auchan,Auchan Groszek konserwowy 400 g,Strączkowe,100,77,5.6,8.6,0.5,https://world.openfoodfacts.org/product/5904215145950,7.5,2.8,0.1,0.83
auchan,Alpen Gold Czekolada mleczna 90 g,Słodycze,90,471,5.04,54,25.2,https://world.openfoodfacts.org/product/7622210307736,1.98,53.1,15.3,0.33
auchan,Andante Biszkopty typu Ladyfingers,Słodycze,220,836,22,154,13.2,https://world.openfoodfacts.org/product/8588000001712,6.6,83.6,2.2,0.88
auchan,Auchan Biszkopty podłużne 0.175 kg,Słodycze,175,670,12.25,141.75,5.08,https://world.openfoodfacts.org/product/3254560041264,2.62,94.5,1.57,0.16
auchan,Auchan Cacao Wafers 225 g,Słodycze,225,1156,17.55,119.25,63,https://world.openfoodfacts.org/product/5904215141013,17.55,60.75,36,0.94
auchan,Auchan Czekolada mleczna 100 g,Słodycze,100,519,6.1,61,27,https://world.openfoodfacts.org/product/5904215143321,2.7,59,17,0.19
auchan,Auchan Czekolada mleczna z nadzieniem o smaku toffi 100g,Słodycze,100,551,4.7,56,34,https://world.openfoodfacts.org/product/5904215143512,1.3,55,,0.3
auchan,Auchan Dark chocoa nibs 100 g,Słodycze,100,556,8.9,32,41,https://world.openfoodfacts.org/product/3245678046739,14,26,25,0.02
auchan,Auchan Deser czekoladowy vegan,Słodycze,100,120,0.8,19,4.5,https://world.openfoodfacts.org/product/5904215174431,,13,3.8,
auchan,Auchan Gingerbread with fruit filling 200 g,Słodycze,200,752,15.6,142,14.6,https://world.openfoodfacts.org/product/5904215129646,,70,8.6,0.4
auchan,Auchan Gingerbread with plumb filling 200 g,Słodycze,200,720,12.4,142,11.8,https://world.openfoodfacts.org/product/5904215135296,,80,3.6,0.92
auchan,Auchan Karmelki o smaku owocowym 150 g,Słodycze,150,586,0,145.5,0,https://world.openfoodfacts.org/product/5904215142003,0,112.5,0,0
auchan,Auchan Makaron spaghetti 500 g,Słodycze,100,354,12,71,1.5,https://world.openfoodfacts.org/product/5904215123729,,2.9,0.4,0.01
auchan,Auchan Nut wafers 225 g,Słodycze,225,1208,19.35,121.5,69.75,https://world.openfoodfacts.org/product/5904215141037,5.4,63,33.75,1.17
auchan,Auchan Petit Beurre herbatniki maślane 200g,Słodycze,200,866,16.4,146,24,https://world.openfoodfacts.org/product/5904215135548,,52,12.6,1.76
auchan,Auchan Wafle tortowe suche 150 g,Słodycze,150,616,15,118.5,7.8,https://world.openfoodfacts.org/product/5904215141969,4.35,3.45,0.75,0.56
auchan,Bakalland Spód tortowy jasny 3-warstwowy 400g,Słodycze,100,349,6,71,4.5,https://world.openfoodfacts.org/product/5900983022493,,35,0.9,1.2
auchan,Bartfan Czekolada śmietankowa z ksylitolem 50 g,Słodycze,50,278,3.95,20.5,22.5,https://world.openfoodfacts.org/product/5904981080073,1.3,4.5,13,0.11
auchan,Belvita Honey And Nut With Choc Chips 300 g,Słodycze,100,448,7.6,69,15,https://world.openfoodfacts.org/product/7622210194961,4.4,42,1.8,0.9
auchan,Belvita Original breakfast chocolate 300 g,Słodycze,100,440,7.9,66,14,https://world.openfoodfacts.org/product/7622300443269,6.8,27,3.6,0.62
auchan,Ciasteczka z Beskidów Harnasie maślane w czekoladzie 152 g,Słodycze,152,772,12.16,95.76,38,https://world.openfoodfacts.org/product/5902379812138,,44.08,16.72,0.5
auchan,Ciasto francuskie 275g,Słodycze,100,378,4.9,33,23,https://world.openfoodfacts.org/product/5904215110378,2,2,13,0.6
auchan,Colian Toffino Choco 80 g,Słodycze,80,392,2.24,56,17.6,https://world.openfoodfacts.org/product/5900189003852,,42.4,8.8,0.4
auchan,Dobra Kaloria Mini-Batoniki z nerkowców a la szarlotka z cynamonem 102 g,Słodycze,102,428,7.85,55.08,18.36,https://world.openfoodfacts.org/product/5903548002442,5.41,37.74,3.47,0.03
auchan,E. Wedel Pawełek 45 g,Słodycze,45,207,2.07,27.9,9,https://world.openfoodfacts.org/product/59060956,0.58,27,4.5,0.07
auchan,E. Wedel Wedel extra dark chocolate 100 g,Słodycze,100,497,10,20,42,https://world.openfoodfacts.org/product/5901588018409,9.4,17,26,0.01
auchan,ETi Dare Dark 50g,Słodycze,50,261,3.85,27,15,https://world.openfoodfacts.org/product/8690526065700,2.4,19,8,0.13
auchan,Jutrzenka Sliwka kandyzowana w czekoladzie 180g,Słodycze,180,605,5.58,102.6,16.38,https://world.openfoodfacts.org/product/5904215146438,,77.4,10.08,0.05
auchan,Kinder Bueno White 39 g,Słodycze,39,223,3.31,20.67,14,https://world.openfoodfacts.org/product/80761761,,17.12,6.55,0.13
auchan,Kopernik Wafel teatralny 46 g,Słodycze,46,242,2.81,26.22,13.8,https://world.openfoodfacts.org/product/5900056007815,,18.4,6.9,0.15
auchan,Krüger Czekolada do picia kakao 220 g,Słodycze,220,829,24.2,149.6,9.68,https://world.openfoodfacts.org/product/5901716990751,22,123.2,6.16,0.04
auchan,Las vegan's Mylk chocolate 50 g,Słodycze,50,252,3.6,24.5,19,https://world.openfoodfacts.org/product/5900168964471,1.4,19.5,9,0.01
auchan,Mamut Biszkopty 100 g,Słodycze,100,376,11,72,4.5,https://world.openfoodfacts.org/product/5900697025162,1.9,1.9,1.9,0.12
auchan,Prince Polo XXL Kokosowe 50 g,Słodycze,50,264,2.45,31.5,14,https://world.openfoodfacts.org/product/7622210607874,0.8,19,7.5,0.12
auchan,Reese's 42 g,Słodycze,42,221,4.2,23.94,12.18,https://world.openfoodfacts.org/product/5905669265201,,21.84,4.62,0.32
auchan,Tago Owsiane z czekoladą 210 g,Słodycze,210,1113,11.34,128.1,60.9,https://world.openfoodfacts.org/product/5901356050525,,81.9,29.4,0.55
auchan,Wacuś Wafelek o smaku orzechowym w czekoladzie 40 g,Słodycze,40,213,2.88,24,11.6,https://world.openfoodfacts.org/product/5902911000115,,13.6,5.2,0.14
auchan,Wawel Czekolada gorzka z kandyzowaną skórką pomarańczy 100 g,Słodycze,100,546,8.8,35,39,https://world.openfoodfacts.org/product/5900102009978,,32,24,0.02
auchan,Wawel Mieszanka Krakowska - galaretki w czekoladzie. 280 g,Słodycze,100,355,0.8,70,7.3,https://world.openfoodfacts.org/product/5900102006823,,56,4.5,0.02
auchan,Wawel Tofflairs czekoladowo-mleczny 120 g,Słodycze,120,539,4.56,70.8,26.4,https://world.openfoodfacts.org/product/5900102021345,0,51.6,18,0.46
auchan,Wedel Czekolada gorzka 70% 100 g,Słodycze,100,534,10,32,38,https://world.openfoodfacts.org/product/5900102023745,,28,24,0.02
auchan,Śląskie Cukierki ziołowe. Kopalnioki 80 g,Słodycze,80,310,0,77.6,0,https://world.openfoodfacts.org/product/5907666575260,0,55.2,0,0
auchan,Śląskie Kakaowe Cukierki kakaowe 80 g,Słodycze,80,320,3.6,62.4,6.4,https://world.openfoodfacts.org/product/5907666575581,,42.4,2.96,0.09
auchan,Auchan Rafinowany olej rzepakowy 1 l,Tłuszcze i oleje,100,828,0,0,92,https://world.openfoodfacts.org/product/5904215146568,,0,6.4,0
auchan,Bielmar Miks o zmniejszonej zawartości tłuszczu 200 g,Tłuszcze i oleje,200,1080,0.2,0.2,120,https://world.openfoodfacts.org/product/5900229000582,,0.2,32,0.48
auchan,Kotwica Smalec z cebulką i boczkiem 250 g,Tłuszcze i oleje,250,2130,20.25,4.75,228.25,https://world.openfoodfacts.org/product/5900143017499,,1,82.5,2.5
auchan,"OEL Polska Wielkopolski olej rzepakowy tłoczony tylko raz, rafinowany. 1 l",Tłuszcze i oleje,100,900,0,0,100,https://world.openfoodfacts.org/product/5903264000555,,0,7,0
auchan,Sokołów Smalec wyborowy 200 g,Tłuszcze i oleje,200,1800,0,0,200,https://world.openfoodfacts.org/product/5904215129851,,0,96,0
auchan,ZM Pekpol Ostrołęka Smalec z mięsem 170 g,Tłuszcze i oleje,170,1017,15.98,8.84,102,https://world.openfoodfacts.org/product/5903195008415,,2.21,39.1,2.04
auchan,ZM Pekpol Ostrołęka Śmålec z jabłkiem 170 g,Tłuszcze i oleje,170,819,18.7,12.07,76.5,https://world.openfoodfacts.org/product/5903195012375,,2.55,30.6,4.59
auchan,Auchan Cooking COCO 18% 180 g,Warzywa i owoce,180,333,1.62,8.46,32.4,https://world.openfoodfacts.org/product/5904215158431,0.9,0.72,28.8,0.04
auchan,"Auchan Mandarynki. odmiany: Ortanique. 1,5 kg",Warzywa i owoce,100,45,0.7,10,0.2,https://world.openfoodfacts.org/product/8435177021862,1.4,10,,0.01
auchan,Auchan Mangues en morceau,Warzywa i owoce,100,65,0.6,14,0.5,https://world.openfoodfacts.org/product/0590400003614,1.6,14,0.1,
auchan,"Auchan Pomidory suszone w oleju, krojone 270 g (150 g)",Warzywa i owoce,100,244,3.9,9.3,20,https://world.openfoodfacts.org/product/5904215160380,5.5,9.3,1.5,3.2
auchan,Auchan Rucola,Warzywa i owoce,100,26,3.8,0.8,0.5,https://world.openfoodfacts.org/product/5904215136620,2.7,0.5,0.1,0.19
auchan,Auchan Suszone pomidory w oleju słonecznikowym,Warzywa i owoce,160,885,3.52,7.68,92.48,https://world.openfoodfacts.org/product/8005476966180,4.16,7.2,10.08,3.66
auchan,Auchan Szpinak myty 200 g,Warzywa i owoce,200,46,6.2,3.6,1,https://world.openfoodfacts.org/product/5904215136606,3.2,1,0.2,0.2
auchan,Planton Creamo sour ŚmietaNOVA 18% 180 g,Warzywa i owoce,180,333,1.62,8.46,32.4,https://world.openfoodfacts.org/product/5901104004961,0.9,0.72,28.8,0.04
auchan,Pol-Inwest Kiszona kapusta eko 750 g,Warzywa i owoce,100,18,0.9,4.3,0.1,https://world.openfoodfacts.org/product/5905279292321,2.9,1.8,0.1,1.25
auchan,Auchan Boczek wędzony,Wędliny,100,267,14,0.8,23,https://world.openfoodfacts.org/product/5904215178255,,0.5,8.9,1.87
auchan,Auchan Collection Polędwica królewska 80 g,Wędliny,80,124,24.4,0.4,2.72,https://world.openfoodfacts.org/product/5904215159186,,0.24,1.04,1.76
auchan,Auchan Collection Szynka olchowa,Wędliny,100,142,29,0.9,2.4,https://world.openfoodfacts.org/product/5904215159278,,0.6,0.9,2.2
auchan,Auchan Jambon -25% sel,Wędliny,100,102,20,1,2,https://world.openfoodfacts.org/product/0590270030406,0.5,1,1,
auchan,Auchan Polędwica Sopocka 100 g,Wędliny,100,97,18,1,2.6,https://world.openfoodfacts.org/product/5904215132738,,0.6,1,2.2
auchan,Auchan szynka biała 148 g,Wędliny,148,141,26.64,1.78,2.96,https://world.openfoodfacts.org/product/5904215132035,,1.04,1.04,3.55
auchan,Bell Salami Delikatesowe 100g,Wędliny,100,442,17,3.1,40,https://world.openfoodfacts.org/product/5901752570252,,1,17,3.7
auchan,Bell Salami Pepperoni 100g,Wędliny,100,479,18,2.4,44,https://world.openfoodfacts.org/product/5901752571006,,1.1,19,3.44
auchan,Bell Salami z oliwkami 80 g,Wędliny,80,358,12,1.92,33.6,https://world.openfoodfacts.org/product/5901752579422,,1.28,9.6,3.2
auchan,"Drosed Pasta z kurczakiem, ciecierzycą i papryką 105 g",Wędliny,105,200,7.46,4.2,15.75,https://world.openfoodfacts.org/product/5901204013375,,2.1,1.26,1.36
auchan,Drosed Pasztet Belgijski drobiowo-wieprzowy 160 g,Wędliny,160,338,12.8,4.16,28.8,https://world.openfoodfacts.org/product/5901204002959,,1.44,11.2,1.92
auchan,Drosed Pasztet Belgijski z dodatkiem wątróbki z kurcząt 100 g,Wędliny,100,211,8,2.6,18,https://world.openfoodfacts.org/product/5901204004151,,0.9,7,1.2
auchan,Drosed Pasztet drobiowy 100g,Wędliny,100,160,7.5,5.5,12,https://world.openfoodfacts.org/product/5901204000733,,0.5,2.3,1.38
auchan,Könecke Salami z papryką 100 g,Wędliny,100,400,23,2.5,33,https://world.openfoodfacts.org/product/5904277902164,0.6,1.5,13,4
auchan,Masarnia Strzała Kiełbasa ze wsi 300 g,Wędliny,100,245,14,1,21,https://world.openfoodfacts.org/product/5903111916336,0.9,0.6,8,2
auchan,Podlaski Pasztet angielski drobiowy 160 g,Wędliny,160,219,17.6,6.56,13.6,https://world.openfoodfacts.org/product/5901204003178,,1.92,4.96,2.4
auchan,Podlaski Pasztet drobiowy z pieprzem 155 g,Wędliny,155,281,10.85,6.2,23.25,https://world.openfoodfacts.org/product/5901204002522,,1.24,4.65,2.17
auchan,Profi Pasztet z pomidorami 131 g,Wędliny,131,245,11,8.78,18.34,https://world.openfoodfacts.org/product/5901696000051,,1.83,5.89,1.8
auchan,Profi Wielkopolski pasztet z drobiem i papryką 131g,Wędliny,131,276,11.13,7.34,22.27,https://world.openfoodfacts.org/product/5901696000020,,1.18,7.47,1.83
auchan,ZMB Białystok Polędwica Kanadyjska z indyka 100 g,Wędliny,100,82,13.5,0.4,2.8,https://world.openfoodfacts.org/product/5904123587071,,0.14,1.1,0.2
auchan,Auchan Bulion wołowy 100g,Zupy,100,3,0.5,0.5,0.5,https://world.openfoodfacts.org/product/5904215138907,,0.5,0.1,1.1
auchan,Auchan Fasolka po bretońsku z kiełbasą i boczkiem. 500 g,Zupy,100,111,6.5,9.1,4.7,https://world.openfoodfacts.org/product/5904215135159,,1,1.7,1.1
auchan,Auchan Flaki po zamojski 500 g,Zupy,100,71,6.4,3.4,3.4,https://world.openfoodfacts.org/product/5904215134534,,0.7,1.8,0.88
auchan,Auchan Klopsy w sosie pomidorowym 500 g,Zupy,100,88,6.3,8.9,2.7,https://world.openfoodfacts.org/product/5904215135166,,2.1,1,1.4
auchan,Auchan Krem warzywny,Zupy,100,42,0.5,5.9,1.9,https://world.openfoodfacts.org/product/5904215146322,0.8,4,0.4,
auchan,Auchan Pulpety w sosie pomidorowym 480 g,Zupy,100,85,4.6,5.8,4.4,https://world.openfoodfacts.org/product/5904215110774,,1.7,1.5,0.95
auchan,KRAKUS ZUPA ŻUREK 1 l,Zupy,100,23,0.72,3.6,0.52,https://world.openfoodfacts.org/product/5900397734401,,3.32,0.2,1.2
auchan,Profi Krupnik z mięsem wieprzowym 450 g,Zupy,100,35,1.2,4.6,1.2,https://world.openfoodfacts.org/product/5901696000860,0.5,0.5,0.5,1
auchan,Profi Zupa pomidorowa z mięsem wieprzowym 450 g,Zupy,100,41,1.6,5.2,1.5,https://world.openfoodfacts.org/product/5901696000839,0.5,0.5,0.5,1.2
auchan,Urbanek Zupa ogórkowa z koperkiem 500 g,Zupy,100,20,0.5,3.9,0.2,https://world.openfoodfacts.org/product/5900907004710,,1,0.1,0.95
auchan,Yabra Zupa gulaszowa 500 g,Zupy,100,51,3.8,6,1.3,https://world.openfoodfacts.org/product/5901363662780,,0.5,0.5,0.8
auchan,Łowicz Kociołek węgierski 580 g,Zupy,100,56,3.5,7.1,1.2,https://world.openfoodfacts.org/product/5900397735200,,3.8,0.3,1.4
auchan,Jogurty Magda Sour Cream ŚmietaNOVA 200g,Śmietana,200,318,2,9.8,30,https://world.openfoodfacts.org/product/5901104004534,1,1,28,0
auchan,Zott Śmietana 12% 180 g,Śmietana,180,243,4.68,5.94,21.6,https://world.openfoodfacts.org/product/5906040063294,,5.94,14.76,0.22
biedronka,Bułka paryska,Pieczywo,240,660,20.4,129.6,5.8,https://world.openfoodfacts.org/product/5901486005914,4.6,2.2,0.7,2.8
biedronka,Crunchips X-Cut Chakalaka Smak Afryki 275 g,Chipsy i przekąski,100,514,5.49,51,31,https://world.openfoodfacts.org/product/5905187116146,4.29,1.7,2.5,1.6
biedronka,Felix Orzeszki ziemne lekko solone 380g,Chipsy i przekąski,100,615,25,11,51,https://world.openfoodfacts.org/product/5900571103436,8.2,5.3,7.7,0.72
biedronka,Go VEGE Tortilla Chips Buraczane,Chipsy i przekąski,100,495,6.3,60,24,https://world.openfoodfacts.org/product/5900928081219,6.3,4.7,2.4,0.68
biedronka,Go VEGE Tortilla Chips Szpinakowe 135 g,Chipsy i przekąski,100,507,7.1,53,28,https://world.openfoodfacts.org/product/5900928081233,6.3,2.1,2.8,0.75
biedronka,Granex bio Krokodylki Kukurydziane Chrupki 80 g,Chipsy i przekąski,80,199.2,4.4,41.6,0.96,https://world.openfoodfacts.org/product/5900028007775,1.84,1.36,0.16,0.6
biedronka,Granex bio Kwiatki Kukurydziane Chrupki 80 g,Chipsy i przekąski,80,199.2,5.2,41.6,0.96,https://world.openfoodfacts.org/product/5900028007751,1.84,1.36,0.16,0.6
biedronka,Lajkonik Paluszki o smaku waniliowym. 200 g,Chipsy i przekąski,100,398,11,74,5.6,https://world.openfoodfacts.org/product/5900320003260,4,6.4,0.4,2.3
biedronka,Lay's Karbowane Papryka 165 g,Chipsy i przekąski,100,525,6.18,52,31,https://world.openfoodfacts.org/product/5900259099914,4.7,2.2,2.6,1.7
biedronka,Lay's Oven Baked Krakersy wielozbożowe 80g,Chipsy i przekąski,80,360.8,6.64,50.4,13.6,https://world.openfoodfacts.org/product/5900259115379,5.04,12,1.2,1.12
biedronka,Lorenz Crunchips Wow Jalapeno & Cheese 160 g,Chipsy i przekąski,100,533,5.4,52,33,https://world.openfoodfacts.org/product/5905187117709,3.4,1.6,2.7,2
biedronka,Lorenz Taccos Bacon flavour 150g,Chipsy i przekąski,100,496,3,66,24,https://world.openfoodfacts.org/product/5905187005235,1.9,3.2,2.1,3.3
biedronka,Miami Chrupki kukurydziane 75 g,Chipsy i przekąski,75,287.2,6.07,60,2.03,https://world.openfoodfacts.org/product/5900672001709,2.47,0.45,0.3,0
biedronka,Miami Pałeczki kukurydziane 60 g,Chipsy i przekąski,60,229.8,4.86,48,1.68,https://world.openfoodfacts.org/product/5900672001693,1.74,0.3,0.24,
biedronka,Na Maxa Chrupki kukurydziane orzechowe 150 g,Chipsy i przekąski,100,506,14,49,27,https://world.openfoodfacts.org/product/5900073060152,,2.2,7,1.5
biedronka,Orzeszki Top smak papryka 240g.,Chipsy i przekąski,100,524,15,43,31,https://world.openfoodfacts.org/product/5900571902275,4.71,9,4,2.5
biedronka,Top Chrupki ziemniaczane o smaku paprykowym. 110 g,Chipsy i przekąski,100,536,3.2,62,30,https://world.openfoodfacts.org/product/5905187906259,,2.4,2.2,1.7
biedronka,Top Krakersy solone 300 g,Chipsy i przekąski,100,449,7.9,64,18,https://world.openfoodfacts.org/product/5907471407503,2.1,8,8,1.98
biedronka,"Top Mieszanka krakersów, paluszków i precelków 250 g",Chipsy i przekąski,100,422,11,68,11,https://world.openfoodfacts.org/product/5905187906075,3.3,4.08,1.1,2.9
biedronka,Top Prażynki Solone 84 g,Chipsy i przekąski,84,455.3,1.01,52.1,26.9,https://world.openfoodfacts.org/product/5901885581002,,0.42,1.76,1.6
biedronka,Top Precelki solone 225 g,Chipsy i przekąski,100,377,13,72,3.1,https://world.openfoodfacts.org/product/5904607004421,4,1.7,0.5,3.5
biedronka,Top Sticks 125 g,Chipsy i przekąski,100,516,5.9,51,31,https://world.openfoodfacts.org/product/5900073020576,4.7,0.6,2.9,1.1
biedronka,Top Sticks smak ketchup 125 g,Chipsy i przekąski,100,519,5.8,52,31,https://world.openfoodfacts.org/product/5900073020583,4.5,3.9,3,1.1
biedronka,Top chips faliste 200 g,Chipsy i przekąski,100,542,5.7,49,35,https://world.openfoodfacts.org/product/5900073400576,,2.3,16,1.5
biedronka,Dania Express Burger z kurczakiem 700 g,Dania gotowe,100,208,12,6.7,15,https://world.openfoodfacts.org/product/20481155,0.9,1.2,3.9,1.9
biedronka,Fish Time Ryba z piekarnika z sosem brokułowym 320 g,Dania gotowe,320,368,37.8,17,16,https://world.openfoodfacts.org/product/5900972003960,,6.4,7.36,2.21
biedronka,"GO Active Kuskus perłowy z suszoną śliwką, mango i hummusem 220 g",Dania gotowe,100,170,5.4,20,6.8,https://world.openfoodfacts.org/product/5904194906160,3.8,5.2,0.7,0.85
biedronka,"Go Active Kuskus perłowy z ciecierzycą, fasolką i hummusem 220 g",Dania gotowe,100,156,5.8,15,7,https://world.openfoodfacts.org/product/5904194906153,5.1,1.4,2.4,1.5
biedronka,Knorr Fix. Gołąbki bez zawijania 64 g / 4 porcje,Dania gotowe,64,200.3,9.6,35.2,2.05,https://world.openfoodfacts.org/product/8718114832333,4.22,6.27,0.58,4.61
biedronka,Lisner Salato Sałatka jarzynowa 250 g.,Dania gotowe,250,552.5,5.75,18.8,46.2,https://world.openfoodfacts.org/product/10675526,7,8.25,3.75,2.5
biedronka,Lisner Sałatka warzywna z jajkiem 250 g.,Dania gotowe,250,535,6.25,20.2,46.5,https://world.openfoodfacts.org/product/5900344016543,5,4.75,3.75,2.75
biedronka,Mega Foods Sałatka jarzynowa z jajkiem 450 g,Dania gotowe,450,877.5,13.5,49.5,67.5,https://world.openfoodfacts.org/product/5900449002472,,14.4,6.3,5.4
biedronka,Mega Surówka z młodej kapusty. 300 g,Dania gotowe,300,273,4.8,24.6,15.9,https://world.openfoodfacts.org/product/5900449006685,,15,1.2,2.31
biedronka,Nasze Smaki Mięsny przysmak 300 g,Dania gotowe,300,798,45,1.5,69,https://world.openfoodfacts.org/product/5907501019904,,1.5,24.6,6
biedronka,Nasze Smaki Smalec z mięsem i cebulą 250 g,Dania gotowe,100,641,5.3,1.6,68,https://world.openfoodfacts.org/product/5907752665035,0.7,1.6,26,1.7
biedronka,Plony natury kasza kuskus durum 300g,Dania gotowe,100,355,14,68,2,https://world.openfoodfacts.org/product/5902481019951,4.3,3,0.5,0
biedronka,SmaczneGo! Sałatka bulgur 220 g,Dania gotowe,220,413.6,10.6,30.8,24.2,https://world.openfoodfacts.org/product/5902973785487,14.7,5.72,4.84,2.64
biedronka,Smacznego! Sałatka bulgur z sosem pomidorowo-paprykowym 220 g,Dania gotowe,220,418,9.9,33,24.2,https://world.openfoodfacts.org/product/5902973785494,14.7,6.82,2.42,2.42
biedronka,Swojska Chata Kapusta kiszona z marchewką 900 g (przed odsączeniem 1000 g),Dania gotowe,100,16,1.2,1.6,0.2,https://world.openfoodfacts.org/product/5905162002860,2.2,0,0,2.3
biedronka,Swojska Chata Kopytka 500 g,Dania gotowe,100,148,3,30,1.3,https://world.openfoodfacts.org/product/5904285046720,2.3,2,0.2,1.5
biedronka,Swojska Chata Krokiety z kapustą i grzybami 800 g,Dania gotowe,100,187,4.4,24,7.5,https://world.openfoodfacts.org/product/5901398080047,3.4,2.1,0.7,1.5
biedronka,Swojska Chata Krokiety z mięsem 400 g,Dania gotowe,400,1028,38.4,92,52,https://world.openfoodfacts.org/product/5901398071557,9.2,12.4,13.6,6
biedronka,Swojska Chata Naleśnik z jabłkami 400 g,Dania gotowe,100,118,3,22,1.7,https://world.openfoodfacts.org/product/5906295839330,1.1,8.5,0.8,0.36
biedronka,Vifon Zupa błyskawiczna kurczak curry 70 g,Dania gotowe,70,42,0.77,5.39,1.89,https://world.openfoodfacts.org/product/5901882110069,,,0.7,
biedronka,Vital Fresh Surówka Rodzinna 450 g,Dania gotowe,450,459,4.95,58.5,20.2,https://world.openfoodfacts.org/product/5900449006968,11.2,58.5,1.35,3.38
biedronka,Bakoma Ave Vege czekolada 150 g,Desery,150,148.5,1.2,26.2,4.05,https://world.openfoodfacts.org/product/5900197024412,,14.2,3.75,0.17
biedronka,Delicata Kaszka manna na mleku z sosem wiśniowym (20%) 130 g,Desery,130,165.1,3.77,23.1,6.24,https://world.openfoodfacts.org/product/5902137501021,,17,4.16,0.13
biedronka,Delice Gaulois Crème brûlée 200 g,Desery,200,422,9.6,42,24,https://world.openfoodfacts.org/product/3184670008119,,42,14.8,0.4
biedronka,"Go Active Pudding Proteinowy, Caffe Latte",Desery,100,81,10,6.9,1.5,https://world.openfoodfacts.org/product/8595588201182,0.1,4.8,0.9,0.3
biedronka,Go Active Pudding proteinowy smak orzechowy z czekoladą 200 g,Desery,200,176,20,14.8,3.6,https://world.openfoodfacts.org/product/8595588201199,1,9.4,2.2,0.62
biedronka,Go Active Pudding proteinowy smak słony karmel 200 g,Desery,200,154,20,12.6,2.6,https://world.openfoodfacts.org/product/2000000148078,0.2,8.6,1.6,0.64
biedronka,Go Vege CocoJogu truskawka 150 g,Desery,150,139.5,0.6,19.4,6.45,https://world.openfoodfacts.org/product/8595588203070,0.75,11.2,5.85,0.06
biedronka,Go Vege Cocojogu Ananas Mango 150 g,Desery,150,108,0.6,8.85,7.65,https://world.openfoodfacts.org/product/8595588200949,0.6,0.75,6.9,0.06
biedronka,Go Vege Oatjogu pure banan-jagoda + zboża,Desery,100,77,0.8,12.1,2.5,https://world.openfoodfacts.org/product/8595588202523,,6.2,0.3,0.04
biedronka,Go vege Oatjogu pure banan gruszka mango + zboża 230 g,Desery,230,179.4,1.84,28.7,5.52,https://world.openfoodfacts.org/product/8595588202493,3.22,14.9,0.46,0.05
biedronka,GoVege Soyajogu 200g,Desery,200,108,8.4,7.6,4.6,https://world.openfoodfacts.org/product/4103840024161,1.2,4.8,0.8,0.36
biedronka,JoguVege Coco Jagoda 150 g,Desery,150,136.5,0.6,19.2,6.3,https://world.openfoodfacts.org/product/8595588200956,1.05,12.3,5.7,0.08
biedronka,OwoLovo OwoLowo Jabłkowo 200 g,Desery,200,100,1,24,0,https://world.openfoodfacts.org/product/5901958612343,1,20,0,0
biedronka,Owolovo Gruszkowo 200 g,Desery,200,108,1,26,0,https://world.openfoodfacts.org/product/5901958613685,1,24,0,0
biedronka,Owolovo Truskawkowo Mus jabłkowo-truskawkowy 200 g,Desery,200,102,1,26,1,https://world.openfoodfacts.org/product/5901958612367,2.6,22,0.2,0.02
biedronka,Président Serek waniliowy 1 kg,Desery,100,138,5.6,14,6.5,https://world.openfoodfacts.org/product/5908275688891,0,13,4.4,0.1
biedronka,Tutti - serek o smaku waniliowym z pokruszoną laską wanilii 150 g,Desery,150,180,7.95,19.6,7.5,https://world.openfoodfacts.org/product/5903111943240,,16.8,4.95,0.15
biedronka,Vital Fresh Mus 100% owoców 200 g,Desery,200,104,0.2,22,0,https://world.openfoodfacts.org/product/5901958614507,3.4,19.4,0,0
biedronka,Winiary Budyń. Smak czekoladowy •z cukrem• 63 g,Desery,63,53.5,2.08,8.44,1.2,https://world.openfoodfacts.org/product/5900862218610,0.25,5.36,0.69,0.06
biedronka,Winiary Budyń. Smak śmietankowy •z cukrem• 60 g,Desery,60,50.4,1.86,8.34,1.08,https://world.openfoodfacts.org/product/5900085000115,,5.22,0.66,0.06
biedronka,Delecta Cukier z dodatkiem wanilii | Premium 12 g,Do wypieków,100,407,0.8,97,1.8,https://world.openfoodfacts.org/product/5900983023414,,90,0,0
biedronka,Gellwe Cukier wanilinowy 16 g,Do wypieków,100,398,0,99,0,https://world.openfoodfacts.org/product/5900552000440,,99,0,0
biedronka,Gellwe Kisiel smak cytrynowy z witaminą C w proszku. 38 g,Do wypieków,38,23.2,0,5.78,0,https://world.openfoodfacts.org/product/5900552000242,,3.8,0,0
biedronka,Grula Skrobia ziemniaczana 1 kg,Do wypieków,100,336,0.6,83,0.1,https://world.openfoodfacts.org/product/5906827020106,0.4,0.2,0,0
biedronka,Bakallino Masa krówkowa kajmakowa 400 g,Dżemy i kremy,100,287,5.8,54,5.5,https://world.openfoodfacts.org/product/5900749563154,1,47,2.6,0.14
biedronka,Biedronka Dżem z pomarańczy 280 g,Dżemy i kremy,100,247,0.5,60,0.5,https://world.openfoodfacts.org/product/5906974018032,0.8,60,0.1,0.01
biedronka,Go Active Masło migdałowe 180 g,Dżemy i kremy,100,624,27,1.5,54,https://world.openfoodfacts.org/product/5900617043924,12,1.5,3.8,0.01
biedronka,Go Active Masło z nerkowców 180 g,Dżemy i kremy,100,608,21,19,48,https://world.openfoodfacts.org/product/5900617043931,7.89,1.6,9.28,0.04
biedronka,"GustoBello Krem czekoladowy z ""cioccolato di Modica I.G.P."" 200 g",Dżemy i kremy,100,554,8.8,42,37,https://world.openfoodfacts.org/product/8017139114265,9.1,29,7.3,0.16
biedronka,Krokus Powidła Jabłkowe 190g,Dżemy i kremy,190,155.8,0.95,38,0,https://world.openfoodfacts.org/product/5906732627407,,30.4,0,0
biedronka,Krokus Powidła śliwkowe 190g,Dżemy i kremy,190,203.3,2.85,45.6,1.14,https://world.openfoodfacts.org/product/5906732627391,0,39.9,0,0
biedronka,Magnetic Kakao ekstra ciemne 200 g,Dżemy i kremy,100,336,25,15,11,https://world.openfoodfacts.org/product/5900552008057,34,1.4,7,0.05
biedronka,Maspex Chocofini krem o smaku czekoladowym 400 g,Dżemy i kremy,100,573,3.1,51,39,https://world.openfoodfacts.org/product/5900910009856,2.7,50,8.9,0.18
biedronka,Miedzychód Powidła śliwkowe 285 g,Dżemy i kremy,100,229,1.1,54,0.5,https://world.openfoodfacts.org/product/5901619150870,,42,0.1,0.01
biedronka,Mleczna Dolina Masa kajmakowa 460 g,Dżemy i kremy,100,288,6.7,49,7.2,https://world.openfoodfacts.org/product/5902377000827,,49,5,0.24
biedronka,Nasza Spiżarnia Brzoskwinie Połówki W Lekkim Syropie 820 g,Dżemy i kremy,100,59,0.5,14,0.5,https://world.openfoodfacts.org/product/5905367066087,1.2,13,0.1,0.01
biedronka,Nuss milki krem orzechowo-kakaowy bez cukru i oleju palmowego 350g,Dżemy i kremy,100,540,6.51,51,37,https://world.openfoodfacts.org/product/5901749013496,2.6,6.91,7.91,0.15
biedronka,Nutella KREM DO SMAROWANIA 825 g,Dżemy i kremy,100,539,6.3,57.5,30.9,https://world.openfoodfacts.org/product/8000500090046,,56.3,10.6,0.11
biedronka,Rapsodia Dżem 250 g,Dżemy i kremy,100,88,0.6,31,0.5,https://world.openfoodfacts.org/product/0099360526848,1,3,0,
biedronka,Rapsodia Dżem czarna porzeczka 220 g,Dżemy i kremy,100,138,1.3,27,0.5,https://world.openfoodfacts.org/product/5906974015758,0,25,0.1,
biedronka,Rapsodia Dżem truskawkowy 410 g,Dżemy i kremy,100,137,0,34,0,https://world.openfoodfacts.org/product/5901713009739,,34,0,
biedronka,Rapsodia Dżem wiśniowy 220 g,Dżemy i kremy,100,150,0.9,33,0.5,https://world.openfoodfacts.org/product/5906974015734,,31,0.1,0.06
biedronka,Rapsodia Dżem z czarnego bzu 410 g,Dżemy i kremy,100,149,1.3,35,0.5,https://world.openfoodfacts.org/product/5900397739185,,34,0.1,0.05
biedronka,Rapsodia Marmolada o smaku dzikiej róży 590 g,Dżemy i kremy,100,238,0.4,57,0.4,https://world.openfoodfacts.org/product/5903295003372,,55,0,0
biedronka,Rapsodia Powidła węgierkowe 280 g,Dżemy i kremy,100,210,1.1,49,0.5,https://world.openfoodfacts.org/product/5900397735903,,49,0.1,0
biedronka,Rapsodia Produkt owocowy z brzoskwiń. 220 g,Dżemy i kremy,220,325.6,1.76,74.8,1.1,https://world.openfoodfacts.org/product/5906974015741,,68.2,0.22,0.13
biedronka,Raspodia Dżem wiśniowy 220 g,Dżemy i kremy,100,149,0.8,34,0.5,https://world.openfoodfacts.org/product/5906716209933,,32,0.1,0.02
biedronka,Wilhelm Reuss GmbH Krem o smaku czekoladowo-orzechowym 400 g,Dżemy i kremy,100,555,3.2,58.8,33.7,https://world.openfoodfacts.org/product/4002309002040,1.8,58.1,7.1,0.18
biedronka,Łowicz Dżem truskawkowy niskosłodzony. 380 g,Dżemy i kremy,100,142,0.5,35,0.5,https://world.openfoodfacts.org/product/5900397732834,,35,0.1,0
biedronka,"Herbapol Herbaciany ogród, malina z żurawiną 54 g (20 x 2,7 g)",Herbata,100,1,0,0,0,https://world.openfoodfacts.org/product/5900956003634,,0,0,0
biedronka,"Lipton Green Ice Tea 1,5 l",Herbata,100,19,0.5,4.6,0.5,https://world.openfoodfacts.org/product/5997264159320,,4.5,0.1,0.04
biedronka,Lipton Herbata czarna z naturalnym aromatem 184 g (92 x 2 g),Herbata,100,4,0.5,0.5,0,https://world.openfoodfacts.org/product/8714100088944,,0.5,0,0
biedronka,Lipton Yellow Label 100 g (2 g x 50 torebek),Herbata,100,4,0.5,0.5,0,https://world.openfoodfacts.org/product/5900300550203,,0.5,0,0
biedronka,Lipton Yellow Label granulowana 100g,Herbata,100,4,0.5,0,0,https://world.openfoodfacts.org/product/8718114822853,,0,0,0
biedronka,Biedronka Jaja z chowu ściołkowego,Jaja,100,139,12.5,0.6,9.7,https://world.openfoodfacts.org/product/5902802760074,0,0,3,0.4
biedronka,Moja kurka Świeże jaja,Jaja,100,139,12.5,0.6,9.7,https://world.openfoodfacts.org/product/5902802760012,,0,3,0.4
biedronka,Ovos Jaja L,Jaja,100,139,12.5,0.6,9.7,https://world.openfoodfacts.org/product/5907809760225,,0,3,0.4
biedronka,Ovovita Jajka L,Jaja,100,139,12.5,0.6,9.7,https://world.openfoodfacts.org/product/5908230849015,,0,3,0.4
biedronka,ActiPlus Mleko fermentowane z sokiem truskawkowym z bakteriami oraz witaminami 600 g (6 x 100 g),Jogurty,100,63,3,10.8,0.9,https://world.openfoodfacts.org/product/9019100573100,0,10.7,0.5,0.1
biedronka,Actiplus Mleko fermentowane z Lactobacillus oraz witaminami B6 i D. 600 g (6 x 100 g),Jogurty,100,63,3,10.7,0.9,https://world.openfoodfacts.org/product/9019100573209,0,10.7,0.5,0.1
biedronka,"Actiplus Mleko fermentowane z sokiem truskawkowym z Lactobacillus, Bifidobacterium oraz witaminami B6 i D 1000 g (10 x 100 g)",Jogurty,100,63,3,10.8,0.9,https://world.openfoodfacts.org/product/9019100563439,0,10.7,0.5,0.1
biedronka,Activia Jogurt Chia 140 g,Jogurty,140,128.8,5.46,7,4.48,https://world.openfoodfacts.org/product/5900643040003,0.98,6.02,2.52,0.18
biedronka,Bakoma Jogurt Bio Fresas 140 g,Jogurty,140,130.2,4.76,19.9,3.5,https://world.openfoodfacts.org/product/5900197022388,,18.6,2.52,0.11
biedronka,Bakoma Jogurt kremowy kokosowy-migdały 250 g,Jogurty,250,322.5,6.75,37.5,16.2,https://world.openfoodfacts.org/product/5900197014567,,35.5,9.75,0.25
biedronka,Bakoma Jogurt kremowy o smaku tarty malinowej 250 g,Jogurty,250,315,6.75,37,15.5,https://world.openfoodfacts.org/product/5900197016530,,34.8,9.25,0.25
biedronka,Bakoma Jogurt naturalny Bio 140 g,Jogurty,140,91,6.72,9.8,2.8,https://world.openfoodfacts.org/product/5900197022548,,9.8,1.96,0.14
biedronka,Danone Actimel o smaku wieloowocowym 600 g (6 x 100 g),Jogurty,100,79,2.8,12.7,1.5,https://world.openfoodfacts.org/product/59046677,,12.5,1,0.1
biedronka,Danone Gratka 115g,Jogurty,115,83.9,2.07,16.2,1.15,https://world.openfoodfacts.org/product/59070573,,14.1,0.69,0.07
biedronka,FruVita Jogurt brzoskwinia-marakuja 400 g,Jogurty,100,91,2.7,14.5,2.5,https://world.openfoodfacts.org/product/5900197006067,,13.2,1.5,0.1
biedronka,FruVita Jogurt o smaku Panna Cotta z truskawkami 350 g,Jogurty,100,96,3.29,15,2.5,https://world.openfoodfacts.org/product/5903767004494,,14.5,1.5,0.85
biedronka,FruVita Jogurt owoce lasu 400 g,Jogurty,100,91,2.7,14.5,2.5,https://world.openfoodfacts.org/product/5900197015182,,13.2,1.5,0.1
biedronka,FruVita Jogurt pitny o smaku suszonej śliwki 0% tłuszczu. 400 g,Jogurty,100,41,3.7,6.2,0.5,https://world.openfoodfacts.org/product/5903767007563,,4.7,0.1,0.13
biedronka,FruVita Jogurt pitny truskawkowy 0% tłuszczu. 400 g,Jogurty,100,41,3.7,6.2,0.5,https://world.openfoodfacts.org/product/5903767007556,,4.6,0.1,0.13
biedronka,FruVita Jogurt pitny z przetartymi owocami i zmielonymi płatkami owsianymi i jaglanymi. 250 g,Jogurty,250,145,6.5,23.8,2,https://world.openfoodfacts.org/product/5903767001677,,19.5,1,0.2
biedronka,FruVita Jogurt pitny z przetartymi owocami i zmielonymi płatkami owsianymi i siemieniem lnianym. 250 g,Jogurty,250,140,7.5,21.8,2.25,https://world.openfoodfacts.org/product/5903767001660,,15.2,1,0.2
biedronka,FruVita Jogurt wiśniowy 400 g,Jogurty,100,91,2.7,14.5,2.5,https://world.openfoodfacts.org/product/5900197010040,,13.2,1.5,0.1
biedronka,FruVita Jogurt z kiwi 350 g,Jogurty,100,97,3.29,15.3,2.5,https://world.openfoodfacts.org/product/5903767004470,,14.9,1.5,0.85
biedronka,FruVita Napój jogurtowy o smaku jagoda - wiśnia. 700 g,Jogurty,100,67,1.7,13,0.8,https://world.openfoodfacts.org/product/5903767009451,,12,0.5,0.1
biedronka,FruVita Premium Truskawka-poziomka 400g,Jogurty,100,98,2.7,16,2.5,https://world.openfoodfacts.org/product/5903767008614,0,14.9,1.5,0.1
biedronka,FruVita Pure Jogurt Mango Banan Marakuja 150 g,Jogurty,150,132,5.85,15.9,4.65,https://world.openfoodfacts.org/product/5903767002452,,14,2.7,0.22
biedronka,Fruvita Jogurt 400 g,Jogurty,100,57,3.5,5.2,2.5,https://world.openfoodfacts.org/product/5903767006122,,5.2,1.5,0.13
biedronka,Fruvita Jogurt Truskawka Poziomka 400 g,Jogurty,100,84,2.7,12.6,2.5,https://world.openfoodfacts.org/product/5903767003466,0.2,11.4,1.5,0.1
biedronka,Fruvita Jogurt jagodowy 400 g,Jogurty,100,60,2.4,8,1.8,https://world.openfoodfacts.org/product/5903767003459,0.12,7.33,1.2,0.1
biedronka,Fruvita Mixo Jabłko-Gruszka 700 g,Jogurty,100,66,1.7,13.1,0.8,https://world.openfoodfacts.org/product/5903767003787,0.03,11.6,0.5,0.1
biedronka,Fruvita jogurt pitny skyr waniliowy,Jogurty,100,84,7,10.2,1.7,https://world.openfoodfacts.org/product/5903767003176,0.06,10.2,1,0.38
biedronka,Jogobella Jogurt brzoskwiniowy 175 g,Jogurty,175,159.2,6.12,21.3,4.73,https://world.openfoodfacts.org/product/5906040063591,,20.5,3.15,0.25
biedronka,Jogurt Jogobella 330 g,Jogurty,100,90,3.48,12,2.7,https://world.openfoodfacts.org/product/4014500501994,,11.4,1.8,0.14
biedronka,Piątnica Jogurt naturalny 0% tłuszczu o wysokiej zawartości białka 150 g,Jogurty,150,99,18,6.9,0,https://world.openfoodfacts.org/product/5900531004407,,6.6,0,0.15
biedronka,Tola Jogurt naturalny 400 g,Jogurty,100,57,3.5,5.2,2.5,https://world.openfoodfacts.org/product/5908250801055,0,5.2,1.5,0.13
biedronka,Tola Jogurt naturalny z wapniem 250 g,Jogurty,250,150,11.2,15,5,https://world.openfoodfacts.org/product/5902057003155,,15,1.5,0.2
biedronka,Tolonis Jogurt naturalny typu greckiego 2% tłuszczu. 150 g,Jogurty,150,105,13.5,6,3,https://world.openfoodfacts.org/product/5900531004124,,5.85,2.4,0.09
biedronka,Tolonis Jogurt naturalny typu greckiego 400 g,Jogurty,100,126,3.6,5.4,10,https://world.openfoodfacts.org/product/5903767009741,0,5.4,6,0.13
biedronka,Vitello Serek o smaku waniliowym 400 g,Jogurty,100,138,5.6,14,6.5,https://world.openfoodfacts.org/product/5908275688921,,13,4.4,0.1
biedronka,Zott Jogobella 380 g,Jogurty,100,97,3.5,13.7,2.7,https://world.openfoodfacts.org/product/5906040063584,,13.3,1.8,0.12
biedronka,Zott Jogurt jabłko i gruszka 150 g,Jogurty,150,114,6.45,8.4,4.5,https://world.openfoodfacts.org/product/5906040063430,4.5,7.35,3,0.21
biedronka,"Mleczna Dolina Kefir naturalny 1,5 % tłuszczu 400 g",Kefiry i maślanki,400,176,12.8,18,6,https://world.openfoodfacts.org/product/5900120005136,,13.6,4.4,0.4
biedronka,Mleczna Dolina Maślanka Naturalna 1 l,Kefiry i maślanki,100,48,3.5,5,1.5,https://world.openfoodfacts.org/product/5900820005146,,5,1,0.1
biedronka,Mleczna Dolina Maślanka truskawkowa 1 l,Kefiry i maślanki,100,72,3.5,11,1.5,https://world.openfoodfacts.org/product/5900120004559,,9.7,1,0.1
biedronka,El Toro Rojo Fuet Extra 160 g,Kiełbasy i parówki,100,422,27,1.4,34,https://world.openfoodfacts.org/product/8410762010810,0,1.4,12.2,3.7
biedronka,Konspol Kabanosy z kurczaka,Kiełbasy i parówki,100,253,22,0,18.3,https://world.openfoodfacts.org/product/5900962011593,,0,6,2.5
biedronka,Kraina Wędlin Frankfuterki wędzone 270 g,Kiełbasy i parówki,100,313,16.8,0.8,27,https://world.openfoodfacts.org/product/20509712,,0.5,11,2.3
biedronka,Kraina Wędlin Kiełbasa Myśliwska 270g,Kiełbasy i parówki,100,304,28,0.7,21,https://world.openfoodfacts.org/product/5906245779020,,0.5,7,3
biedronka,Kraina Wędlin Kiełbasa Żywiecka 286 g,Kiełbasy i parówki,100,216,22,0.5,14,https://world.openfoodfacts.org/product/20498054,0,0,5.59,3
biedronka,Kraina Wędlin Kiełbasa Żywiecka z indyka 90 g,Kiełbasy i parówki,90,144,20.7,0.27,6.66,https://world.openfoodfacts.org/product/5900567012001,0.09,0.09,1.98,2.52
biedronka,Kraina Wędlin Kiełbaski białe z szynki 270g,Kiełbasy i parówki,100,241,17,0.6,19,https://world.openfoodfacts.org/product/5900562472312,,0.5,8,1.6
biedronka,Kraina Wędlin Parówki z szynki,Kiełbasy i parówki,100,285,14,0.7,28,https://world.openfoodfacts.org/product/5908226814751,0.8,0.7,10,2.1
biedronka,Kraina Wędlin Szynka Wędzona,Kiełbasy i parówki,100,114,20,1.1,3,https://world.openfoodfacts.org/product/5900562435614,,0.6,1.2,2.3
biedronka,Kraina wędlin Kiełbasa sucha Krakowska 100 g,Kiełbasy i parówki,100,212,28,0.2,11,https://world.openfoodfacts.org/product/5900567010816,0.1,0,4.1,3.4
biedronka,"Kraina wędlin Kiełbasa śląska grillowana 1,212 kg",Kiełbasy i parówki,100,258,13,2.2,22,https://world.openfoodfacts.org/product/2945090012121,1.3,1,8.2,2.1
biedronka,Kraina wędlin Kiełbasa śląska ~1313 g,Kiełbasy i parówki,100,249,15,2,20,https://world.openfoodfacts.org/product/2936645013137,,0.5,8.5,1.9
biedronka,Kraina wędlin Kiełbasa żywiecka z szynki. 100 g,Kiełbasy i parówki,100,216,27,0.1,12,https://world.openfoodfacts.org/product/5900505018706,,0,4.4,2.6
biedronka,Kraina wędlin Kiełbaski z szynki i cielęciny,Kiełbasy i parówki,100,285,14,0.5,25,https://world.openfoodfacts.org/product/5907701803440,0.9,0.5,11,
biedronka,Krakus Kiełbasa podwawelska 500 g,Kiełbasy i parówki,100,257,15,2,21,https://world.openfoodfacts.org/product/5901784160896,,2,8.4,2
biedronka,Morliny Berlinki classic 300 g,Kiełbasy i parówki,100,252,13,2.7,21,https://world.openfoodfacts.org/product/5900567009681,,0.8,8.2,2.5
biedronka,Morliny Kiełbaski z kurczaka 360 g,Kiełbasy i parówki,100,230,18,1.3,17,https://world.openfoodfacts.org/product/5901664006276,,0.5,5.2,2.1
biedronka,Sokołów Kabanos Chili 120 g,Kiełbasy i parówki,100,490,25,5.3,41,https://world.openfoodfacts.org/product/5900562560309,,1.9,16,3.1
biedronka,"Sokołów Kabanosy klasyczne wieprzowo-wołowe, drobno rozdrobnione, wędzone, parzone, suszone. 120 g",Kiełbasy i parówki,100,564,27,1,48,https://world.openfoodfacts.org/product/5900562560606,,0.5,19,3.5
biedronka,Sokołów Kiełbasa biała wieprzowa 480 g,Kiełbasy i parówki,100,289,14.6,1.04,25,https://world.openfoodfacts.org/product/5900562556104,,0.52,10,1.56
biedronka,Tarczyński Kabanos drobiowo-wieprzowy 300 g,Kiełbasy i parówki,100,428,21,6.4,35,https://world.openfoodfacts.org/product/5908230523144,,2.3,13,3.1
biedronka,Tarczyński Kabanos excellence z indyka z dodatkiem wieprzowiny 100 g,Kiełbasy i parówki,100,490,25,2.9,42,https://world.openfoodfacts.org/product/5908230524639,,0.5,17,2.7
biedronka,Biedronka Ogórki ćwiartki 670g,Konserwy,100,43,0.5,9.5,0.5,https://world.openfoodfacts.org/product/5900907005847,,9.5,0.1,1.3
biedronka,Biedronka maliny w lekkim syropie 400 g,Konserwy,100,87,0.7,19,0.2,https://world.openfoodfacts.org/product/5905643054975,2.9,19,0,0.01
biedronka,Culineo Koncentrat Pomidorowy 30% 190 g,Konserwy,100,116,3.9,21,0,https://world.openfoodfacts.org/product/5906716208707,4.4,15,0,0.05
biedronka,ELIOS papryczki pikantne nadziewane serem 270 g / 150 g,Konserwy,100,133,5.41,3.7,10,https://world.openfoodfacts.org/product/5904378645045,1.4,1,5.19,1.4
biedronka,Elios Oliwki zielone z migdałami 350 g,Konserwy,100,214,3.6,1,21,https://world.openfoodfacts.org/product/5201306818220,5.2,0.1,2.9,3.5
biedronka,GoBIO Groszek 250g,Konserwy,250,177.5,13.2,19,2.25,https://world.openfoodfacts.org/product/5900907006479,14.2,1.75,0.5,0.55
biedronka,GustoBello Carciofi 170 g (280 g),Konserwy,170,34,2.04,4.59,0.85,https://world.openfoodfacts.org/product/5904378645199,2.55,1.7,0.17,3.74
biedronka,Krakus Ćwikła z chrzanem 240 g,Konserwy,240,124.8,4.08,21.8,1.2,https://world.openfoodfacts.org/product/5900397738508,,19.7,0,1.42
biedronka,Nasza Spiżarnia Ananas plastry w soku,Konserwy,100,56,0.5,13,0.5,https://world.openfoodfacts.org/product/5907180314901,1,13,0,0.01
biedronka,Nasza Spiżarnia Korniszony z chili 680 g,Konserwy,100,17,1.3,1.5,0.5,https://world.openfoodfacts.org/product/5904378640064,2,0.5,0.1,1.5
biedronka,Nasza Spiżarnia Kukurydza słodka 340 g,Konserwy,100,77,2.9,11,1.8,https://world.openfoodfacts.org/product/5901713008756,2.8,5.21,0.4,0.45
biedronka,Nasza Spiżarnia Pomidory Krojone 400 g,Konserwy,100,19,1.1,3.2,0,https://world.openfoodfacts.org/product/5901713002198,1.1,3.1,0,0.4
biedronka,Nasza spiżarnia Mieszanka owoców w lekkim syropie 155 g (400 g),Konserwy,155,105.4,0.78,24.8,0.62,https://world.openfoodfacts.org/product/5905643054999,4.81,20.2,0.16,0.02
biedronka,Nasza spiżarnia Ogórki konserwowe,Konserwy,100,30,0.7,6.3,0.5,https://world.openfoodfacts.org/product/5900907006660,0.5,4.4,0.1,0.9
biedronka,Nasza spiżarnia groszek konserwowy 400g,Konserwy,100,86,4.6,12,0.8,https://world.openfoodfacts.org/product/3435649824941,5.8,1.6,0.1,0.38
biedronka,Provitus Cetriolini al chili 300 g (przed odsączeniem 640 g),Konserwy,100,42,0.6,9.6,0,https://world.openfoodfacts.org/product/5900580000726,0.5,7.6,0,1.1
biedronka,Provitus Kapusta kwaszona duszona 480 g,Konserwy,100,60,0.9,4.8,3.7,https://world.openfoodfacts.org/product/5900580004861,1.9,2.6,0.3,1.2
biedronka,Provitus Kapusta zasmażana 480 g,Konserwy,100,107,1.5,12,5.6,https://world.openfoodfacts.org/product/5900580002645,2.5,6,0.4,1.2
biedronka,Smaki Świata Oliwki czarne drylowane 150 g (przed odsączeniem 340 g),Konserwy,100,133,0.5,0,14,https://world.openfoodfacts.org/product/8410791049553,,0,2.2,1.5
biedronka,Sottile Gusto Przecier pomidorowy 500 g,Konserwy,100,23,1.3,3.8,0.5,https://world.openfoodfacts.org/product/5901713013309,,3.2,0.1,0.02
biedronka,Biedronka Sorbet mango 650 g,Lody,100,106,0.5,26,0.3,https://world.openfoodfacts.org/product/5907180312334,0.5,24,0.1,0
biedronka,Carte D'or Lody waniliowe 490 g (1000 ml),Lody,100,192,2.1,29,7.4,https://world.openfoodfacts.org/product/8722700127796,,22,6.7,0.11
biedronka,E. Wedel Śmietankowe 60 g (90 ml),Lody,60,211.8,3.18,17.4,14.4,https://world.openfoodfacts.org/product/5901588088563,1.08,16.2,7.8,0.07
biedronka,Koral Lody śmietankowe - kostka śnieżna 87 g (180 ml),Lody,87,170.5,3.22,21.8,7.83,https://world.openfoodfacts.org/product/5902121011765,,16.5,6.61,0.17
biedronka,Marletto Almond 86 g,Lody,86,296.7,4.13,26.7,18.9,https://world.openfoodfacts.org/product/5907377116646,1.55,24.9,12,0.08
biedronka,Marletto Belgijska Czekolada 500 ml,Lody,100,288,4.4,27,18,https://world.openfoodfacts.org/product/4716970008996,3.2,27,11,0.06
biedronka,Marletto Lody kawowe 430 g (500 ml),Lody,100,234,4.2,21,15,https://world.openfoodfacts.org/product/5907377115885,,20,9.4,0.11
biedronka,Marletto Lody o smaku czekoladowym 110 ml,Lody,110,224.4,5.06,29.7,9.35,https://world.openfoodfacts.org/product/5907377116172,0.66,24.2,8.25,0.15
biedronka,Marletto Lody o smaku śmietankowym 475 g (1 l),Lody,100,195,3.1,23,10,https://world.openfoodfacts.org/product/5907377115113,,21,9,0.1
biedronka,Marletto Rożek z czekoladą 71 g (120 ml),Lody,71,232.9,3.27,26.3,12.8,https://world.openfoodfacts.org/product/5907377116578,1.85,18.5,9.23,0.09
biedronka,Marletto Salted Caramel Lava 81 g,Lody,81,277,3.56,27.5,17,https://world.openfoodfacts.org/product/5907377116677,0.65,25.1,10.5,0.35
biedronka,Marletto Słony Karmel 150 ml,Lody,100,280,3.8,32,15,https://world.openfoodfacts.org/product/4770237055185,0.8,26,11,0.4
biedronka,Marletto White Almond 86 g (120 ml),Lody,86,295,3.7,28.4,18.1,https://world.openfoodfacts.org/product/5907377116660,0.86,26.7,11.2,0.1
biedronka,Nestlé Kaktus 8+1 432 g (9 x 48 g),Lody,48,63.8,0.24,12,1.63,https://world.openfoodfacts.org/product/5900130031996,0.24,8.64,1.39,0
biedronka,"Snickers Lody 73,5 g (91 ml)",Lody,73.5,199.2,3.01,19.8,11.8,https://world.openfoodfacts.org/product/5000159462037,,15.4,6.25,0.12
biedronka,Alberto Poiatti Anelli siciliani 1000 g,Makaron,100,356,12,73,1.5,https://world.openfoodfacts.org/product/8006222300333,2.6,2.4,0.3,0
biedronka,Asia Style Spaghetti Konjac 270/200 g,Makaron,200,12,0,2.6,0,https://world.openfoodfacts.org/product/5901619992388,0,0,0,0
biedronka,Go Vege Spaghetti 100% z ciecierzycy 250 g,Makaron,100,408,25,56,6,https://world.openfoodfacts.org/product/5941634004123,15,10,0.7,0
biedronka,Goliard Makaron szlachecki jajeczny. Wstażki - Gniazda 400 g,Makaron,100,367,13,70,3.1,https://world.openfoodfacts.org/product/5900252000603,,3.4,0.9,0.03
biedronka,Jeronimo Martons Makaron szlachecki 250 g,Makaron,100,367,12,72,3.2,https://world.openfoodfacts.org/product/5900252000467,,2.3,0.9,0.04
biedronka,Makarony Polskie PASTANI PENNE 500 g,Makaron,100,358,15,70,1.6,https://world.openfoodfacts.org/product/5900354036920,,3.8,0.6,0.01
biedronka,Melissa Pasta Kids,Makaron,100,354,12,72.1,1.5,https://world.openfoodfacts.org/product/5201193204021,,3.8,0.3,0.03
biedronka,Pastani Makaron Cavatappi 500 g,Makaron,100,358,15,70,1.6,https://world.openfoodfacts.org/product/5900354037934,3.4,3.8,0.6,0.01
biedronka,goBIO Makaron spaghetti 500 g,Makaron,100,357,12,73,1.5,https://world.openfoodfacts.org/product/8008993491821,,3.5,0.3,1
biedronka,Jana Masło ekstra wiejskie 200 g,Masło,100,743,0.5,0.7,82,https://world.openfoodfacts.org/product/5902476000742,,0.7,54,0.02
biedronka,Masło extra Łaciate 200 g,Masło,100,753,0.6,0.8,83,https://world.openfoodfacts.org/product/5900820000257,,0.8,54,0
biedronka,Mleczna Dolina Masło Extra 200 g,Masło,100,745,0.7,1,82,https://world.openfoodfacts.org/product/5907616900920,,0.7,57,0
biedronka,Mleczna Dolina Masło ekstra 200 g,Masło,100,744,0.7,0.7,82,https://world.openfoodfacts.org/product/5900120025288,,0.7,55,0
biedronka,Mleczna Dolina Masło ekstra bez laktozy 200 g,Masło,100,744,0.7,0.7,82,https://world.openfoodfacts.org/product/5900120025578,,0.7,55,0
biedronka,Mleczna Dolina Masło osełkowe 300 g,Masło,100,744,0.7,0.7,82,https://world.openfoodfacts.org/product/5905477001220,,0.7,55,0.2
biedronka,Mleczna Dolina Masło osełkowe ekstra 300 g,Masło,100,746,1,1,82,https://world.openfoodfacts.org/product/5900512983264,,1,54,0.2
biedronka,Mleczna Dolina Masło osełkowe extra 300 g,Masło,100,744,0.7,0.7,82,https://world.openfoodfacts.org/product/5902495001027,,0.6,55,0.02
biedronka,Mlekovita Masło ekstra z Kościana 250 g,Masło,100,746,1,1,82,https://world.openfoodfacts.org/product/5901062001514,,1,54,0.02
biedronka,Mlekovita Masło osełka 500 g,Masło,100,750,0,0,82,https://world.openfoodfacts.org/product/5900512300146,0,0,54,0
biedronka,Sierpc Masło królewskie 200 g,Masło,100,740,0.7,1,82,https://world.openfoodfacts.org/product/5901753000383,,0.7,57,0
biedronka,Łowicz Masło Ekstra 82% 200 g,Masło,100,744,0.7,0.7,82,https://world.openfoodfacts.org/product/5900120025004,,0.7,55,0
biedronka,"Biedronka Kiełbasa krakowska - konserwa wieprzowa grubo rozdrobniona, sterylizowana 280 g",Mięso,100,167,16,0.5,11,https://world.openfoodfacts.org/product/5901874905079,,0.5,4.11,1
biedronka,Czas Na Grill Szaszłyk Drobiowy Z Chorizo 390 g,Mięso,100,106,9.3,3.9,5.9,https://world.openfoodfacts.org/product/5902487128855,1.3,2.3,2.4,
biedronka,Dania Express Hamburgery 250 g,Mięso,250,535,37.5,16.5,35,https://world.openfoodfacts.org/product/20481148,2.5,1.5,9,5
biedronka,Dania Express Polędwiczki z kurczaka panierowane 400 g,Mięso,100,175,18.5,7.8,7.7,https://world.openfoodfacts.org/product/5900757062090,0.5,0.3,0.9,1.8
biedronka,Kraina Mięs Indyk w sosie maślano-koperkowym 500 g,Mięso,100,165,19,0.9,9.2,https://world.openfoodfacts.org/product/5902808181750,1.1,0.9,4.2,0.7
biedronka,Kraina Mięs Mięso mielone z karkówki 400 g,Mięso,100,244,16,0,20,https://world.openfoodfacts.org/product/5902686170716,,0,9,0.12
biedronka,Kraina Mięs Szynka wieprzowa 500 g,Mięso,100,99,16,1.3,3.2,https://world.openfoodfacts.org/product/5901545009020,,0.7,1.3,0.92
biedronka,Kraina Mięs Tatar wołowy 250 g,Mięso,250,290,47.5,1.25,10,https://world.openfoodfacts.org/product/5900562509209,,0,2.5,5.75
biedronka,Kraina Mięs mięso mielone z łopatki wieprzowej i wołowiny 400g,Mięso,100,200,19,0.5,14,https://world.openfoodfacts.org/product/5903282202719,,0.5,5.6,0.1
biedronka,Kraina Wędlin Boczek Wedzony 0.486kg,Mięso,100,305,15,0.5,27,https://world.openfoodfacts.org/product/2960856004868,0,0.5,11,2.5
biedronka,Kraina Wędlin Salceson Wieprzowy 300 g,Mięso,100,176,15,3.9,11,https://world.openfoodfacts.org/product/5907701800777,,0.5,4,1.7
biedronka,Kraina mięs Mięso mielone,Mięso,100,194,18,1.2,13,https://world.openfoodfacts.org/product/4908673601165,,0.5,5,0.1
biedronka,Krakus Gulasz angielski 95 % mięsa 300 g,Mięso,100,241,17,0.5,19,https://world.openfoodfacts.org/product/5900244010030,,0,7.6,2.1
biedronka,Krakus Polędwica łososiowa wieprzowa 452 g,Mięso,100,106,21,2,1.6,https://world.openfoodfacts.org/product/2941529004521,,1,0.6,6.25
biedronka,Morliny Boczek 150 g,Mięso,100,308,13,1,28,https://world.openfoodfacts.org/product/5900244001199,,0,9.8,2
biedronka,Nasze Smaki Mięsiwo w sosie własnym 300 g,Mięso,100,149,18,0.5,8.7,https://world.openfoodfacts.org/product/5907501019911,,0.5,3.1,1.7
biedronka,Sokołów Golonka Wieprzowa 300 g,Mięso,100,150,17,0.5,9,https://world.openfoodfacts.org/product/5900562432248,,0.5,3.6,2
biedronka,Sokołów Kabanosy bekonowe z pieprzem 120 g,Mięso,100,546,26,2,48,https://world.openfoodfacts.org/product/5900562560200,,1.5,17,3.1
biedronka,Strzała Konserwa mięsna z dziczyzny z dodatkiem mięsa wieprzowego 300 g,Mięso,100,226,13,2.5,18,https://world.openfoodfacts.org/product/5903111916473,1,1,6,1.7
biedronka,Swojska Chata Golonka wieprzowa bez kości 420 g,Mięso,100,210,18,0.8,15,https://world.openfoodfacts.org/product/2938820004206,0.5,0.5,6,1.4
biedronka,Vital Fresh Sałatka z kurczakiem 200 g,Mięso,200,274,14,9.2,19,https://world.openfoodfacts.org/product/5904378243654,5.2,6.6,3.2,1.96
biedronka,Yeemy Pikantne skrzydełka panierowane z kurczaka,Mięso,100,249,16,10,16,https://world.openfoodfacts.org/product/5900757060768,1.1,0.9,3.7,2.1
biedronka,"Go Bio Mleko 3,9 % 1 l",Mleko,100,67,3.1,4.8,3.9,https://world.openfoodfacts.org/product/5901939004198,,4.8,2.3,0.1
biedronka,"Go Bio UHT Mleko 3,5%",Mleko,100,63,3.2,4.7,3.5,https://world.openfoodfacts.org/product/5900512985428,,4.7,2.3,0.1
biedronka,Mleczna Dolina MLEKO 1 l,Mleko,100,44,3,4.7,1.5,https://world.openfoodfacts.org/product/5900120010277,,4.7,1,0.1
biedronka,Mleczna Dolina Milk Lactose free 3.2% UHT,Mleko,100,60,3,4.7,3.2,https://world.openfoodfacts.org/product/5900120010970,0,4.7,1.9,0.1
biedronka,"Mleczna Dolina Mleko 1,5% 1 l",Mleko,100,44,3,4.7,1.5,https://world.openfoodfacts.org/product/5900512320618,,4.7,1,0.1
biedronka,"Mleczna Dolina Mleko UHT 0,5 % 1 l",Mleko,100,38,3.3,5,0.5,https://world.openfoodfacts.org/product/5900820002527,,5,0.3,0.1
biedronka,"Mleczna Dolina Mleko Świeże 2,0% 1l",Mleko,100,50,3.3,4.8,2,https://world.openfoodfacts.org/product/5900820009854,,4.8,1.2,0.1
biedronka,Mleczna Dolina Mleko świeże 1 l,Mleko,100,60,3,4.7,3.2,https://world.openfoodfacts.org/product/5900512850375,,4.7,2,0.1
biedronka,"Mleczna Dolina Mleko świeże bez laktozy 2,0% 1 l",Mleko,100,49,3,4.7,2,https://world.openfoodfacts.org/product/5902495001362,,4.7,1.2,0.1
biedronka,Mleczna Dolina bita śmietana spray 255 g,Mleko,100,239,2.6,18,21,https://world.openfoodfacts.org/product/8585002595171,0,17,9.6,0.13
biedronka,"Mleczna Dolina mleko UHT 3,2% 1l",Mleko,100,60,3,4.8,3.2,https://world.openfoodfacts.org/product/5900512320625,,4.8,2,0.1
biedronka,"Mleczna Zagroda Mleko UHT 1,5% 1l",Mleko,100,46,3.3,4.8,1.5,https://world.openfoodfacts.org/product/5908235956343,,4.8,1,0.1
biedronka,OSM Łowicz Mleko UHT 1 l,Mleko,100,60,3,4.7,3.2,https://world.openfoodfacts.org/product/5900120011601,,4.7,1.9,0.1
biedronka,SM Mlekowita S.A. Mleko UHT bez laktozy 1 l,Mleko,100,60,3,4.7,3.2,https://world.openfoodfacts.org/product/5900512982120,,4.7,2,0.1
biedronka,Łaciate mleko 500 g,Mleko,100,499,26,38,27,https://world.openfoodfacts.org/product/5900820000554,,38,17,0.8
biedronka,Mroźna Kraina Borówka 300 g,Mrożonki,100,59,0.8,11.8,0.2,https://world.openfoodfacts.org/product/5901028917507,3.4,10.2,0,0
biedronka,Mroźna Kraina Brokuły różyczki 450 g,Mrożonki,100,20,1.8,1.8,0.5,https://world.openfoodfacts.org/product/5901581210176,,1.2,0.1,0.03
biedronka,Mroźna Kraina Brzoskwinia 300 g,Mrożonki,100,45,0.6,9.9,0,https://world.openfoodfacts.org/product/5901028917521,1.3,8.7,0,0.02
biedronka,Mroźna Kraina Jagody leśne 300 g,Mrożonki,100,58,0.4,12.1,0.4,https://world.openfoodfacts.org/product/5902966009002,2,9.73,0.13,0
biedronka,"Mroźna Kraina Warzywa na patelnie ""po hiszpańsku"" 450 g",Mrożonki,100,53,1.8,7.1,1.2,https://world.openfoodfacts.org/product/5901028913554,3.4,,,
biedronka,"Mroźna Kraina Warzywa na patelnie ""po indyjsku"" 450 g",Mrożonki,100,47,2.7,5.7,0.5,https://world.openfoodfacts.org/product/5901028913592,4.6,2.8,0.1,0.35
biedronka,Mroźna Kraina Warzywa na patelnię letnie 700 g,Mrożonki,100,57,1.7,6.8,2.2,https://world.openfoodfacts.org/product/5900972010647,1.8,4.4,0.3,0.64
biedronka,Mroźna Kraina Warzywa na patelnię z ziemniakami 750g,Mrożonki,100,62,1.9,9.4,1.3,https://world.openfoodfacts.org/product/5901581232413,2.5,1.3,0.5,0.07
biedronka,Mąka kukurydziana,Mąka,100,352,8.3,73,2.1,https://world.openfoodfacts.org/product/5906827022049,3.8,0.9,0.4,0.01
biedronka,Plony Natury Mąka extra pszenna Typ 405 1kg,Mąka,100,358,12,73,1.3,https://world.openfoodfacts.org/product/5905669800587,2.9,0.5,0.3,0
biedronka,Złote Pola Mąka tortowa pszenna typ 450 1 kg,Mąka,100,350,12,73,1.5,https://world.openfoodfacts.org/product/5900766000519,,2.1,0.4,0.01
biedronka,"Mleczna Dolina Mleko zagęszczone UHT 7,5% 500 g",Nabiał,100,134,5.5,11,7.5,https://world.openfoodfacts.org/product/5900512990453,,11,4.8,0.18
biedronka,Mlekovita Instant WPC 80 smak Bananowy 700g,Nabiał,100,397,76.7,9,6,https://world.openfoodfacts.org/product/5900512984803,,9,4,0.69
biedronka,4Move Vitamin Water Fat Killer Napój niegazowany smak grejpfruta i cytryny 556ml,Napoje,100,10,0,2.2,0,https://world.openfoodfacts.org/product/2000000150885,0,2,0,0
biedronka,Be Power Gazowany napój energetyzujący z tauryną i naturalną kofeiną. 1 l,Napoje,100,46,0,11,0,https://world.openfoodfacts.org/product/5900446013945,0,11,0,0.18
biedronka,Be power 100% energy drink 500 ml,Napoje,500,115,0,24.5,0,https://world.openfoodfacts.org/product/5902854106509,0,24.5,0,0.8
biedronka,Be power party energy drink 500 ml,Napoje,500,15,0,0,0,https://world.openfoodfacts.org/product/5902854105885,0,0,0,1
biedronka,BePower Energy Drink Sugar Free 250 ml,Napoje,250,7.5,0,0,0,https://world.openfoodfacts.org/product/5902854105076,,0,0,0.4
biedronka,BePower Energy drink classic 1 l,Napoje,100,20,0,5,0,https://world.openfoodfacts.org/product/5901068111439,0,4.9,0,0.1
biedronka,Biedronka Cola Original Zero 1.5 l,Napoje,100,1,0,0,0,https://world.openfoodfacts.org/product/5902605900158,0,0,0,0
biedronka,Biedronka Orango 2l,Napoje,100,29,0,6.9,0,https://world.openfoodfacts.org/product/5902759006348,0,6.9,0,0
biedronka,Black Energy cytrusowy 250 ml,Napoje,250,102.5,0,24.8,0,https://world.openfoodfacts.org/product/5900552083382,,24.8,0,0.15
biedronka,Cafe d'Or Kawa mrożona cappuccino 230 ml,Napoje,230,158.7,8.05,23.7,3.45,https://world.openfoodfacts.org/product/4000980552113,0,23.2,2.07,0.51
biedronka,Cafe d'Or Kawa mrożona latte waniliowa 250 ml,Napoje,250,137.5,5.75,21.8,3,https://world.openfoodfacts.org/product/5902854100347,,21.8,2,0.25
biedronka,Cafe d'Or Milk espresso 250 ml,Napoje,250,137.5,5.75,21.8,3,https://world.openfoodfacts.org/product/5902854100330,,21.8,2,0.25
biedronka,Cafe d'Or Napój mleczno-kawowy o smaku waniliowego latte. 250 ml,Napoje,250,87.5,6.5,9,2.75,https://world.openfoodfacts.org/product/5902854103072,0,9,2,0.25
biedronka,Cafe d'Or Rozpuszczalny napój kawowy o smaku śmietankowym 130 g,Napoje,130,579.8,6.5,105.3,14.3,https://world.openfoodfacts.org/product/5900649057500,,74.1,12.5,0.9
biedronka,Coca Cola 500ml,Napoje,500,210,0,53,0,https://world.openfoodfacts.org/product/54491472,,53,0,0
biedronka,"Cola Original 1,5 l",Napoje,100,38,0,9.6,0,https://world.openfoodfacts.org/product/0590044601714,,9.6,0,0
biedronka,Cola Original 2 l,Napoje,100,39,0,9.6,0,https://world.openfoodfacts.org/product/5902759006058,,9.6,0,0
biedronka,Cola original Zero 2 l,Napoje,100,0.2,0,0,0,https://world.openfoodfacts.org/product/5900446015260,0,0,0,0
biedronka,Dar Lata Syrop o smaku malinowo-cytrynowym,Napoje,100,24,0,4.9,0,https://world.openfoodfacts.org/product/5903641112260,0,4.7,0,0.03
biedronka,Dar Lata Syrop o smaku maliny 1 l,Napoje,100,45,0,10,0,https://world.openfoodfacts.org/product/5905912424997,,8.8,0,0
biedronka,Excellence Syrop aroniowy 430 ml,Napoje,100,340,0,84,0,https://world.openfoodfacts.org/product/5905912421378,,74,0,0
biedronka,"Excellence Syrop o smaku malinowo-cytrynowym 1,5 l",Napoje,100,38,0,8.5,0,https://world.openfoodfacts.org/product/5905912428490,0,7.2,0,0.02
biedronka,Excellence Syrop pędy sosny 430 ml,Napoje,430,1500.7,0,369.8,0,https://world.openfoodfacts.org/product/5905912421392,,326.8,0,0
biedronka,Go Active Napój proteinowy - czekolada 250 g,Napoje,250,150,25,11.5,0.5,https://world.openfoodfacts.org/product/8595588203094,0,11.2,0.28,0.25
biedronka,Go Active Napój proteinowy - słony karmel 250 g,Napoje,250,147.5,25,11.2,0.25,https://world.openfoodfacts.org/product/8595588204091,0,11,0.07,0.25
biedronka,Go Active Napój proteinowy - wanilia 250 g,Napoje,250,147.5,25,11.5,0.25,https://world.openfoodfacts.org/product/8595588202899,0,11.2,0.07,0.22
biedronka,Go Bio Kanadyjski Syrop Klonowy 189 ml,Napoje,189,491.4,0,122.8,0,https://world.openfoodfacts.org/product/5903895639766,0,115.3,0,0
biedronka,Go Bio Syrop z Agawy 250 g,Napoje,250,755,1.25,187.5,0,https://world.openfoodfacts.org/product/5907707118449,,187.5,0,0.05
biedronka,"Green Hills Ice Tea 1,5l",Napoje,100,28,0,6.9,0,https://world.openfoodfacts.org/product/5901088012341,0,6.7,0,0.02
biedronka,Hellena Oranżada czerwona,Napoje,100,35,0,8.6,0,https://world.openfoodfacts.org/product/5900352008738,,8.6,0,0.01
biedronka,"Hellena biała 1.25 1,25 l",Napoje,100,35,0,8.6,0,https://world.openfoodfacts.org/product/5900352008721,,8.6,0,0
biedronka,"Herbapol Kiwi suplement diety w postaci syropu o smaku kiwi, pasteryzowany 420 ml",Napoje,100,316,0,79,0,https://world.openfoodfacts.org/product/5900956101590,,77,0,0.01
biedronka,Herbapol Syrop o smaku pomarańczowym z dodatkiem witamin i cynku 500 ml,Napoje,500,1580,0,395,0,https://world.openfoodfacts.org/product/5900956104485,0,385,0,0.05
biedronka,Herbapol Syrop owocowy o smaku malinowym 980 ml,Napoje,100,320,0,80,0,https://world.openfoodfacts.org/product/5900956104188,,78,0,0.01
biedronka,Herbapol Wiśnia,Napoje,100,320,0,80,0,https://world.openfoodfacts.org/product/5900956103594,,78,0,0.02
biedronka,Herbarium Syrop z imbiru,Napoje,100,274,0,68,0,https://world.openfoodfacts.org/product/5902036003237,0,68,0,0
biedronka,Herbarium Syrop z kwaitów hibiskusa 250 ml,Napoje,250,700,0,175,0,https://world.openfoodfacts.org/product/5902036004098,,160,0,0
biedronka,Hoop Cola original 500 ml,Napoje,500,190,0,48,0,https://world.openfoodfacts.org/product/5901597866206,0,48,0,0
biedronka,Hrebarium Syrop o smaku liczi z guawą 440 ml,Napoje,440,1372.8,2.2,343.2,2.2,https://world.openfoodfacts.org/product/5901886036358,,330,0.44,0.04
biedronka,Kubuś Play Malina 400 ml,Napoje,400,88,0,21.6,2,https://world.openfoodfacts.org/product/5901067404600,2,21.6,0.4,0
biedronka,Magnetic Kakao o obniżonej zawartości tłuszczu ekstra ciemne 200 g,Napoje,100,309,24,13,11,https://world.openfoodfacts.org/product/5900910010906,31,0.5,6.4,0.06
biedronka,Magnetic QuickCao 500 g,Napoje,100,370,4.5,80,2.1,https://world.openfoodfacts.org/product/5900910010784,6.3,78,1.3,0.12
biedronka,Maspex Quick Cao 500g,Napoje,500,1925,18.5,430,9,https://world.openfoodfacts.org/product/5900910009528,0,410,5.5,1.25
biedronka,Napój gazowany typu cola o zmniejszonej wartości energetycznej 2 l,Napoje,100,1,0.5,0.5,0.5,https://world.openfoodfacts.org/product/5900805007868,,0.5,0.1,0.01
biedronka,Nasza Spiżarnia Jagody w lekkim syropie 155 g (przed odsączeniem 400 g),Napoje,155,117.8,0.78,24.8,1.08,https://world.openfoodfacts.org/product/5905643054982,2.79,21.7,0.31,0.02
biedronka,Okocim Peppies 330 ml,Napoje,330,1626.9,18.5,184.8,89.1,https://world.openfoodfacts.org/product/5900014001244,6.6,7.92,8.25,9.24
biedronka,"Polaris Juicy jabłko gruszka cytryna 0,5 l",Napoje,500,100,0,23.5,0,https://world.openfoodfacts.org/product/5900446014584,,22.5,0,0
biedronka,"Polaris Napój gazowany Vital Green 1,5 l",Napoje,100,20,0.5,4.9,0.5,https://world.openfoodfacts.org/product/5901088012990,,4.7,0,0.02
biedronka,"Polaris Napój gazowany Vital Red 1,5 l",Napoje,100,20,0.5,4.9,0.5,https://world.openfoodfacts.org/product/5901088012983,,4.7,0,0.02
biedronka,"Polaris VitalRed Gazowany 1,5 l",Napoje,100,14,0,3.4,0,https://world.openfoodfacts.org/product/5901597869894,,3.4,0,0
biedronka,Quick Cao QuickCao 500 g,Napoje,100,377,3.7,83.7,1.8,https://world.openfoodfacts.org/product/5900552055891,,81.4,1.1,0.03
biedronka,REFRESCO Original Lemo 2 l,Napoje,100,41,0,10,0,https://world.openfoodfacts.org/product/5902759005495,,10,0,0
biedronka,Riviva Mango 1 l,Napoje,100,37.2,0.2,8.8,0.2,https://world.openfoodfacts.org/product/5901886035528,,8.8,0.04,0
biedronka,Tiger energy drink o smaku mojito 250ml,Napoje,250,5,0,0,0,https://world.openfoodfacts.org/product/5900334020475,0,0,0,0.35
biedronka,Tiger placebo classic 250ml,Napoje,250,52.5,0,12.2,0,https://world.openfoodfacts.org/product/5900334020468,0,12.2,0,0.38
biedronka,"Tymbark jabłko mięta 1,75L",Napoje,100,36,0,9,0,https://world.openfoodfacts.org/product/5900334004307,,9,0,0
biedronka,Vitanella NAPÓJ ALOESOWY LIGHT 500ml,Napoje,500,105,0,26,0,https://world.openfoodfacts.org/product/5902730872382,0,23.5,0,0.15
biedronka,Vitanella Napój mleczny kakaowy 242 ml,Napoje,242,162.1,24.9,13.8,0.73,https://world.openfoodfacts.org/product/9019100557438,,13.6,0.48,0.29
biedronka,WK Dzik Dzik Energy Zero calorie 500 ml,Napoje,500,15,0.5,0.5,0.5,https://world.openfoodfacts.org/product/5902176738655,0,0.5,0.1,1.05
biedronka,Zbyszko Napój gazowany o smaku pomarańczowym 2 l,Napoje,100,38,0,9.6,0,https://world.openfoodfacts.org/product/5906441340420,0,9.6,0,0
biedronka,"Żywiec Zdrój z nutą jablka 1,5L",Napoje,100,18.7,0,4.6,0,https://world.openfoodfacts.org/product/5900541000413,0,4.6,0,0
biedronka,Alpro Napój kokosowy 1 l,Napoje roślinne,100,20,0.1,2.7,0.8,https://world.openfoodfacts.org/product/5411188116592,0.1,1.9,0.8,0.13
biedronka,Alpro Napój proteinowy czekoladowy 750 ml,Napoje roślinne,100,69,5,5.3,2.8,https://world.openfoodfacts.org/product/5411188139362,1.3,5,0.6,0.16
biedronka,Go VEGE Napój roślinny owies bio 1L,Napoje roślinne,100,42,0.7,7.8,0.8,https://world.openfoodfacts.org/product/5900001421437,0.6,4.5,0.1,0.08
biedronka,Go Vege Bio Owies 1 l,Napoje roślinne,100,85,1.4,16,0.8,https://world.openfoodfacts.org/product/9020200129128,1.2,9,0.2,0.16
biedronka,Go Vege CocoJogu klasyczny 150 g,Napoje roślinne,150,108,0.6,8.85,7.65,https://world.openfoodfacts.org/product/8595588200925,0.6,0.75,6.9,0.06
biedronka,Go Vege Ekologiczny napój owsiany UHT 1 l,Napoje roślinne,100,42,0.7,7.8,0.8,https://world.openfoodfacts.org/product/9020200022887,0.6,4.5,0.1,0.08
biedronka,Go Vege Migdał 1 l,Napoje roślinne,100,30,0.6,3.7,1.4,https://world.openfoodfacts.org/product/2000000148081,0.1,2.7,0.1,0.13
biedronka,Go Vege Napój sojowy waniliowy 1 l,Napoje roślinne,100,52,3.3,5.3,1.8,https://world.openfoodfacts.org/product/9020200129173,0.8,4.5,0.3,0.14
biedronka,Go Vege Soja - bez dodatku cukru 1 l,Napoje roślinne,100,36,3.3,1.3,1.8,https://world.openfoodfacts.org/product/9020200029169,0.8,0.5,0.3,0.12
biedronka,Go Vege Soja 1 l,Napoje roślinne,100,44,3.3,3.2,1.8,https://world.openfoodfacts.org/product/9020200029152,0.8,2.4,0.3,0.14
biedronka,Limpol Mleczko kokosowe 400 ml,Napoje roślinne,400,676,4.8,6,72,https://world.openfoodfacts.org/product/5904378642532,,6,60,0.28
biedronka,Vitanella Napój migdałowy 1 l,Napoje roślinne,100,24,0.3,3,1.1,https://world.openfoodfacts.org/product/9020200020043,0.4,3,0.1,0.12
biedronka,"Vitanella Napój ryżowy z wapniem, UHT 1 l",Napoje roślinne,100,54,0.2,11,1,https://world.openfoodfacts.org/product/9020200020050,0.3,6,0.1,0.1
biedronka,"Vitanella Napój sojowy UHT o smaku waniliowym wzbogacony w wapń i witaminy E, B, B12. 1 l",Napoje roślinne,100,59,3,7.5,1.8,https://world.openfoodfacts.org/product/9020200112540,,7.4,0.3,0.11
biedronka,Vitanella Napój sojowy klasyczny 1 l,Napoje roślinne,100,46,3.2,3.9,1.8,https://world.openfoodfacts.org/product/9020200312544,,3.7,0.3,0.1
biedronka,Vitanella Napój sojowy o smaku czekoladowym 1 l,Napoje roślinne,100,63,3.1,8.1,1.8,https://world.openfoodfacts.org/product/9020200512548,0.8,7.6,0.4,0.13
biedronka,Asia Flavours Orzeszki ziemne w skorupce o smaku curry 200 g,Orzechy i bakalie,100,520,15,45,30,https://world.openfoodfacts.org/product/5900571904781,,8.4,4.1,1.9
biedronka,Asia Flavours Orzeszki ziemne w skorupce o smaku wasabi 200 g,Orzechy i bakalie,100,518,14,44,30,https://world.openfoodfacts.org/product/5900571904774,,8.8,4,2.7
biedronka,Baka D'or Orzechy włoskie 250 g,Orzechy i bakalie,100,666,16,12,60,https://world.openfoodfacts.org/product/5905617002544,6.5,9.9,6.6,0.01
biedronka,BakaD'Or Mieszanka egzotyczna 180 g,Orzechy i bakalie,100,454,6.72,49,24,https://world.openfoodfacts.org/product/5900587043122,7.39,49,12,0.1
biedronka,BakaD'Or Mieszanka orzechów prażonych 150 g,Orzechy i bakalie,100,641,20,5.7,57,https://world.openfoodfacts.org/product/5905617001561,13,4.9,5.9,0
biedronka,BakaD'Or Morele suszone 180 g,Orzechy i bakalie,100,283,3.6,62,0.6,https://world.openfoodfacts.org/product/5905617002773,8.39,47,0.1,0.01
biedronka,BakaD'Or Orzechy Nerkowca 155 g,Orzechy i bakalie,100,587,20,24,45,https://world.openfoodfacts.org/product/5900749440646,5.1,6.1,8.3,0.02
biedronka,BakaD'Or Orzechy brazylijskie 180 g,Orzechy i bakalie,100,693,14,4.2,67,https://world.openfoodfacts.org/product/5905617003558,7.5,2.3,16,0
biedronka,BakaD'Or Orzechy pekan 150 g,Orzechy i bakalie,100,721,9.2,4.3,72,https://world.openfoodfacts.org/product/5905617002650,9.6,4,6.2,0
biedronka,BakaD'Or sélection Słonecznik łuskany 300 g,Orzechy i bakalie,100,618,21,12,52,https://world.openfoodfacts.org/product/5900749440691,8.5,2.2,5.1,0.01
biedronka,BakaDOr Pistacje niesolone prażone 200 g,Orzechy i bakalie,100,618,25,11,50,https://world.openfoodfacts.org/product/5900749430043,11,11,6.4,0.01
biedronka,BakaDOr. Orzechy włoskie 180 g,Orzechy i bakalie,100,689,0,7.5,64,https://world.openfoodfacts.org/product/5900587042545,7.1,2.7,5.6,0.01
biedronka,BakaDor Rodzynki hetmańskie bezpestkowe Thompson 150 g,Orzechy i bakalie,100,286,2.3,65,0.5,https://world.openfoodfacts.org/product/5900587014122,6.5,65,0.2,0.05
biedronka,Bakador Mieszanka orzechowa 180g,Orzechy i bakalie,100,632,19,11,55,https://world.openfoodfacts.org/product/5905617001769,8.78,4.2,6.5,0
biedronka,Bakador Orzechy nerkowca 250 g,Orzechy i bakalie,100,571,17,23,45,https://world.openfoodfacts.org/product/5905617002537,3.2,8.5,8.5,0.04
biedronka,Bakador Rodzynki,Orzechy i bakalie,100,314,3,72,0.7,https://world.openfoodfacts.org/product/5900749440622,,,,
biedronka,Bakador nasiona chia,Orzechy i bakalie,100,313,8.5,52,7.3,https://world.openfoodfacts.org/product/5900587045676,3.2,1.7,1.4,0.93
biedronka,Bakador Śliwki suszone 200 g,Orzechy i bakalie,100,282,3.5,60,1.2,https://world.openfoodfacts.org/product/5900587014252,9.4,60,0.2,0.03
biedronka,Bakalland Mieszanka suszonych i kandyzowanych owoców 400 g,Orzechy i bakalie,100,319,2,74,0.5,https://world.openfoodfacts.org/product/5900749021166,5,65,0.2,0.11
biedronka,Felix orzeszki ziemne 140 g,Orzechy i bakalie,100,615,25,11,51,https://world.openfoodfacts.org/product/5900571000025,8.21,5.3,7.79,1.2
biedronka,Go Bio Soczewica zielona 400 g,Orzechy i bakalie,100,304,22.9,36.4,2.3,https://world.openfoodfacts.org/product/5902609001646,25.4,0.2,0.3,0
biedronka,GoBIO suszona żurawina 100g,Orzechy i bakalie,100,330,1,77,0.3,https://world.openfoodfacts.org/product/5900749481656,6.9,57,0,0.02
biedronka,Helio Mieszanka studencka 200 g,Orzechy i bakalie,100,476,15,32,30,https://world.openfoodfacts.org/product/5905617001905,7.3,29,3.7,0.05
biedronka,Nasza Spiżarnia Soczewica zielona 400 g,Orzechy i bakalie,100,102,8.2,13,0.8,https://world.openfoodfacts.org/product/5907180325402,5.1,0,0.2,0.78
biedronka,Plony Natury Ciecierzyca ziarno 500 g,Orzechy i bakalie,100,319,18,35,5.6,https://world.openfoodfacts.org/product/5906936681779,27,3.6,0.8,0
biedronka,Plony Natury Soczewica 500 g,Orzechy i bakalie,100,337,26,47,1.6,https://world.openfoodfacts.org/product/5902481019678,,2,0.2,0.01
biedronka,Purella Super mix odporność 150g,Orzechy i bakalie,100,370,6.5,70,3.8,https://world.openfoodfacts.org/product/5903246564563,15,28,1.6,0.08
biedronka,Top Orzechy ziemne prażone nieslone 400g,Orzechy i bakalie,100,632,30,5,53,https://world.openfoodfacts.org/product/5900617041807,9.3,4.2,6.9,0.01
biedronka,Top Orzeszki ziemne prażone smak ostra papryka 240 g,Orzechy i bakalie,100,586,21,13,47,https://world.openfoodfacts.org/product/5904917980057,13,5.08,6.29,1.5
biedronka,Vital Fresh Kiełki fasoli mung 90 g,Orzechy i bakalie,90,16.2,1.71,1.71,0.09,https://world.openfoodfacts.org/product/5907771443171,0.9,1.71,0,0
biedronka,Vitanella Suszone plasterki jabłka 27.5 g,Orzechy i bakalie,27.5,100.1,0.55,22.3,0.14,https://world.openfoodfacts.org/product/5900238963847,3.85,20.1,0.03,0
biedronka,"Elios Pasta z bakłażana z ciecierzycą, oliwkami zielonymi i kaparami 185 g",Pasty i dipy,185,170.2,3.52,8.51,12.2,https://world.openfoodfacts.org/product/5907544131922,6.1,2.96,1.85,2.53
biedronka,Go Vege Hummus 160 g,Pasty i dipy,100,267,7,13,20,https://world.openfoodfacts.org/product/5907517805522,3.7,2.8,1.9,1.7
biedronka,Go Vege Hummus klasyczny 160g,Pasty i dipy,100,249,7,9.5,19,https://world.openfoodfacts.org/product/5907517805515,5.8,0.5,1.9,0.82
biedronka,Go Vege Hummus paprykowy 160 g,Pasty i dipy,100,242,6.1,12,17,https://world.openfoodfacts.org/product/5904194906658,8.1,2.1,1.8,1.2
biedronka,Go Vege Hummus pomidorowy 160 g,Pasty i dipy,100,224,6.7,12,15,https://world.openfoodfacts.org/product/5904194906665,7.2,2,2.1,1.3
biedronka,Go Vege Hummus z burakiem 160 g,Pasty i dipy,100,192,6.6,8.8,13,https://world.openfoodfacts.org/product/5907517808240,6.8,3,1.4,0.85
biedronka,Go Vege Kremowa pasta roślinna z papryką 125 g,Pasty i dipy,125,307.5,2,9.75,28.8,https://world.openfoodfacts.org/product/4020300961401,2.38,5.62,27.5,0.91
biedronka,Go Vege Kremowa pasta roślinna ze szczypiorem 125 g,Pasty i dipy,100,286,2,4.8,29,https://world.openfoodfacts.org/product/4020300961395,0.8,0.9,28,1.1
biedronka,Go Vege Pasta słonecznikowa z jarmużem 170 g,Pasty i dipy,100,296,6.18,7.88,26,https://world.openfoodfacts.org/product/5904689181065,2.4,5.3,2.8,1.1
biedronka,"Go Vege Pasta warzywna - biała fasola, siemię lniane 180 g",Pasty i dipy,100,220,3.8,9.4,17,https://world.openfoodfacts.org/product/5907222797846,5.7,4.3,1.5,1.3
biedronka,Go Vege Tofu pasta z pomidorami i smażoną cebulą 115 g,Pasty i dipy,100,280,5.5,8.96,24,https://world.openfoodfacts.org/product/8586001011754,3,2.8,3.5,1.1
biedronka,Go vege Pasta słonecznikowa z pomidorami 170 g,Pasty i dipy,100,296,8,13,23,https://world.openfoodfacts.org/product/5904689181089,3.1,10,2.5,1
biedronka,Vital Fresh Hummus pomidorowy 160 g,Pasty i dipy,100,267,7,13,20,https://world.openfoodfacts.org/product/5907517801968,3.7,2.8,1.9,1.7
biedronka,Vital Guacamole 150 g,Pasty i dipy,150,231,2.85,2.1,21.6,https://world.openfoodfacts.org/product/8436008520950,8.55,1.8,4.8,2.25
biedronka,Asia flavours Panierka orientalna Panko 200 g,Pieczywo pakowane,100,372,14,74,1.6,https://world.openfoodfacts.org/product/5906742687125,2.4,3.5,0.6,0.4
biedronka,Bite IT LAWASZ pszenny chleb 260 g,Pieczywo pakowane,100,285,8.66,53.3,3.66,https://world.openfoodfacts.org/product/5905683298421,1.43,1.5,0.48,1.24
biedronka,Connell Bakery Bajgle pszenne 500 g,Pieczywo pakowane,100,272,10.1,54,1.1,https://world.openfoodfacts.org/product/20417673,2.7,8.8,0.3,0.5
biedronka,El Toro Rojo Grzanki pszenne z czosnkiem i pietruszką 150 g,Pieczywo pakowane,100,528,8.93,52.9,30.4,https://world.openfoodfacts.org/product/8436551191652,3.4,1.8,2.5,1.8
biedronka,Gursz Chleb Pszenno-Żytni 550 g,Pieczywo pakowane,100,245,7.6,49.3,1.3,https://world.openfoodfacts.org/product/5905279941427,2.8,1.7,0.3,1.3
biedronka,Gwóźdź Chleb wieloziarnisty 450 g,Pieczywo pakowane,100,272,9.8,46,4.1,https://world.openfoodfacts.org/product/5901549519211,5.4,2.1,0.6,1.4
biedronka,Pano Bułka do hot doga 180 g (4 x 45 g),Pieczywo pakowane,45,167,4.14,24.8,5.4,https://world.openfoodfacts.org/product/5901688807163,1.22,3.02,1.71,0.41
biedronka,Pano Bułka tarta 450 g,Pieczywo pakowane,100,361,14,71,1.1,https://world.openfoodfacts.org/product/5900697040172,5.7,3.4,0.4,0.91
biedronka,Pano Bułki hamburgerowe XXL 356 g (4 x 89 g),Pieczywo pakowane,89,230.5,8.19,40.9,3.03,https://world.openfoodfacts.org/product/5902620233187,4,5.43,0.36,0.98
biedronka,"Pano Chleb mieszany pszenno-żytni z dodatkiem naturalnego zakwasu żytniego oraz ziaren, krojony. Złoty łan 400 g",Pieczywo pakowane,100,302,10,40,9.2,https://world.openfoodfacts.org/product/5906395431007,6.9,3,1.4,1.3
biedronka,Pano Hot dog pszenno-żytni 240 g (4 x 60 g),Pieczywo pakowane,60,169.2,5.1,33,1.68,https://world.openfoodfacts.org/product/5901688800058,1.38,3.36,0.24,0.59
biedronka,Pano Pieczywo kukurydziane chrupkie 160 g,Pieczywo pakowane,100,376,7.81,83,0.9,https://world.openfoodfacts.org/product/5901534001745,3.5,1.1,0.2,0.88
biedronka,Pano Tortilla 306 g,Pieczywo pakowane,100,300,8.79,49,6.7,https://world.openfoodfacts.org/product/5900928032358,4.71,4.41,1.3,1.1
biedronka,Piekarnia Gwóźdź Chleb Kamyśnisk krojony 500 g,Pieczywo pakowane,100,242,7.2,52,1.3,https://world.openfoodfacts.org/product/5906489239205,,0.8,0.3,1.5
biedronka,Piekarnia Gwóźdź Chleb z mąką krojony - pieczywo mieszane 500 g,Pieczywo pakowane,100,231,7.3,46.5,1.2,https://world.openfoodfacts.org/product/5906489239182,,2.6,0.3,1.3
biedronka,Piekarnia cukiernia Gursz Pieczywo żytnio-pszenne z maślanką 600 g,Pieczywo pakowane,100,222,5.7,45,1.2,https://world.openfoodfacts.org/product/5905279941694,3.9,2,0.3,1.6
biedronka,Polskie Młyny Pita 250g,Pieczywo pakowane,250,577.5,22.2,112.5,3,https://world.openfoodfacts.org/product/5900766006498,4,5,0.75,0.75
biedronka,TOP Tortilla 150 g,Pieczywo pakowane,100,472,7.27,58,22,https://world.openfoodfacts.org/product/5900928088607,5.7,0,1.3,0.87
biedronka,Wasa Pieczywo z pełnoziarnistej mąki żytniej 210 g,Pieczywo pakowane,100,344,9,65,1.5,https://world.openfoodfacts.org/product/7300400122054,17,2,0.3,0.88
biedronka,Asia Flavours Pierożki Gyoza z warzywami 230 g,Pierogi i kluski,230,328.9,7.13,52.9,8.28,https://world.openfoodfacts.org/product/5900962042009,7.36,6.67,0.92,2.76
biedronka,Swojska Chata Pierogi ruskie 400 g,Pierogi i kluski,100,164,5.7,25,4.1,https://world.openfoodfacts.org/product/5901398069974,2.3,1.4,0.7,0.98
biedronka,Swojska Chata Pierogi serowo- jagodowe 400 g,Pierogi i kluski,100,170,7.4,30,1.6,https://world.openfoodfacts.org/product/5901398071496,3.5,8,0.2,0.34
biedronka,Swojska Chata Pierogi z kapustą i grzybami 400 g,Pierogi i kluski,100,146,3.9,23,3.8,https://world.openfoodfacts.org/product/5901398069936,2.5,1.8,0.4,1.2
biedronka,Swojska Chata Pierogi z mięsem,Pierogi i kluski,100,209,8.9,23,8.5,https://world.openfoodfacts.org/product/5901398069981,2.5,0.5,2.5,0.98
biedronka,Swojska Chata Pierogi z serem 400 g,Pierogi i kluski,100,164,10,24,2.1,https://world.openfoodfacts.org/product/5901398071533,,4.9,0.3,0.32
biedronka,Swojska Chata Pierogi ze szpinakiem i serem 400 g,Pierogi i kluski,100,155,5.2,25,3.4,https://world.openfoodfacts.org/product/5901398069653,2.6,2.4,1.3,0.95
biedronka,Seth & Riley's Garage Euphoriq Bezalkoholowy napój piwny o smaku jagód i marakui 330 ml,Piwo,330,79.2,0,19.1,0,https://world.openfoodfacts.org/product/5900014005716,,16.2,0,0
biedronka,Biedronka Pizza z boczkiem i serem mozzarella 600 g,Pizza,100,233,12.3,27,8.3,https://world.openfoodfacts.org/product/8410762866066,1.1,3.7,4.6,1.5
biedronka,Donatello Pizza 4 sery 410 g,Pizza,100,269,11,29,11.7,https://world.openfoodfacts.org/product/8410762861566,1.9,3.6,6.7,1.2
biedronka,Donatello Pizza Capriciosa 400 g,Pizza,100,219,12.4,26,7,https://world.openfoodfacts.org/product/8410762861160,1.6,2.5,3.5,1.7
biedronka,Donatello Pizza Double Pepperoni,Pizza,100,291,14,28,13,https://world.openfoodfacts.org/product/8410762861580,,,,
biedronka,Donatello Pizza kurczak i pieczarki,Pizza,100,226,11.6,25,8.3,https://world.openfoodfacts.org/product/8410762861276,2.4,2.2,4.3,1.38
biedronka,Donatello Pizza margherita 1017 g,Pizza,100,219,9.2,32,5.5,https://world.openfoodfacts.org/product/4002084343635,2.4,4.2,2.2,0.93
biedronka,Dr. Oetker Pizza feliciana 345 g,Pizza,100,206,5.22,33.9,5.22,https://world.openfoodfacts.org/product/5900437056845,2,4.06,3.19,0.93
biedronka,"Dr.Oetker Pizza Guseppe z kurczakiem w przyprawie masala i curry, głęboko mrożona. 750 g (2 x 375 g)",Pizza,100,251,8.6,29,11,https://world.openfoodfacts.org/product/5900437205250,,3.6,5.6,1.1
biedronka,"Feliciana Pizza z szynką, pieczarkami i salami, głęboko mrożona. 670 g (2 x 335 g)",Pizza,100,238,9.61,33,7.31,https://world.openfoodfacts.org/product/5900437005010,,3.7,3.49,1.2
biedronka,GustoBella Pizza Capricciosa 350 g,Pizza,100,210,11,24,7.31,https://world.openfoodfacts.org/product/5907544130079,2.2,2.7,2.91,1.4
biedronka,GustoBella Pizza pepperoni 350 g,Pizza,100,248,10,26,11,https://world.openfoodfacts.org/product/5907544130086,2.3,2.6,4.6,1.5
biedronka,Iglotex Pizza z pieca kamiennego z pieczarkami 600 g (2 x 300 g),Pizza,100,192,6.7,26.8,5.7,https://world.openfoodfacts.org/product/5902162189515,,4.1,2.6,0.9
biedronka,Iglotex Pizza z szynką wieprzową i pieczarkami 1 kg,Pizza,100,214,6.9,30,6.7,https://world.openfoodfacts.org/product/5902162134232,2.1,3.4,1.9,1.3
biedronka,Proste Historie Vegan Pizza warzywna z grillowaną papryką i bazyliowym pesto 345 g,Pizza,100,181,4.09,26,6.41,https://world.openfoodfacts.org/product/5902162004085,,2.7,3.19,1
biedronka,Proste Historie Vegan pizza BBQ 340 g,Pizza,100,145,3.79,25,2.8,https://world.openfoodfacts.org/product/5902162004061,,4.91,0.6,1.1
biedronka,Rigga Pizza z szynką 250 g,Pizza,250,530,22,74,16,https://world.openfoodfacts.org/product/5900437002125,,9,4.9,2.8
biedronka,Bakallino Śliwki suszone bez pestek 400 g,Produkty roślinne,100,288,3.5,59,2.2,https://world.openfoodfacts.org/product/5905617002322,9.3,59,0.3,0.03
biedronka,Go Vege Gyros roślinny na bazie grochu 150 g,Produkty roślinne,100,300,22,8.67,19,https://world.openfoodfacts.org/product/5908252826360,3.1,3.2,1.7,1.87
biedronka,Go Vege Kiełbaski roślinne na bazie grochu 200 g,Produkty roślinne,200,446,29.2,16.6,26.6,https://world.openfoodfacts.org/product/5905108802493,12,1.4,2,3.84
biedronka,Go Vege Kiełbaski roślinne na bazie grochu z majerankiem 200 g,Produkty roślinne,200,454,29.6,19,26.4,https://world.openfoodfacts.org/product/5905108802509,10.8,1,2.2,4.2
biedronka,Go Vege Kiełbaski sojowe w przyprawie curry 180 g,Produkty roślinne,180,318.6,32.4,7.2,16.4,https://world.openfoodfacts.org/product/5901473560235,5.22,2.34,1.44,3.24
biedronka,Go Vege Kiełbaski sojowe w przyprawie paprykowej 180 g,Produkty roślinne,180,315,30.6,7.38,16,https://world.openfoodfacts.org/product/5901473560242,8.1,3.06,1.44,3.6
biedronka,Go Vege Parówki sojowe klasyczne 200g,Produkty roślinne,200,364,36,9.8,20,https://world.openfoodfacts.org/product/5901473560303,1.4,2,1.8,3.8
biedronka,Go Vege Plastry roślinne o smaku goudy 125 g,Produkty roślinne,100,295,0,22,23,https://world.openfoodfacts.org/product/5205727996697,0,0,21,2.3
biedronka,Go Vege Tofu Naturalne 180 g,Produkty roślinne,180,232.2,23.4,3.24,13.5,https://world.openfoodfacts.org/product/8586017255128,0,0.9,1.8,0.36
biedronka,Go Vege Tofu marynowane o smaku wędzonej papryki 180 g,Produkty roślinne,180,230.4,21.6,4.5,13.5,https://world.openfoodfacts.org/product/8586017258679,1.8,0.9,1.8,2.7
biedronka,Go Vege Tofu na bazie soi wędzone 400 g,Produkty roślinne,100,142,14.7,3,7.8,https://world.openfoodfacts.org/product/5901473052617,0.7,0.5,1.4,1.5
biedronka,Go Vege Tofu o smaku garam masala 180 g,Produkty roślinne,180,232.2,23.4,2.7,13.9,https://world.openfoodfacts.org/product/8586024420472,1.8,1.08,1.62,4.14
biedronka,Go Vege Tofu o smaku teriyaki 180 g,Produkty roślinne,180,228.6,23.4,4.5,12.6,https://world.openfoodfacts.org/product/8586024420465,1.8,3.06,1.62,2.16
biedronka,Go Vege Tofu sweet chili 180 g,Produkty roślinne,180,248.4,23.4,4.32,14.4,https://world.openfoodfacts.org/product/8586024420113,3.6,3.6,1.8,2.7
biedronka,Go Vege Tofu z bazylią 180 g,Produkty roślinne,180,232.2,23.4,3.24,13.5,https://world.openfoodfacts.org/product/8586017258686,1.8,0.9,1.8,1.8
biedronka,Go vege Plastry Roślinne pomidor-bazylia 125 g,Produkty roślinne,100,295,0,22,23,https://world.openfoodfacts.org/product/5205727996680,0,0,21,2.3
biedronka,GoVege Tofu naturalne 180 g,Produkty roślinne,180,248.4,25.2,2.7,14.4,https://world.openfoodfacts.org/product/8586024420090,3.6,0.9,1.8,0.36
biedronka,Polsoja Bio Tofu twarde 400 g (360 g + 40 g),Produkty roślinne,100,106,10,2.6,6.1,https://world.openfoodfacts.org/product/5901473000724,0.8,0.4,1.1,0.05
biedronka,Tarczyński Rośl-inne Kabanosy 3 Ziarna 90 g,Produkty roślinne,90,373.5,18.9,15.3,26.1,https://world.openfoodfacts.org/product/5908230530753,6.21,7.74,6.48,2.25
biedronka,Tarczyński Rośl-inne Kabanosy Oryginalne 90 g,Produkty roślinne,90,386.1,22.5,15.3,25.2,https://world.openfoodfacts.org/product/5908230528460,4.23,4.77,10.8,3.24
biedronka,Viodeli Roślinne plastry o smaku szynki 100 g,Produkty roślinne,100,276,5,18,20,https://world.openfoodfacts.org/product/5202390028496,,1.9,18,2.8
biedronka,WellWell Wędlina podsuszana 100% z rolin 90g,Produkty roślinne,90,181.8,27,8.73,4.05,https://world.openfoodfacts.org/product/5901473001455,0.45,2.97,0.54,2.16
biedronka,Miami Paleczki 60 g,Przekąski,60,230.4,5.4,48,1.56,https://world.openfoodfacts.org/product/5900672001563,,1.38,0.24,0
biedronka,PANO Wafle Kukurydziane z Kaszą jaglaną i Pieprzem 105 g,Przekąski,100,386,11,77,2.8,https://world.openfoodfacts.org/product/5900125008750,5.5,1.8,0.4,1.18
biedronka,Vitanella Protein 30% Nugat Karmel 46g,Przekąski,46,240.1,14,13,16,https://world.openfoodfacts.org/product/5907443605210,0.5,6.9,9.2,0.13
biedronka,Culineo Bulion warzywny 120 g,Przyprawy,120,109.2,2.64,18,2.64,https://world.openfoodfacts.org/product/5901844101579,1.68,13.2,0.24,19.7
biedronka,Bakalland Ba! fit grain - 5 zbóż i truskawka 250 g,Płatki i musli,100,378,9.12,76,2.7,https://world.openfoodfacts.org/product/5900749881135,6.8,16,1.2,0.86
biedronka,Bakalland Musli chrupkie klasyczne z dodatkiem wiórków kokosowych 350 g,Płatki i musli,100,434,11,68,12,https://world.openfoodfacts.org/product/5900749610377,4.91,21,4.6,0.21
biedronka,Biedronka Vitanella Granola z czekoladą 500g,Płatki i musli,100,468,9.2,63.6,18.4,https://world.openfoodfacts.org/product/5907437367254,5.6,23.2,5.5,0.27
biedronka,Brüggen Polska Mieszanka płatków zbożowych z rodzynkami i orzechami laskowymi 350 g,Płatki i musli,100,369,11.2,61.8,6.09,https://world.openfoodfacts.org/product/5907437363348,11,13.1,1,0.58
biedronka,Choco kulki 500 g,Płatki i musli,100,377,9,71,4.5,https://world.openfoodfacts.org/product/5900049004487,8.4,25,1.2,9
biedronka,GO ACTIVE granola wysokobiałkowa 200 g,Płatki i musli,100,454,30,37,18,https://world.openfoodfacts.org/product/5907437368138,12,17,3.9,0.21
biedronka,Go Bio Chrupki Kukurydziane o Smaku Bananowym 50 g,Płatki i musli,50,279,2.15,27,18,https://world.openfoodfacts.org/product/5900672002003,0.45,6.5,1.3,0.01
biedronka,Inna Bajka Musli Marakuja i Pitaja 250 g,Płatki i musli,100,475,13.4,66.6,14.9,https://world.openfoodfacts.org/product/5902860471479,10.3,7.2,5.7,
biedronka,Plony Natury Płatki Owsiane Górskie 500 g,Płatki i musli,100,363,13,60,5.7,https://world.openfoodfacts.org/product/5906827014501,10,1.8,1.2,0.02
biedronka,Plony natury płatki owsiane błyskawiczne 400g,Płatki i musli,100,363,13,60,5.7,https://world.openfoodfacts.org/product/5906827014518,5,1.8,0.6,0.02
biedronka,Vitanella Crunchy owocowe 350g,Płatki i musli,100,401,7.91,62,12,https://world.openfoodfacts.org/product/5900749610520,6.69,26,2.91,0.12
biedronka,Vitanella Miami Hopki 500g,Płatki i musli,100,356,9.2,73.7,2.1,https://world.openfoodfacts.org/product/5907437365489,7.3,24,0.7,0.44
biedronka,Vitanella Mieszanka płatków zbożowych z suszonymi oraz kandyzowanymi owocami 1 kg,Płatki i musli,100,364,9.4,60.2,7.3,https://world.openfoodfacts.org/product/5907437365069,9.9,10.3,4.1,0.08
biedronka,Vitanella Mieszanka płatków zbożowych z suszonymi owocami oraz kawałkami prażonych orzeszków laskowych 1 kg,Płatki i musli,100,337,8.7,61.7,4,https://world.openfoodfacts.org/product/5907437365052,9.5,17.8,1.5,0.08
biedronka,"Vitanella Musli prażone z suszoną, słodzoną żurawiną. 350 g",Płatki i musli,100,437,9,64.2,14,https://world.openfoodfacts.org/product/5907437366141,9,23.1,3.4,0.38
biedronka,Vitanella Musli premium 420 g,Płatki i musli,100,398,8,59.4,12.6,https://world.openfoodfacts.org/product/5907437364741,7.7,24.7,6.1,0.01
biedronka,Vitanella Musli z owocami i orzechami 420 g,Płatki i musli,100,398,8,59.4,12.6,https://world.openfoodfacts.org/product/5907437367933,7.7,24.7,6.1,0.09
biedronka,Vitanella Musli z owocami i siemieniem lnianym 420 g,Płatki i musli,100,370,9,59,8.7,https://world.openfoodfacts.org/product/2000000147501,9.6,24.7,2,0.03
biedronka,Vitanella Pink crunchy,Płatki i musli,100,445,9,64.5,15.4,https://world.openfoodfacts.org/product/5907437367728,6.2,25.1,3.4,0.44
biedronka,Vitanella Płatki Owsiane Górskie 500 g,Płatki i musli,100,363,13,60,5.7,https://world.openfoodfacts.org/product/5906827021585,10,1.8,1.2,0.02
biedronka,Vitanella Płatki z otrębami pszennymi 250 g,Płatki i musli,100,363,9.8,68.9,2.7,https://world.openfoodfacts.org/product/2000000148084,11.7,25.9,0.9,0.4
biedronka,Vitanella Płatki zbożowe z suszonymi i kandyzowanymi owocami. 350 g,Płatki i musli,100,371,9.4,64.7,6.3,https://world.openfoodfacts.org/product/5907437363331,9.1,18.7,3.2,0.56
biedronka,"Vitanella granola z kawałkami czekolady, prażonymi orzeszkami ziemnymi ilaskowymi 350g",Płatki i musli,100,457,10,59.6,17.7,https://world.openfoodfacts.org/product/5907437366158,9.4,21.1,4.4,0.37
biedronka,Graal Tuńczyk kawałki w sosie własnym,Ryby,100,105,24,0,1,https://world.openfoodfacts.org/product/5903895631418,,0,0.3,1
biedronka,"Lisner Marynowane, krojone filety bez skórki ze śledzia atlantyckiego z ogórkiem konserwowym i czosnkiem w oleju rzepakowym. 110 g",Ryby,100,293,8.7,5.2,26.3,https://world.openfoodfacts.org/product/5900344901832,,3.7,2.7,2.8
biedronka,Lisner Szybki Śledzik w sosie śmietankowym 110 g,Ryby,100,318,6.6,6.9,29.3,https://world.openfoodfacts.org/product/5900344000375,,6.2,4.5,2.3
biedronka,Lisner Szybki śledzik w sosie czosnkowym z ziołami prowansalskimi 110 g,Ryby,100,331,6.6,5.7,31.3,https://world.openfoodfacts.org/product/5900344000337,,4.7,3.4,2.5
biedronka,Lisner Śledzik na raz z suszonymi pomidorami 110 g,Ryby,100,304,8.5,4.7,27.8,https://world.openfoodfacts.org/product/5900344901825,,4,2.8,3
biedronka,Marineo Filety śledziowe w sosie pomidorowym 170 g,Ryby,170,261.8,17,10,17,https://world.openfoodfacts.org/product/5903895039047,,9.18,3.57,1.87
biedronka,Marinero Filet z makreli wędzony z posypką 174 g,Ryby,100,269,19.9,0.6,23,https://world.openfoodfacts.org/product/2982142001740,,0.6,6.49,1.4
biedronka,Marinero Filety z makreli w sosie pomidorowym 170 g,Ryby,170,333.2,17,9.01,25.5,https://world.openfoodfacts.org/product/5903895039009,,8.16,5.78,1.61
biedronka,Marinero Filety śledziowe a'la Matjas 600 g,Ryby,100,127,8.5,0.6,10.2,https://world.openfoodfacts.org/product/20503031,,0.6,2.8,7.5
biedronka,Marinero Krewetki vannamei białe 225 g,Ryby,225,159.8,36,0,1.8,https://world.openfoodfacts.org/product/5907555219022,0,0,0.45,2.14
biedronka,Marinero Płaty śledziowe smażone w zalewie octowej 320 g (przed odsączeniem 800 g),Ryby,100,214,15,9.59,13,https://world.openfoodfacts.org/product/5902353020962,,6.09,1.3,2.4
biedronka,Marinero Tuńczyk jednolity w oliwie z oliwek 104 g (przed odsączeniem 160 g),Ryby,104,239.2,25.8,0,15.1,https://world.openfoodfacts.org/product/5903895637786,0,0,2.29,0.92
biedronka,Marinero Tuńczyk kawałki w sosie własnym 130 g (przed odsączeniem 185 g),Ryby,130,148.2,33.8,0,1.43,https://world.openfoodfacts.org/product/8429583014433,0,0,0.52,1.56
biedronka,Marinero Łosoś Kawałki w sosie pomidorowym 150 g,Ryby,150,264,27,5.4,15,https://world.openfoodfacts.org/product/5903895631913,,3,2.25,0.93
biedronka,Marinero Łosoś atlantycki,Ryby,100,220,19,0,16,https://world.openfoodfacts.org/product/5903475921604,0,0,2.6,0.12
biedronka,Marinero Łosoś wędzony na gorąco dymem z drewna bukowego 125 g,Ryby,125,243.8,30,0,13.8,https://world.openfoodfacts.org/product/5903475460131,,0,2.5,2.12
biedronka,Marinero Świeży pstrąg tęczowy łososiowy filet,Ryby,100,160,19,0.2,9.2,https://world.openfoodfacts.org/product/2974236004614,0,0.2,1.3,0.1
biedronka,GoVege Danie kontynentalne z kaszą blugur i kiełkami 280 g,Ryż i kasze,100,181,5.39,20,8,https://world.openfoodfacts.org/product/5907222797495,3.4,7.21,0.9,1.5
biedronka,Henglein Smakowite ciasto francuskie 300g,Ryż i kasze,100,378,4.9,33,23,https://world.openfoodfacts.org/product/5904285046034,,2,14,0.6
biedronka,Kasza gryczana prażona 4 x 100 g (ugotowana),Ryż i kasze,100,109,4.2,20,0.8,https://world.openfoodfacts.org/product/4770205128569,2.6,0,0.2,0
biedronka,Melvit Natural Mix 400 g (4 x 100 g),Ryż i kasze,100,360,10,71,3.2,https://world.openfoodfacts.org/product/5906827018295,3.6,6,0.5,0.4
biedronka,PANO Wafle ryżowe musli 100 g,Ryż i kasze,100,395,7.9,78,5,https://world.openfoodfacts.org/product/5900125003557,3.4,2.5,1.9,0.25
biedronka,Plon natury Kasza manna 500 g,Ryż i kasze,100,339,10,71,1,https://world.openfoodfacts.org/product/5900977008755,,0.5,0.5,0.06
biedronka,Plony Natury Kasza Bulgur 400 g (4 x 100 g),Ryż i kasze,100,332,12,63,1.5,https://world.openfoodfacts.org/product/5906936680116,7.8,2.3,0.4,0.06
biedronka,Plony Natury Kasza Gryczana Prażona 400 g (4 x 100 g) (ugotowana),Ryż i kasze,100,80,2.31,15.4,0.85,https://world.openfoodfacts.org/product/5900977001916,1.77,0.39,0.23,0.01
biedronka,Plony Natury Kasza Jaglana 4 x 100 g,Ryż i kasze,100,350,11,70,2.2,https://world.openfoodfacts.org/product/5900977011557,3.1,0.3,0.2,0.01
biedronka,Plony Natury Kasza gryczana 400 g,Ryż i kasze,100,344,14,60,3.2,https://world.openfoodfacts.org/product/5906936680192,7.6,3.2,0.8,0.04
biedronka,Plony Natury Kuskus 300 g,Ryż i kasze,100,347,13,67,2.3,https://world.openfoodfacts.org/product/5906936678717,4.5,4.8,0.8,
biedronka,"Plony Natury Natural Mix - Kasza gryczana biała, Bulgur, Oliwki 400 g",Ryż i kasze,100,349,12,62,4.6,https://world.openfoodfacts.org/product/5906827018318,6,3,0.9,0.1
biedronka,Plony Natury Natural mix 400 g,Ryż i kasze,100,353,15,58,4.9,https://world.openfoodfacts.org/product/5906827017137,8.2,5.8,1,0.06
biedronka,Plony Natury Ryż brązowy długoziarnisty 400 g (4 x 100 G),Ryż i kasze,100,341,7.5,75,2,https://world.openfoodfacts.org/product/5902481019043,4.2,0.9,0.5,
biedronka,Plony natury Kasza jęczmienna wiejska 1 kg,Ryż i kasze,100,326,11,65,0.6,https://world.openfoodfacts.org/product/5906827016116,8.3,1.9,0.2,0.03
biedronka,Pri Ziemniaczki Już Gotowe z papryką 430 g,Ryż i kasze,100,88,2.4,16.2,1.9,https://world.openfoodfacts.org/product/5906395015344,1.7,1.9,0.2,0.6
biedronka,Supreme Ryż Basmati 400 g (4 x 100 g),Ryż i kasze,100,356,8.5,77,1,https://world.openfoodfacts.org/product/5902481013041,,0.5,0.2,0.01
biedronka,Supreme Ryż biały 600 g (4 x 150 g),Ryż i kasze,100,341,7.4,77,0.2,https://world.openfoodfacts.org/product/5900977008779,1.5,0.5,0.1,0.01
biedronka,Wafle ryżowe,Ryż i kasze,100,379,9.4,78,2.6,https://world.openfoodfacts.org/product/5906203909124,2.8,0.9,0.6,0.17
biedronka,Vital Fresh Surówka z białej kapusty 450 g,Sałatki,100,88,0.9,10,4.5,https://world.openfoodfacts.org/product/5900449007057,1.9,10,0.3,0.98
biedronka,Vital fresh Surówka z porem i jabłkiem 450 g,Sałatki,100,84,1,11,3.6,https://world.openfoodfacts.org/product/5900449006951,2.3,11,0.3,0.78
biedronka,Almette Puszysty serek twarogowy z ogórkiem i ziołami 150 g,Sery,100,251,7,4.1,23,https://world.openfoodfacts.org/product/5902899121321,0,3,16,0.86
biedronka,"Biedronka Ser parmigiano reggiano twardy, płatki 100 g",Sery,100,402,32,0,30,https://world.openfoodfacts.org/product/5907180313553,0,0,20,1.6
biedronka,Bieluch Serek Naturalny 150 g,Sery,150,190.5,12.9,6,12.8,https://world.openfoodfacts.org/product/5902061000164,,6,8.25,0.15
biedronka,Dania Express Kotlet z piersi kurczaka z Mozzarellą. 360 g,Sery,100,220,15,12,12,https://world.openfoodfacts.org/product/5904170029128,1.8,1.1,2.7,1.5
biedronka,Delikate (Piątnica) Serek śmietankowy ze szczypiorkiem 200g,Sery,100,243,6,3,23,https://world.openfoodfacts.org/product/5900531009679,0,3,15,0.7
biedronka,Delikate Blue z niebieską pleśnią 100 g,Sery,100,366,20,1.8,31,https://world.openfoodfacts.org/product/5907070001164,,0,21,2.5
biedronka,Delikate Camembert naturalny 120g,Sery,100,270,18,0.5,22,https://world.openfoodfacts.org/product/5906207477803,0,0.5,15,1.7
biedronka,Delikate Puszysty Serek śmietankowy 150g,Sery,100,243,6,3,23,https://world.openfoodfacts.org/product/5900531000805,,3,15,0.8
biedronka,"Delikate Ser Bawarski pleśniwy, kremowy łagodny 150 g",Sery,100,442,13.7,0.1,43,https://world.openfoodfacts.org/product/5903240806928,,0.1,29,1.6
biedronka,"Delikate Ser bawarski pleśniowy, caractere 150 g",Sery,100,442,13.7,0.1,43,https://world.openfoodfacts.org/product/5903240806911,,0.1,29,1.6
biedronka,Delikate Serek puszysty z ziołami 150g,Sery,150,364.5,9,4.5,34.5,https://world.openfoodfacts.org/product/5900531009150,0,4.5,22.5,1.05
biedronka,Delikate Serek twarogowy śmietankowy 150 g,Sery,150,361.5,11.4,4.8,33,https://world.openfoodfacts.org/product/5902150590989,,4.05,22.5,0.89
biedronka,Delikate Serek wiejski 200 g,Sery,200,198,22,5,10,https://world.openfoodfacts.org/product/5900820013509,,5,6,1.4
biedronka,Delikate Serek śmietankowy 200 g,Sery,100,243,6,3,23,https://world.openfoodfacts.org/product/5900531000652,,3,15,0.8
biedronka,Delikate Serek śmietankowy w plastrach klasyczny 150 g,Sery,100,276,10,5,24,https://world.openfoodfacts.org/product/5901939020051,,5,16,1
biedronka,Delikate Serek śmietankowy w plastrach ziołowy 150 g,Sery,100,276,10,5,24,https://world.openfoodfacts.org/product/5901939020105,,5,16,1
biedronka,Delikate Twaróg Klinek półtłusty 250g,Sery,250,277.5,40,9.5,8.75,https://world.openfoodfacts.org/product/5900120070202,,7.75,6.25,0.18
biedronka,Delikate Twaróg klinek chudy 250 g,Sery,250,240,50,8.75,0.5,https://world.openfoodfacts.org/product/5900512501680,0,8.75,0.25,0.12
biedronka,Fasti Ser topiony kremowy gouda 100 g,Sery,100,205,11,6.5,15,https://world.openfoodfacts.org/product/5902664002114,,6.5,10,1.8
biedronka,FruVita Jogurt naturalny 0% tłuszczu z wsadem z czerwona porzeczka - czarna porzeczka. 150 g,Sery,150,129,14.4,18,0,https://world.openfoodfacts.org/product/5900531004445,,18,0,0.09
biedronka,FruVita SKYR 150 g,Sery,150,129,14.4,18,0,https://world.openfoodfacts.org/product/5900531004414,,18,0,0.09
biedronka,FruVita Skyr Malina 150 g,Sery,150,129,14.4,18,0,https://world.openfoodfacts.org/product/5900531004421,,18,0,0.09
biedronka,Galbani Mozzarella 300 g,Sery,100,278,24,0.5,20,https://world.openfoodfacts.org/product/5906207020337,,0.5,13.6,1.4
biedronka,Galbani Ser Mozzarella w zalewie 125g,Sery,125,297.5,21.2,2.5,22.5,https://world.openfoodfacts.org/product/8000430900118,,1.25,15.8,0.88
biedronka,Go Active Serek proteinowy ze skyrem 200 g,Sery,200,138,24,9,0.4,https://world.openfoodfacts.org/product/5902409703726,0,6.2,0.2,0.2
biedronka,Gouda z Biedronki 300 g,Sery,100,352,26,1.2,27,https://world.openfoodfacts.org/product/5900486018566,,0.5,18,1.8
biedronka,Gourmes Ser kozi dojrzewający 100 g,Sery,100,304,17,3.8,25,https://world.openfoodfacts.org/product/5602384002158,,1.6,19,1.6
biedronka,Gourmes Ser kozi dojrzewający QUEIJO DE CABRA CURADO 190 g,Sery,100,426,23.3,0.5,37,https://world.openfoodfacts.org/product/5601009992058,0,0.5,25.6,1.48
biedronka,GustoBello Burrata 100 g,Sery,100,259,10,2,23,https://world.openfoodfacts.org/product/5907180313263,,1.8,15,0.41
biedronka,Głodniaki Paluszki Serowe 4 x 20g,Sery,20,59.8,5.4,0.1,4.2,https://world.openfoodfacts.org/product/4770299398336,0,0,2.8,0.26
biedronka,Lactalis Serek Tutti - Truskawkowy 165 g,Sery,165,199.6,8.91,23.1,8.25,https://world.openfoodfacts.org/product/5902020168959,,21.4,5.61,0.17
biedronka,Mlekovita Ser Rycerski z dziurami dojrzewajacy 135 g,Sery,100,351,26,1.1,27,https://world.openfoodfacts.org/product/5900512984513,,0,18,1.2
biedronka,Mlekovita Twaróg Krajanka półtłusty,Sery,100,122,18,3.5,4,https://world.openfoodfacts.org/product/5902901000071,,3.5,2.6,0.1
biedronka,Mlekpol Twaróg Klinek chudy 250 g,Sery,250,215,45,8.75,0,https://world.openfoodfacts.org/product/5900820009120,,8.75,0,0.25
biedronka,Mlekpol Twaróg Klinek półtłusty 250 g,Sery,250,292.5,42.5,9.25,10,https://world.openfoodfacts.org/product/5900820009076,,9.25,7.5,0.25
biedronka,OSM Czarnków Wielkopolski ser smażony z kminkiem 200 g,Sery,200,362,42,5.6,19,https://world.openfoodfacts.org/product/5901242002621,,2,11.6,4
biedronka,Piątnica Cottage cheese with strawberry 150 g,Sery,150,165,12.9,15,6,https://world.openfoodfacts.org/product/5900531000942,,15,4.2,0.75
biedronka,Piątnica SEREK WIEJSKI 200 g,Sery,200,194,22,4,10,https://world.openfoodfacts.org/product/5900531000010,,3,7,1.4
biedronka,Piątnica Serek Wiejski wysokobiałkowy 200g,Sery,200,190,30,4,6,https://world.openfoodfacts.org/product/5900531007019,,4,4,1.18
biedronka,Piątnica Serek wiejski z jagodami 150 g,Sery,150,165,12.9,15,6,https://world.openfoodfacts.org/product/5900531000973,,15,4.2,0.75
biedronka,Polmlek Ser gouda 1 kg,Sery,100,344,26,1.4,26,https://world.openfoodfacts.org/product/5904716011181,0,0.2,18,1.5
biedronka,Polskie mleko ser topiony 150 g,Sery,150,304.5,16.5,9.15,22.5,https://world.openfoodfacts.org/product/5902377000377,,7.5,15,2.94
biedronka,Ser żółty Serenada 135 g,Sery,100,343,26,1.3,26,https://world.openfoodfacts.org/product/5900857009018,,0,18,1
biedronka,Serek homogenizowany brzoskwiniowy Tutti 150 g,Sery,150,181.5,8.1,20,7.5,https://world.openfoodfacts.org/product/5902409703269,,17.1,5,0.15
biedronka,Smaki świata Cheddar długodojrzewający 10m-cy 200 g,Sery,100,416,25.4,0.5,34.9,https://world.openfoodfacts.org/product/5908250801284,,0.5,21.7,1.8
biedronka,Sottile Gusto Mozarella ser tarty 150 g,Sery,100,286,24,2.5,20,https://world.openfoodfacts.org/product/5906207023031,,0.5,14,1.4
biedronka,Sottile Gusto Mozzarella 125 g (przed odsączeniem 210 g),Sery,125,292.5,21.2,1.25,22.5,https://world.openfoodfacts.org/product/5902596191634,,1.25,15,0.75
biedronka,Tolonis Ser sałatkowo-kanapkowy półtłusty 270 g,Sery,100,190,13,7.48,12,https://world.openfoodfacts.org/product/5900512700090,,7.48,7.81,2.7
biedronka,Tutti Serek homogenizowany o smaku waniliowym z dodatkiem pokruszonej laski wanilii 175 g,Sery,175,213.5,9.28,24.5,8.75,https://world.openfoodfacts.org/product/5902020168805,,22.8,5.95,0.18
biedronka,Twaróg półtłusty Delikate 250g,Sery,250,290,40,10,10,https://world.openfoodfacts.org/product/5908225400658,,10,7,0.25
biedronka,U Jędrusia Krokiety z pieczarkami i serem mozzarella. 1 kg,Sery,100,198,7,21,9,https://world.openfoodfacts.org/product/5901398075357,3.1,3.2,1,1.6
biedronka,Łowicz Ser Edamski 130 g,Sery,100,311,26,0.1,23,https://world.openfoodfacts.org/product/5900120064126,,0.1,14,2.5
biedronka,Łowicz Serek homogenizowany o smaku waniliowym 180g,Sery,180,217.8,12.6,23.4,8.1,https://world.openfoodfacts.org/product/5900120007017,,21.6,,0.14
biedronka,Światowid Gouda 150 g,Sery,100,334,25,0,26,https://world.openfoodfacts.org/product/5900512500348,0,0,17,1.5
biedronka,Światowid Kaszëbsczi z Czosnkiem Niedźwiedzim,Sery,100,345,23,1.2,28,https://world.openfoodfacts.org/product/2951589002320,0.8,0.2,19,1.4
biedronka,Światowid Radamer ser dojrzewający 250 g,Sery,100,343,26,1.3,26,https://world.openfoodfacts.org/product/5900857004969,,0,18,1
biedronka,Światowid Rolada ustrzycka 300 g,Sery,100,316,25,0,24,https://world.openfoodfacts.org/product/5900820021184,0,0,15,1.4
biedronka,Światowid Ser Gouda 400 g,Sery,100,334,25,0,26,https://world.openfoodfacts.org/product/5900512130408,,,17,1.6
biedronka,Światowid Ser Liliput 350 g,Sery,100,343,25,0,27,https://world.openfoodfacts.org/product/59058663,,0,17,1.3
biedronka,Światowid Ser Owczy 160 g,Sery,100,438,23,1,38,https://world.openfoodfacts.org/product/6902725260193,,0.5,27,1.8
biedronka,Światowid Ser Tylżycki 300 g,Sery,100,311,24,0,24,https://world.openfoodfacts.org/product/5900512131252,,0,16.2,1.77
biedronka,Światowid Ser edamski 150 g,Sery,100,344,26,1.4,26,https://world.openfoodfacts.org/product/5904716012102,0,0.2,18,1.5
biedronka,Światowid Ser kozi w plastrach 160 g,Sery,100,390,21,2,33,https://world.openfoodfacts.org/product/5908250801499,,1.5,22,1.3
biedronka,Światowid z gór Ser Kaszkwał 300 g,Sery,100,327,25,0.5,25,https://world.openfoodfacts.org/product/5900512985343,,0.5,16,2
biedronka,Bracia Sadownicy Sok 100% tłoczony tłoczone jabłko z marchewką 750 ml,Soki,100,46,0,12,0,https://world.openfoodfacts.org/product/5905669653534,,12,0,0
biedronka,Cymes Sok marchew banan jabłko 250 ml,Soki,250,120,0,27.5,0,https://world.openfoodfacts.org/product/5900200006879,,27.5,0,0
biedronka,Rivia 100% sok multiwitamina z dodatkiem witamin 200 ml,Soki,200,88,1,20,1,https://world.openfoodfacts.org/product/5901886031490,,20,0.2,0.02
biedronka,Rivia Marchew Brzoskwinia Jabkło 1l,Soki,100,37,0.5,7.9,0.5,https://world.openfoodfacts.org/product/5901886038161,0,7.9,0.1,0.04
biedronka,Rivia Sok pomidorowy z zagęszczonego soku pomidorowego z chili i pieprzem. 1 l,Soki,100,19,0.5,4,0.5,https://world.openfoodfacts.org/product/5901088010736,,2.8,0,0.65
biedronka,"Riviva Nektar owocowo-warzywny Marchew, Jabłko, Banan 1 l",Soki,100,37.2,0.52,8,0.2,https://world.openfoodfacts.org/product/5901886035443,,8,0.04,0.04
biedronka,Riviva Sok 100% pomarańcza z witaminą C 1l,Soki,100,46,0,11,0,https://world.openfoodfacts.org/product/5900379139460,0.6,11,0,0
biedronka,Riviva Sok jabłkowy 2 l,Soki,100,41,0.25,10,0.25,https://world.openfoodfacts.org/product/5908312137146,0.25,9.5,0.05,0.01
biedronka,Riviva Sok pomarańcza 330 ml,Soki,330,141.9,3.96,32,1.65,https://world.openfoodfacts.org/product/5901088012228,,29,0,0.1
biedronka,Riviva Sok pomarańczowy 100% 1 l,Soki,100,43,0.6,9.8,0.5,https://world.openfoodfacts.org/product/5901886038550,,9.8,0.1,0.01
biedronka,Riviva Sok pomidor pikantny,Soki,100,19,0.9,3.4,0.5,https://world.openfoodfacts.org/product/5901886027219,,2.1,0.1,0.6
biedronka,Riviva Sok pomidorowy 200 ml,Soki,200,86,1.2,19.6,1,https://world.openfoodfacts.org/product/5901886031476,,19.6,0.2,0.02
biedronka,Sok Dnia Świeży sok marchewkowy 500 ml,Soki,500,150,3,30,0,https://world.openfoodfacts.org/product/5900200006565,,28,0,0.35
biedronka,Sokołów Golonka Pieczona 372 g,Soki,372,866.8,70.7,3.72,63.2,https://world.openfoodfacts.org/product/2966823003728,,,,
biedronka,Tymbark Nektar czerwony grejpfrut 1 L,Soki,100,41,0,9.5,0,https://world.openfoodfacts.org/product/5900334017598,0.5,9.5,0,0
biedronka,"Tymbark Sok z brzoskwiń, marchwi i jabłek z dodatkiem witamin C i E. 1 l",Soki,100,48,0.4,10.8,0.1,https://world.openfoodfacts.org/product/5900334015938,1.1,10.7,0.01,0.03
biedronka,Victoria Sok grejpfrutowy 250 ml,Soki,250,100,1.25,23.8,0,https://world.openfoodfacts.org/product/02751153,,16.8,0,0
biedronka,Vital FRESH Smoothie Jabłko Gruszka Szpinak 750 ml,Soki,100,43,0.5,9.5,0.1,https://world.openfoodfacts.org/product/8410261718255,0.8,7,0,0.02
biedronka,Vital FRESH Sok 100% Jabłko Mango z dodatkiem Witaminy C 1 l,Soki,100,54,0.5,13,0.5,https://world.openfoodfacts.org/product/5901088011160,0.5,12,0.1,0.02
biedronka,Vital FRESH Sok 100% Mandarynka Mango Marakuja 1 l,Soki,100,47,0.7,11,0,https://world.openfoodfacts.org/product/5900446016489,0,11,0,0
biedronka,Vital FRESH Sok Marchew Banan 1 l,Soki,100,39,0.7,8.2,0,https://world.openfoodfacts.org/product/5901425841832,1.1,8.1,0,0.09
biedronka,Vital FRESH Sok ananasowy 750 ml,Soki,100,42,0,10.5,0,https://world.openfoodfacts.org/product/8410171037804,0,10.5,0,0
biedronka,Vital FRESH Sok jabłkowy 100% z dodatkiem witaminy C 1 l,Soki,100,45,0.5,11,0.5,https://world.openfoodfacts.org/product/5901088011498,0.3,10,0,0.01
biedronka,Vital FRESH smoothie Dynia Jabłko Brzoskwinia Mango 750 ml,Soki,100,44,0.5,9.7,0.3,https://world.openfoodfacts.org/product/8410171014829,0.9,9.6,0.1,0.01
biedronka,Vital FRESH smoothie Marchewka Ananas Brzoskwinia Pomarańcza 750 ml,Soki,100,40,0.6,9,0,https://world.openfoodfacts.org/product/8410261718316,0.8,6.8,0,
biedronka,Vital FRESH smoothie Ogórek Burak Seler Jabłko Banan 750 ml,Soki,100,47,0.6,10.2,0.3,https://world.openfoodfacts.org/product/8410171014836,0.7,9.9,0.1,0.01
biedronka,Vital Fresh Smoothie 750 ml,Soki,100,45,0,11,0,https://world.openfoodfacts.org/product/8410261718293,0,11,0,0
biedronka,Vital Fresh Smoothie Burak Jabłko Czarna Porzeczka 750ml,Soki,100,47,0.5,11,0,https://world.openfoodfacts.org/product/8410261718187,0.5,11,0,0.01
biedronka,Vital Fresh Smoothie kokos ananas banan pomarańcza 330 ml,Soki,330,234.3,2.31,46.2,3.63,https://world.openfoodfacts.org/product/8410261718583,3.3,39.6,2.97,0.03
biedronka,Vital Fresh Sok jabłkowy 3 l,Soki,100,42,0,10,0,https://world.openfoodfacts.org/product/5900446013259,0,9.7,0,0
biedronka,Vital Fresh Sok marchew 330 ml,Soki,330,105.6,1.98,21.1,0,https://world.openfoodfacts.org/product/5901425841917,3.63,21.1,0,0.36
biedronka,Vital Fresh smoothie truskawka winogrono banan pomarańcza 330 ml,Soki,330,191.4,2.31,42.9,0,https://world.openfoodfacts.org/product/8410261718569,5.94,42.9,0,0
biedronka,"Vital SOK 100% JABŁKO MARCHEW, mętny, bezpośrednio tłoczony, pasteryzowany 3 l",Soki,100,16.8,0,4,0,https://world.openfoodfacts.org/product/5900446013761,0.24,3.76,0,0
biedronka,Vital Sok marchew banan 330ml,Soki,330,128.7,2.31,27.1,0,https://world.openfoodfacts.org/product/5901425841818,3.63,26.7,0,0.3
biedronka,Vital fresh Sok wieloowocowy 1L,Soki,100,46,0.5,11,0,https://world.openfoodfacts.org/product/5900446015772,0.2,11,0,0
biedronka,Vitanella Breakfast Smoothie 300 ml,Soki,300,168,1.8,39,0,https://world.openfoodfacts.org/product/5901886042694,0,36,0,0
biedronka,"Vitanella Napój wieloowocowy, częściowo z soków zagęszczonych, źródło 10 witamin 1 l",Soki,100,41,0.5,10,0.5,https://world.openfoodfacts.org/product/5901088006937,,10,0,0.02
biedronka,Vitanella Sok marchwiowy przecierowy. 1 l,Soki,100,34,0.5,7.1,0.5,https://world.openfoodfacts.org/product/5901886024546,,7,0.1,0.1
biedronka,Asia Flavours Tom Kha 235 g,Sosy,235,274.9,0,63.5,1.18,https://world.openfoodfacts.org/product/5906742687163,4.94,44.6,0.47,43.7
biedronka,Biedronka Majonez z Truflami 210 ml,Sosy,100,670,1.2,3.7,72,https://world.openfoodfacts.org/product/5906425150700,0.3,3.5,5.5,0.92
biedronka,Dawtona Ketchup pikantny 470 g,Sosy,100,92,0.6,22,0,https://world.openfoodfacts.org/product/5901713012654,0.7,18,0,1.6
biedronka,Develey Horcice. Musztarda kremska 210 g,Sosy,100,138,4.3,16,4.8,https://world.openfoodfacts.org/product/5906425113859,4.9,15.7,0.5,2.5
biedronka,"Develey Ketchup z dodatkiem miodu, czosnku i tymianku. 300 g",Sosy,100,132,2.5,28,0.3,https://world.openfoodfacts.org/product/5906425121243,,24,0.1,1.6
biedronka,Develey Musztarda francuska 270 g,Sosy,100,132,6.2,7,7,https://world.openfoodfacts.org/product/5906425111992,,6.8,0.9,2.7
biedronka,Develey Musztarda grillowa łagodna 440 g,Sosy,100,106,5.4,4.4,5.8,https://world.openfoodfacts.org/product/5906425111923,5.2,4.3,0.8,2.2
biedronka,Go Vege Sos czosnkowy 410 g,Sosy,100,350,0,11,34,https://world.openfoodfacts.org/product/5901044028201,0,5.7,2.5,1.3
biedronka,Go Vege Sos z chili 410 g,Sosy,100,269,0.5,10,25,https://world.openfoodfacts.org/product/5906425143719,0.6,6.2,1.8,1.6
biedronka,Heinz Sos Barbecue. Sos do grilla z cebulą i papryką 250 g,Sosy,100,142,0.8,34,0.2,https://world.openfoodfacts.org/product/5900783008567,,30,0,2.4
biedronka,Kikkoman Sos sojowy 1 l,Sosy,100,77,10,3.2,0,https://world.openfoodfacts.org/product/8715035110809,,0.6,0,16.9
biedronka,Knorr Fix Spaghetti 4 sery z brokułami 43 g,Sosy,43,203.8,5.16,19.4,11.6,https://world.openfoodfacts.org/product/5900300512294,0.52,2.67,7.31,3.4
biedronka,Knorr Sos sałatkowy paprykowo-ziołowy 9 g,Sosy,100,424,0.5,4.8,45,https://world.openfoodfacts.org/product/8714100855171,0.7,3.8,6.5,2.2
biedronka,Kotlin Ketchup 500 g,Sosy,100,99,1.3,22,0.5,https://world.openfoodfacts.org/product/5900385500391,,22,0.1,2.2
biedronka,Lisner Boczniaki w sosie musztardowym 100 g,Sosy,100,232,1.4,8.7,21,https://world.openfoodfacts.org/product/5900344031454,,7.3,1.6,2
biedronka,Madero Ketchup classic 300 g,Sosy,100,123,1.9,26,0.2,https://world.openfoodfacts.org/product/5906425121434,,23,0.1,2.1
biedronka,Madero Ketchup junior 330 g,Sosy,100,103,1.7,22,0.5,https://world.openfoodfacts.org/product/5906425121397,,19,0.1,2.3
biedronka,Madero Ketchup pikantny,Sosy,100,131,1.1,31,0.5,https://world.openfoodfacts.org/product/5901713012692,1.3,30,0.2,2.7
biedronka,Madero Ketchup łagodny 560 g,Sosy,100,134,2,30,0.5,https://world.openfoodfacts.org/product/5906425121830,,27,0.1,2.2
biedronka,Madero Majonez 420 ml,Sosy,100,702,0.9,3.7,76,https://world.openfoodfacts.org/product/5906425150335,,3.7,5.7,0.12
biedronka,Madero Majonez wyborny z żółtkiem z jaja kurzego z chowu z wolnego wybiegu 400 ml,Sosy,100,703,1.1,3.6,76,https://world.openfoodfacts.org/product/5902944903049,,3.4,5.8,0.64
biedronka,Madero Musztarda Dijon 270 g,Sosy,100,149,5.1,1.8,11,https://world.openfoodfacts.org/product/5906425112005,,1.8,0.8,6.1
biedronka,Madero Musztarda sarepska 210 g,Sosy,100,122,5.6,7.8,6.1,https://world.openfoodfacts.org/product/5906425111602,,7.7,0.8,2.5
biedronka,Madero Premium ketchup pikantny 300 g,Sosy,100,113,1.9,23.7,0.2,https://world.openfoodfacts.org/product/5906425121861,1.9,20.7,0.1,1.9
biedronka,Madero Sos 1000 wysp 410 g,Sosy,100,271,0.7,11,25,https://world.openfoodfacts.org/product/5906425142958,0.6,9,1.9,1
biedronka,Madero Sos BBQ z chipotle 470 g,Sosy,100,138,0,32,0.5,https://world.openfoodfacts.org/product/5901044023084,0,29,0.1,0.27
biedronka,Nasza Spiżarnia Ajvar pikantny 350g,Sosy,100,65,1.3,6.09,3.6,https://world.openfoodfacts.org/product/5904378643270,1.6,4.69,0.5,1.3
biedronka,Pegaz Musztarda stołowa 200 g,Sosy,100,101,5.1,12,3.4,https://world.openfoodfacts.org/product/5901658000020,,9.6,0.2,1.8
biedronka,Pudliszki Majonez 460 g (480 ml),Sosy,100,736,1,2.8,80,https://world.openfoodfacts.org/product/5900783009526,,2.8,6.1,0.84
biedronka,Pudliszki Po Bolońsku sos do spaghetti 500g,Sosy,100,53,1.7,9.2,0.6,https://world.openfoodfacts.org/product/5900783003616,2,6.3,0.1,1.2
biedronka,Pudliszki Sos curry mango 225 g,Sosy,100,328,1.6,18,28,https://world.openfoodfacts.org/product/5900783009472,,16,2.4,1.5
biedronka,Rikka Musztarda kremska 210 g,Sosy,100,137,4.7,16,4.5,https://world.openfoodfacts.org/product/5906425113842,3.9,16,0.6,2
biedronka,Sottile Gusto Passata 700 g,Sosy,100,30.9,1.71,4.34,0.46,https://world.openfoodfacts.org/product/5906716207359,,4.23,0.11,0.22
biedronka,Sottile Gusto Passata z czosnkiem 700 g,Sosy,100,32,1.77,4.57,0.46,https://world.openfoodfacts.org/product/5906716207373,,4.34,0.11,0.22
biedronka,Społem Kielce Majonez kielecki 410 ml,Sosy,100,631,1.9,2.3,68,https://world.openfoodfacts.org/product/5900242005014,,2,5.3,1
biedronka,Tomatini Ketchup łagodny 470 g,Sosy,100,91,0.5,22,0,https://world.openfoodfacts.org/product/5901713012647,0.7,18,0,1.6
biedronka,Winiary Dressing 1000 wysp,Sosy,100,185,0.9,10.4,15.5,https://world.openfoodfacts.org/product/7613287934390,0.5,7.3,1.6,
biedronka,Culineo Cebulka zapiekana 200 g,Sosy i przyprawy,100,590,6,42,43,https://world.openfoodfacts.org/product/5902020779018,6,17,21,1
biedronka,Madero Chrzan tarty 160 g,Sosy i przyprawy,160,180.8,2.72,20.8,8.32,https://world.openfoodfacts.org/product/0044800023319,5.6,15.2,0.64,0.56
biedronka,Madero Chrzan tarty że śmietanką 160 g,Sosy i przyprawy,160,334.4,3.2,19.2,25.6,https://world.openfoodfacts.org/product/5904645009341,,19.2,3.68,2.4
biedronka,Cenos Groch łuskany połówki 500 g,Strączkowe,100,330,21,52,1.8,https://world.openfoodfacts.org/product/5900977008601,11,2.6,0.3,0.01
biedronka,Go Vege Krem z orzeszków ziemnych 945 g,Strączkowe,100,596,27,14,46,https://world.openfoodfacts.org/product/5900617040152,9.1,6.6,6.8,0.03
biedronka,Go Vege Krem z orzeszków ziemnych z kawałkami 500g,Strączkowe,100,625,26,8.9,52,https://world.openfoodfacts.org/product/5900617044303,8.9,5.5,6.1,0.03
biedronka,Mroźna Kraina Groszek zielony 450 g,Strączkowe,100,80,6.4,7.8,0.93,https://world.openfoodfacts.org/product/5901028917415,7.73,2.6,0.33,0.02
biedronka,Plony Natury Fasola piękny jaś 500 g,Strączkowe,100,300,20,38,2.9,https://world.openfoodfacts.org/product/5908267104637,21,5.3,0.5,0.01
biedronka,"Plony natury Natural Mix - Czerwona soczewica, kasza gryczana, marchewka 320 g",Strączkowe,100,367,21.1,62.3,1.6,https://world.openfoodfacts.org/product/5902180550113,9.6,2,0.3,0.01
biedronka,Vitanella Masło orzechowe crunchy 450 g,Strączkowe,100,613,22,17,49,https://world.openfoodfacts.org/product/5201049131617,7.4,7.1,8.5,
biedronka,After Eight Miętowe czekoladki 200 g,Słodycze,100,428,2.3,74.1,12.9,https://world.openfoodfacts.org/product/7613034944849,2.7,64.4,7.4,0
biedronka,Allegro Czekolada deserowa z nadzieniem o smaku malinowym 100 g,Słodycze,100,454,3.2,62,21,https://world.openfoodfacts.org/product/5907443601823,4.5,58,12,0.04
biedronka,Allegro Czekolada mleczna z nadzieniem archaidowym 100 g,Słodycze,100,533,8.8,50,33,https://world.openfoodfacts.org/product/5901669488459,2.7,48,17,0.57
biedronka,Atis-Smok Korpusy na twój deser 300 g,Słodycze,100,429,5.3,54,21,https://world.openfoodfacts.org/product/5907596302776,,12,6,1.3
biedronka,Azuba Polska Pierniki w czekoladzie dekorowane czekoladą mleczną 500 g,Słodycze,100,411,7.7,67,12,https://world.openfoodfacts.org/product/5900881226009,,36,6.6,0.14
biedronka,Baitz Crossaint Z Czekoladą 1 60g,Słodycze,60,262.2,4.2,26.4,15,https://world.openfoodfacts.org/product/5941384006521,1.5,10.2,7.2,0.3
biedronka,Bakalland Vitanella Baton Musli Banan 40 g,Słodycze,40,172.8,1.8,28.4,5.6,https://world.openfoodfacts.org/product/5900749629997,1.24,13.2,3.6,0.08
biedronka,Bakalland Vitanella Baton Musli Śliwka 40 g,Słodycze,40,156.8,1.88,29.2,3.36,https://world.openfoodfacts.org/product/5900749629966,1.2,14.4,2.4,0.13
biedronka,Batonik twarogowy Tutti w polewie czekoladowej 40 g,Słodycze,40,162.4,4.4,13.9,9.92,https://world.openfoodfacts.org/product/4770299395595,1.08,13,5.76,0.04
biedronka,Biedronka Belgijska czekolada 70% 100 g,Słodycze,100,533,8.9,31,39,https://world.openfoodfacts.org/product/5907180316424,14,26,23,0.02
biedronka,Biedronka Belgijska czekolada deserowa ze skórką pomarańczy i migdałami. 100 g,Słodycze,100,527,6.8,43,34,https://world.openfoodfacts.org/product/5907180316431,9.8,39,19,0.05
biedronka,Biedronka Belgijska czekolada mleczna z kawałkami słonego karmelu 100 g,Słodycze,100,530,5.6,60,29,https://world.openfoodfacts.org/product/5907180316417,2,59,19,0.32
biedronka,Biedronka Biszkopty 180 g,Słodycze,100,397,8.39,75,6.61,https://world.openfoodfacts.org/product/5901141009875,,40,1.2,0.2
biedronka,Biedronka Biszkopty z galaretką malinową w czekoladzie 300 g,Słodycze,100,360,4.3,69,6.8,https://world.openfoodfacts.org/product/5901141005761,,47,3.7,0.2
biedronka,Biedronka Czekolada gorzka 95% kakao 100 g,Słodycze,100,591,12,10,52,https://world.openfoodfacts.org/product/5904358565844,18,3,32,0.07
biedronka,Biedronka Czekoladki z nadzieniem o smaku miętowym 200 g,Słodycze,100,457,3.5,70,17,https://world.openfoodfacts.org/product/4250231141287,4,61,10,0.03
biedronka,Biedronka Migdały prażone w czekoladzie mlecznej,Słodycze,100,557,9.3,53,33,https://world.openfoodfacts.org/product/5907554479809,5.4,48,13,0.03
biedronka,Bonitki Black herbatniki kakaowe z kremem o smaku śmietankowym 216 g,Słodycze,100,497,5.09,59,26,https://world.openfoodfacts.org/product/5907471442603,0,33,12,0.57
biedronka,Bonitki Herbatniki maślane-kakaowe 250g,Słodycze,100,463,7.52,74,15,https://world.openfoodfacts.org/product/3856014112355,,26,8.4,0.5
biedronka,Bonitki Markizy ciastka z nadzieniem kakaowym (25%) 250 g,Słodycze,100,479,5.8,61,23,https://world.openfoodfacts.org/product/8717185471601,,29,13,0.5
biedronka,Bonitki Mini Roladki Malina 150 g,Słodycze,100,468,2.8,56,26,https://world.openfoodfacts.org/product/5901356071445,1,39,12,0.42
biedronka,Bonitki Mini Roladki Morela 150 g,Słodycze,100,451,2.7,58,23,https://world.openfoodfacts.org/product/5901356071452,1.4,42,11,0.42
biedronka,Bonitki Setters - wafelek mleczno-orzechowy 4 x 25 g,Słodycze,25,132.5,2.08,13.8,7.5,https://world.openfoodfacts.org/product/5908234813333,0.9,8.25,5.5,0.07
biedronka,Bonitki kruche z kremem 130 g,Słodycze,100,495,9.38,56,30,https://world.openfoodfacts.org/product/5902379402032,1.9,1.5,16,0.53
biedronka,Candi Brzoskwiniowe Krążki 200 g,Słodycze,100,344,3.8,81,0,https://world.openfoodfacts.org/product/8592601115686,0,54,0,0.03
biedronka,Chocofini Krem o smaku czekoladowo-orzechowym 400 g,Słodycze,100,565,3.4,56,36,https://world.openfoodfacts.org/product/5900910009863,1.8,55,7.8,0.32
biedronka,Continental Bakeries Mieszkanka ciastek kruchych 500 g,Słodycze,100,490,5.7,66,22,https://world.openfoodfacts.org/product/8710445022643,,28,12,0.46
biedronka,Cukiernia Faworki 200 g,Słodycze,100,561,6.4,52,36,https://world.openfoodfacts.org/product/5904437012375,0.5,2.6,16,0.3
biedronka,Cukiernia Sernik na zimno z malinami i białą czekoladą 550 g,Słodycze,100,193,4.5,19,11,https://world.openfoodfacts.org/product/5904437011958,1.7,19,7.2,0.1
biedronka,Dan Cake Babka piaskowa 600 g,Słodycze,100,430,4.2,60,19,https://world.openfoodfacts.org/product/5900864735122,0.9,35,2.3,0.8
biedronka,Dawtona Mus 100% Drugie śniadanie 180g,Słodycze,180,176.4,1.98,39.6,1.08,https://world.openfoodfacts.org/product/5901713018496,5.4,34.2,0,0
biedronka,Dr Gerard Biszkopciki Paryskie z nadzieniem o smaku morelowym 200 g,Słodycze,100,381,4.6,68,9.6,https://world.openfoodfacts.org/product/5907471441217,2.3,41,4,0.2
biedronka,Dr Gerard Kremówki Dekorowane śmietankowo morelowy smak 820 g,Słodycze,100,427,3.5,65,17,https://world.openfoodfacts.org/product/5907471414624,0.8,43,9.4,0.2
biedronka,Dr Gerard Rurki waflowe z kremem o smaku adwokatowym (60%) 260 g,Słodycze,100,540,3.8,60,31,https://world.openfoodfacts.org/product/5907471411760,2.3,49,9.88,0.22
biedronka,Dr Gerard Rurki waflowe z kremem o smaku krówkowym (60%) 260 g,Słodycze,100,528,4.38,64,28,https://world.openfoodfacts.org/product/5907471411753,0.7,48,7.5,0.32
biedronka,Dr Gerard Rurki waflowe z kremem z orzeszkami ziemnymi (60%). 280 g,Słodycze,100,469,7.21,64,20,https://world.openfoodfacts.org/product/5907471402867,1.9,48,4.5,0.24
biedronka,E. Wedel Ptasie mleczko Karmellove! 380 g,Słodycze,100,448,3.5,59,22,https://world.openfoodfacts.org/product/5901588057583,0.6,50,13,0.19
biedronka,E.Wedel Czekolada Tiramisu 293 g,Słodycze,100,524,5.49,58,29,https://world.openfoodfacts.org/product/5901588017617,1.3,57,15,0.25
biedronka,"E.Wedel Ptasie mleczko o smaku strawberry shake 36 x 10,6 g",Słodycze,10.6,48.2,0.33,6.15,2.44,https://world.openfoodfacts.org/product/5901588057835,0.06,5.19,1.48,0.01
biedronka,Elios Mini batoniki z migdałami i miodem,Słodycze,100,523,19.8,36.6,31.6,https://world.openfoodfacts.org/product/5203937019618,6.7,25.5,2.9,0.01
biedronka,Estella Kokosowa XXL 50 g,Słodycze,50,269.5,3.05,29,15.5,https://world.openfoodfacts.org/product/5900797003466,,20,8.5,0.19
biedronka,Estella deserowa XXL 50 g,Słodycze,50,266.5,4.05,28,15,https://world.openfoodfacts.org/product/5902978041397,,17.5,5.5,0.12
biedronka,Estella kokosowa 50 g,Słodycze,50,266.5,3.25,29,15,https://world.openfoodfacts.org/product/5902978041304,,20,6,0.17
biedronka,Estella orzechowa XXL 50 g,Słodycze,50,268,3.45,28.5,15.5,https://world.openfoodfacts.org/product/5902978041366,,20.5,5,0.17
biedronka,Estella toffi XXL 50 g,Słodycze,50,269.5,3,28.5,16,https://world.openfoodfacts.org/product/5902978041335,,20.5,5.5,0.17
biedronka,EuroWafel Wafle 160 g,Słodycze,100,411,10,79,5.2,https://world.openfoodfacts.org/product/5903111175115,2.9,2.3,0.5,0.38
biedronka,Felicjana Ciasteczka z ziarnami słonecznika i sezamu oraz siemieniem lnianym 300 g,Słodycze,100,561,12.1,50,33.7,https://world.openfoodfacts.org/product/5900340003950,4.4,26.3,3,0.02
biedronka,GO ACTIVE Baton proteinowy o smaku wiśniowym 40 g,Słodycze,40,148.8,12,15.2,5.6,https://world.openfoodfacts.org/product/5901888023202,1.56,6.8,3.2,
biedronka,Glico Pocky Cookies&Cream 41 g,Słodycze,41,200.1,2.73,27.3,9.1,https://world.openfoodfacts.org/product/8851019010021,0,15.5,8.2,0.06
biedronka,Glico Pocky Strawberry Flavour 47g,Słodycze,47,229.8,3.99,32,9.87,https://world.openfoodfacts.org/product/8851019010014,3.99,16.9,7.99,
biedronka,Go Active Baton wysokobiałkowy Peanut Butter 40 g,Słodycze,40,154.8,10,9.2,6.8,https://world.openfoodfacts.org/product/5905186300003,8.4,7.6,1.08,0.08
biedronka,Go Active Protein Pudding Czekolada Z Wiśnią 180 g,Słodycze,180,147.6,16.4,15.3,2.52,https://world.openfoodfacts.org/product/8595588205296,1.8,8.46,1.62,0.46
biedronka,Go Active Wafelek proteinowy o smaku waniliowym 26 g,Słodycze,26,140.4,7.28,8.06,8.58,https://world.openfoodfacts.org/product/5902978062439,0.75,2.86,4.68,0.08
biedronka,Go active Baton bialkowy malinowy,Słodycze,100,368,30,30,16,https://world.openfoodfacts.org/product/5901888021314,12,3.9,9.3,0.36
biedronka,GustoBello Cantuccini 250 g,Słodycze,100,453,9.92,63,17,https://world.openfoodfacts.org/product/8008560008483,3.7,35,4.6,0.4
biedronka,Góralki mleczne 50 g,Słodycze,50,275,3.5,27,17,https://world.openfoodfacts.org/product/8584004041389,0.5,19.5,11,0.2
biedronka,JAGO Estella o smaku toffi 50 g,Słodycze,50,268.5,2.8,29,15.5,https://world.openfoodfacts.org/product/5900797003442,,19.5,8.5,0.2
biedronka,Jago Estella deserowa XXL 50 g,Słodycze,50,268,2.85,29,15.5,https://world.openfoodfacts.org/product/5900797001905,,19.5,8.5,0.17
biedronka,Janczewscy Makowiec klasyczny 450 g,Słodycze,100,353,8.05,48.3,13.3,https://world.openfoodfacts.org/product/5904437000013,4.1,22,4.2,0.27
biedronka,Jeronimo Martins Polska S.A. Mini Betini - herbatniki 14g,Słodycze,14,61,1.09,11.1,0.6,https://world.openfoodfacts.org/product/5902978005443,,3.64,,
biedronka,Jutrzenka Krówka mleczna 340 g,Słodycze,100,379,4.71,80,4.29,https://world.openfoodfacts.org/product/5908259344225,0,72,2.5,0.15
biedronka,Jutrzenka Pistacje w czekoladzie 150 g,Słodycze,100,537,10,46,33,https://world.openfoodfacts.org/product/5907554478567,7.9,39,13,0.52
biedronka,Kopernik Pierniki lukrowane z nadzieniem o smaku różanym 600 g (21.16 oz),Słodycze,100,350,4.4,79,0.7,https://world.openfoodfacts.org/product/5900056011201,,51,0.1,0.04
biedronka,Kopernik Pierniki nadziewane w białej czekoladzie. 150 g,Słodycze,100,392,5.4,70,9.33,https://world.openfoodfacts.org/product/5900056008287,,48,5.5,0.16
biedronka,Lindt Lindor 200 g,Słodycze,100,613,4.6,43,47,https://world.openfoodfacts.org/product/8003340093000,,43,35,0.15
biedronka,Lotte Czeko tubka. Krem karmelowy 50 g,Słodycze,50,279.5,3.2,28.5,17,https://world.openfoodfacts.org/product/5901588026381,0,28.5,8.5,0.17
biedronka,Lubisie Barnie 30 g,Słodycze,30,116.1,1.83,17.4,4.5,https://world.openfoodfacts.org/product/5906747314842,0.36,9,0.69,0.19
biedronka,Magnetic Advocat 43 g,Słodycze,43,203,1.63,25.8,10.3,https://world.openfoodfacts.org/product/5907443600529,0.65,,6.45,0.09
biedronka,Magnetic Baton z czekolady mlecznej 43 g,Słodycze,43,209,1.46,26.2,10.8,https://world.openfoodfacts.org/product/5901669489647,,24.9,6.02,0.07
biedronka,Magnetic Chałwa sezamowa os smaku waniliowym 100 g,Słodycze,100,541,13,46,33,https://world.openfoodfacts.org/product/5900278012376,4,30,5.8,0.2
biedronka,Magnetic Czekolada Gorzka 100 g,Słodycze,100,519,8.2,38,34,https://world.openfoodfacts.org/product/5902581689771,13,34,23,0.05
biedronka,Magnetic Czekolada deserowa z nadzieniem o smaku pistacjowym z kawałkami migdałów i orzechów pistacjowych 155 g,Słodycze,100,562,5.9,50,37,https://world.openfoodfacts.org/product/5902581687593,4.1,48,22,0.13
biedronka,Magnetic Czekolada mleczna 100 g,Słodycze,100,545,5.2,59,32,https://world.openfoodfacts.org/product/5907443602882,1.7,58,20,0.26
biedronka,Magnetic Czekolada mleczna truskawkowa 100 g,Słodycze,100,517,5.2,59,29,https://world.openfoodfacts.org/product/5907443600970,1,57,17,0.22
biedronka,Magnetic Czekolada mleczna z nadzieniem orzechowym i kawałkami orzechów laskowych 157.5 g,Słodycze,100,557,7.17,51,35,https://world.openfoodfacts.org/product/5902581687609,2.8,50,20,0.22
biedronka,Magnetic Herbatniki Korzenne 300 g,Słodycze,100,461,6.7,72,16,https://world.openfoodfacts.org/product/5904356951274,2.8,27,7.8,0.68
biedronka,Magnetic Orzeszki arachidowe w czekoladzie. 500 g,Słodycze,100,540,15,41,34,https://world.openfoodfacts.org/product/5900303003607,4.9,39,11,0.01
biedronka,Magnetic Pianka o smaku śmietankowym z galaretką o smaku malinowym w czekoladzie 380 g,Słodycze,100,400,1.3,68,13,https://world.openfoodfacts.org/product/5903228100215,1.3,59,6.9,0.03
biedronka,Maltanki Herbatniki w masie czekoladopodobnej (49%) 100 g,Słodycze,100,500,7.2,62,24,https://world.openfoodfacts.org/product/5901414203610,,33,11,0.56
biedronka,"Mentos Kwaśne cukierki do żucia o smaku limonkowym, jabłkowym i truskawkowym 37,5 g",Słodycze,37.5,145.1,0,34.1,0.68,https://world.openfoodfacts.org/product/87333497,0,25.5,0.64,0.04
biedronka,Milano Czekolada mleczna z całymi orzechami laskowymi 100 g,Słodycze,100,563,9.5,40,40,https://world.openfoodfacts.org/product/5907443600222,4.2,39,17,0.16
biedronka,Millano Czekolada mleczna 100g,Słodycze,100,551,6.6,53,34,https://world.openfoodfacts.org/product/5907443603131,1.7,53,21,0.26
biedronka,Mondelez Biszkopty 120 g,Słodycze,100,390,8.1,73,7.1,https://world.openfoodfacts.org/product/5906747308087,1.1,35,1.3,0.37
biedronka,"Mondelez Ciastko biszkoptowe z nadzieniem (15%) z truskawkami (2,6%) i nadzieniem o smaku waniliowym (15%). 150g",Słodycze,100,371,5.4,61,13,https://world.openfoodfacts.org/product/7622210936196,1.4,31,1.9,0.56
biedronka,Naturcake Ciasto marchewkowe w polewie marcepanowej,Słodycze,100,400,4.3,44,24,https://world.openfoodfacts.org/product/5907753800138,1.4,27,7.8,0.1
biedronka,Otmuchów Baton owocowy 40 g,Słodycze,40,133.6,0.44,28.4,1.36,https://world.openfoodfacts.org/product/5901888014385,3.2,23.2,0.12,0.07
biedronka,Otmuchów Żelki z nadzieniem owocowym w kwaśnej posypce 200 g,Słodycze,100,330,5,76,0,https://world.openfoodfacts.org/product/5901888015382,0,53,0,0.02
biedronka,Pomorzanka Makarena 200 g,Słodycze,100,337,0.2,84,0,https://world.openfoodfacts.org/product/5900847000698,,75,0,0.01
biedronka,Spomet Kruszynki Orzeszki kawalki orzechów 225 g,Słodycze,100,504,6,60,26.5,https://world.openfoodfacts.org/product/5902379743128,,28,8,0.5
biedronka,Sultan Chałwa bakaliowa 450 g,Słodycze,100,535,13.4,52.2,30.2,https://world.openfoodfacts.org/product/5907180567741,,26.1,5.7,0.29
biedronka,Słodka Kraina Babka o smaku cytrynowym 400 g,Słodycze,100,456,5.5,43,29,https://world.openfoodfacts.org/product/5900340002540,0.6,21,3.1,0.77
biedronka,Słodka cukiernia Biszkopty z galaretką o smaku czarnej porzeczki w polewie kakaowej. 800 g,Słodycze,100,373,3.8,73,7.1,https://world.openfoodfacts.org/product/5902425083215,1,53,2.9,0.25
biedronka,Słodkie chwile Frutti Cookie Pomarańcza,Słodycze,100,464,4.5,63,21,https://world.openfoodfacts.org/product/5902379332247,3.3,44,17,0.78
biedronka,Słodkie chwile Listki Maślane. Herbatniki z polewą kakaową. 750 g,Słodycze,100,479,6.5,58,24,https://world.openfoodfacts.org/product/5906372277024,,24,16,0.3
biedronka,Tago Precle z cukrem 158 g,Słodycze,100,520,6.39,63,27,https://world.openfoodfacts.org/product/5901356040670,,17,17,0.9
biedronka,Tasso PryncyPałki 235 g,Słodycze,100,536,6,58,31,https://world.openfoodfacts.org/product/5906372277918,3.1,41,18,0.28
biedronka,The Candy Plus Kwaśne paski tęczowe o smaku kwaśnym. 150 g,Słodycze,100,383,3,86,2.3,https://world.openfoodfacts.org/product/8592601111626,0.5,53,1.5,0.28
biedronka,Tic Tac Apple Mix 18G,Słodycze,18,71.1,0.02,17.1,0.07,https://world.openfoodfacts.org/product/42276616,,16.2,0.07,0
biedronka,Tic Tac orange 18 g,Słodycze,18,72,0.02,17.4,0.13,https://world.openfoodfacts.org/product/80052333,,16.8,0.13,0.01
biedronka,"Tic tac GUM cool cassis 12,1 g",Słodycze,12.1,23.4,0.01,8.59,0.21,https://world.openfoodfacts.org/product/8000500280218,,0,0.21,0
biedronka,Vitanella Barony 105 g,Słodycze,100,477,11,50,25,https://world.openfoodfacts.org/product/8595229923398,5.2,33,3.6,0.04
biedronka,Vitanella Baton owocowy 40 g,Słodycze,40,132.4,0.4,28.4,1.4,https://world.openfoodfacts.org/product/5901888014408,3,24.8,0.12,0.06
biedronka,"Vitanella Baton z orzeszków ziemnych z żurawiną, orzechami nerkowca, słonecznikiem, rodzynkami i migdałami. 35 g",Słodycze,35,166.9,3.85,17.5,8.75,https://world.openfoodfacts.org/product/8595229918011,1.82,11.5,1.26,0.01
biedronka,Vitanella Batony 3 x 35 g,Słodycze,35,189,4.9,15,12,https://world.openfoodfacts.org/product/8595229926573,2.2,9.1,2.2,0.04
biedronka,Vitanella Ciasteczka wielozbożowe z dodatkiem mleka 300 g (6 x 50 g),Słodycze,50,218.5,4.15,35.5,6,https://world.openfoodfacts.org/product/5604127000049,2.4,10,0.7,0.3
biedronka,Vitanella ciastka wielozbozowe 300 g (6x50g),Słodycze,50,211.5,4.5,32.5,7,https://world.openfoodfacts.org/product/5604127000179,6.5,0.95,0.75,0.25
biedronka,Vitanella protein baton 49g,Słodycze,49,241.1,13.2,14.7,15.2,https://world.openfoodfacts.org/product/5907443605586,1.18,8.33,8.33,0.23
biedronka,Vitanella smoothie baton rabarbar-truskawka 40g,Słodycze,40,137.2,2.72,22.9,3.32,https://world.openfoodfacts.org/product/5907437367124,2.68,20,0.4,0.02
biedronka,Wawel Tiramisu czekolada nadziewana 290 g,Słodycze,100,521,6.31,55,30,https://world.openfoodfacts.org/product/5900102021215,,50,19,0.16
biedronka,Wawel Truskawkowa czekolada nadziewana 300 g,Słodycze,100,500,5,58,27,https://world.openfoodfacts.org/product/5900102020584,,46,17,0.1
biedronka,Zakłady Cukiernicze Bałtyk Ups! Karmelki mleczne 250 g,Słodycze,100,417,1.7,89,6.08,https://world.openfoodfacts.org/product/5902214010279,0,72,4,0.48
biedronka,Zakłady Przemysłu Cukierniczego &quot;Bałtyk&quot; Karmelki twarde mleczne 400 g,Słodycze,100,406,0.6,91,4.6,https://world.openfoodfacts.org/product/5902214008153,,77,2.4,0.6
biedronka,Łakotki Holenderskie 188 g,Słodycze,100,470,7.29,63,20,https://world.openfoodfacts.org/product/5906747304010,2.5,27,11,0.6
biedronka,Śnieżka Michałki z Hanki 30 g,Słodycze,30,149.7,2.61,14.7,8.4,https://world.openfoodfacts.org/product/5901218023049,,12.9,3.9,0.07
biedronka,Biedronka Olej z awokado z pierwszego tłoczenia 250ml,Tłuszcze i oleje,100,822,0,0,91.4,https://world.openfoodfacts.org/product/8410660081691,0,0,15.6,0
biedronka,Bielmar Tortowa - Doskonała do pieczenia 250 g,Tłuszcze i oleje,100,657,0,0,73,https://world.openfoodfacts.org/product/5900229014916,,0,34,0.3
biedronka,Bunge Optima Cardio 225 g,Tłuszcze i oleje,100,540,0,0,60,https://world.openfoodfacts.org/product/5900247002438,0,0,17,0.5
biedronka,Casa de Azeite Oliwa z oliwek,Tłuszcze i oleje,100,821,0,0,91,https://world.openfoodfacts.org/product/5601855179009,0,0,13,0
biedronka,Casa de Azeite Oliwa z oliwek 750 ml,Tłuszcze i oleje,100,821,0,0,91,https://world.openfoodfacts.org/product/8410660078929,,0,13,0
biedronka,Delma Margaryna półtłusta o smaku masła. 1000 g,Tłuszcze i oleje,100,346,0,0,39,https://world.openfoodfacts.org/product/8719200022799,0,0,10,0.32
biedronka,Flora Original 1 kg,Tłuszcze i oleje,100,342,0,0,38,https://world.openfoodfacts.org/product/8719200257610,0,0,7.8,0.5
biedronka,Flora Original 500 g,Tłuszcze i oleje,100,398,0.5,0.5,45,https://world.openfoodfacts.org/product/8719200013506,,0.5,9.1,0.5
biedronka,Flora ProActiv 400 g,Tłuszcze i oleje,100,310,0.5,1.4,35,https://world.openfoodfacts.org/product/8719200011922,,0.5,8.1,0.3
biedronka,Kasia - Najlepsza do pieczenia i smażenia 250 g,Tłuszcze i oleje,100,619,0,0.5,70,https://world.openfoodfacts.org/product/8719200199019,,0.5,33,0.2
biedronka,Komagra Polski olej rzepakowy 1 L,Tłuszcze i oleje,100,818,0,0,91,https://world.openfoodfacts.org/product/5902768584295,,0,6.4,0
biedronka,Kujawski Olej rzepakowy pomidor czosnek bazylia 250 ml,Tłuszcze i oleje,100,888,0.3,1.1,98,https://world.openfoodfacts.org/product/5900012004858,,0.9,6.9,0.1
biedronka,Olej wyborny rzepakowy 3 l,Tłuszcze i oleje,100,828,0,0,92,https://world.openfoodfacts.org/product/5903264000142,,0,6.4,0
biedronka,Rafinowany olej słonecznikowy,Tłuszcze i oleje,100,828,0,0,92,https://world.openfoodfacts.org/product/5906823002342,0,0,10,0
biedronka,Upfield Solia 500 g,Tłuszcze i oleje,100,558,0,0,62,https://world.openfoodfacts.org/product/8719200106369,,0,14.4,0.7
biedronka,Wyborna extra 1 kg,Tłuszcze i oleje,100,360,0.5,0.5,40,https://world.openfoodfacts.org/product/5900012009068,,0.5,13,0.5
biedronka,Wyborna extra Margaryna półtłusta 40%. Do smarowania. 500 g,Tłuszcze i oleje,100,360,0,0,40,https://world.openfoodfacts.org/product/8719200106314,0,0,14,0.5
biedronka,ZT Bielmar Margaryna półtłusta 40 %. Do smarowania. 500 g,Tłuszcze i oleje,100,361,0.1,0.1,40,https://world.openfoodfacts.org/product/5900229000926,,0.1,12,1
biedronka,Anecoop Włoszczyzna 650 g,Warzywa i owoce,100,352,10.3,74.2,0.9,https://world.openfoodfacts.org/product/20355968,3,0.9,0.1,0.01
biedronka,"Biedronka Jarmuż myty, krojony 200 g",Warzywa i owoce,200,88,7.4,5.6,1.4,https://world.openfoodfacts.org/product/5904378241278,11.2,0,0.4,0.22
biedronka,Nasza spiżarnia Jabłka prażone 860 g,Warzywa i owoce,100,61,0.5,14,0.5,https://world.openfoodfacts.org/product/5900907007629,1.4,12,0.1,0
biedronka,Nasza spiżarnia Tropikalny koktajl owocowy 440 g,Warzywa i owoce,100,65,0.5,16,0.5,https://world.openfoodfacts.org/product/5904378643577,0,16,0.1,0
biedronka,Organic House Świeże daktyle medjool BIO 120 g,Warzywa i owoce,100,284,2,71,0.3,https://world.openfoodfacts.org/product/5906660157120,5.5,65.5,0.16,0
biedronka,Pri buraczki Już Gotowe talarki 400 g,Warzywa i owoce,100,38,1.8,9.5,0.1,https://world.openfoodfacts.org/product/5906395015351,2.2,6.5,0,0.1
biedronka,Proste historie Marchewka z groszkiem 450 g,Warzywa i owoce,100,47,2.6,6.4,0.3,https://world.openfoodfacts.org/product/5902162347113,0,1.9,0.08,0.12
biedronka,Vital Fresh Kiełki Stir-Fry 150 g,Warzywa i owoce,150,192,14.4,28.8,0.45,https://world.openfoodfacts.org/product/5907771443454,7.8,3.6,0.15,0
biedronka,Vital Fresh Kiełki brokułu 50 g,Warzywa i owoce,50,26,2.15,0.3,1.6,https://world.openfoodfacts.org/product/5901752120105,1.2,0,0.1,0.04
biedronka,Vital Fresh Roszponka 100 g,Warzywa i owoce,100,17,2.1,0,0,https://world.openfoodfacts.org/product/5904378243173,2.3,0,0,0
biedronka,Vital Fresh Rukola umyta i gotowa do spożycia 100 g,Warzywa i owoce,100,31,2.6,3.9,0.3,https://world.openfoodfacts.org/product/8014190015227,0.9,3.9,0,0.07
biedronka,Vital Fresh Szpinak baby 200 g,Warzywa i owoce,200,68,5.8,7.2,0,https://world.openfoodfacts.org/product/5907750600458,4.4,0,0,1
biedronka,Vital fresh Kiełki koniczyny 50 g,Warzywa i owoce,50,19.5,2.85,0.25,0.45,https://world.openfoodfacts.org/product/5901752120228,1.55,0,0.05,0.04
biedronka,Vital fresh Kiełki rzodkiewki 50g,Warzywa i owoce,50,29,2.35,2.65,0.6,https://world.openfoodfacts.org/product/5907771443393,1.85,0.85,0.05,0.01
biedronka,Vital fresh Surówka z czerwonej kapusty z jabłkiem 300 g,Warzywa i owoce,100,87,1.2,10,4.3,https://world.openfoodfacts.org/product/5900449006708,1.9,,0.3,0.81
biedronka,"Żywiec Zdrój niegazowany 1.5 1,5 l",Woda,100,0,0,0,0,https://world.openfoodfacts.org/product/5900541000000,0,0,0,0
biedronka,Animex Kutno Szynka 250 g,Wędliny,250,235,42.5,2.75,6,https://world.openfoodfacts.org/product/5902659893727,,1,3.75,5.5
biedronka,Biedronka Polędwica wiejska sądecka 100g,Wędliny,100,155,27,0.5,5,https://world.openfoodfacts.org/product/5906190372697,,0.4,3.4,1.8
biedronka,Biedronka Salami pieprzowe 160 g,Wędliny,100,414,20,1.5,36,https://world.openfoodfacts.org/product/20486013,1.8,0.5,13.1,3.9
biedronka,Delikatesowy Pasztet drobiowo-wieprzowy 131 g,Wędliny,131,256.8,11,3.93,22.3,https://world.openfoodfacts.org/product/5906764002739,0.92,0,7.47,1.83
biedronka,Delikatesowy Pasztet z papryką 131 g,Wędliny,131,247.6,11.3,4.45,19.7,https://world.openfoodfacts.org/product/5906764004498,1.83,0.79,6.94,1.83
biedronka,Delikatesowy Pasztet z pieczarkami 131 g,Wędliny,131,221.4,10.2,3.41,18.3,https://world.openfoodfacts.org/product/5900950446888,2.36,0,6.16,1.7
biedronka,Delikatesowy Pasztet z pomidorami 131 g,Wędliny,131,248.9,10.5,5.11,21,https://world.openfoodfacts.org/product/5906764002746,1.05,1.31,6.94,1.83
biedronka,Drobimex Szynka delikatesowa z kurcząt 100 g,Wędliny,100,107,19,2.2,2.5,https://world.openfoodfacts.org/product/5900196004026,,0.5,1.2,
biedronka,Kraina Wędlin Nature Schab wędzony,Wędliny,100,133,21,1.2,4.5,https://world.openfoodfacts.org/product/5900562431913,0,0.6,1.7,2.4
biedronka,Kraina Wędlin Premium Szynka z Wędzarni,Wędliny,100,175,22,0.5,9.5,https://world.openfoodfacts.org/product/2969845005343,,0.5,3.8,2.5
biedronka,Kraina Wędlin Salami ostródzkie 100 g,Wędliny,100,441,22,0.3,39,https://world.openfoodfacts.org/product/5900567010823,0.2,0,14,4.2
biedronka,Kraina Wędlin Szynka Konserwowa 200 g,Wędliny,200,198,38,2.6,4,https://world.openfoodfacts.org/product/20481131,,2.2,1.6,4.4
biedronka,Kraina Wędlin Szynka Zawędzana 250g,Wędliny,250,255,45,7.5,5,https://world.openfoodfacts.org/product/5900562460111,,2,1.75,6.14
biedronka,Kraina Wędlin Szynka z wędzarni,Wędliny,100,165,24,0.5,7.5,https://world.openfoodfacts.org/product/2969844004156,0,0.5,3,2.2
biedronka,Kraina wędlin Mielonka Tyrolska 270 g,Wędliny,100,213,12,4.11,16,https://world.openfoodfacts.org/product/5900562485114,,1.2,7.19,1.9
biedronka,Kraina wędlin Schab z beskidzkiej wędzarni,Wędliny,100,95,18,0,2.5,https://world.openfoodfacts.org/product/5906190374868,,0,1.1,2.5
biedronka,Kraina wędlin Szynka z fileta kurczaka 10 g,Wędliny,10,11.3,2.1,0.25,0.2,https://world.openfoodfacts.org/product/5902659894540,0.07,0.06,0.09,0.2
biedronka,Krakus Kabanos 95 g,Wędliny,95,480.7,24.7,5.7,39.9,https://world.openfoodfacts.org/product/5901784161466,,0.95,16.1,3.61
biedronka,Krakus Mielonka luksusowa 94 % mięsa 300 g,Wędliny,100,233,15,0.5,19,https://world.openfoodfacts.org/product/5900244010047,,0,7.6,1.9
biedronka,Morliny Szynka konserwowa z galaretką 455 g,Wędliny,100,114,17,0.5,4.9,https://world.openfoodfacts.org/product/5900244025621,,0,2,2
biedronka,Smaczne Wędliny Polędwica Drobiowa 250 g,Wędliny,250,272.5,42.5,8.75,7.5,https://world.openfoodfacts.org/product/5900562483813,,2.5,2.5,5
biedronka,Sokołów Pasztet z królikiem 200 g,Wędliny,200,476,31,16,32,https://world.openfoodfacts.org/product/5900562204531,,3.2,12,3
biedronka,"Szynka Serrano, Tapas 120 g",Wędliny,120,300,36,1.08,16.8,https://world.openfoodfacts.org/product/8410783335107,,0.6,7.08,5.4
biedronka,Biedronka Zupa Minestrone 450g,Zupy,450,148.5,6.75,23.8,1.8,https://world.openfoodfacts.org/product/5907180315908,,9.45,0.45,2.7
biedronka,Biedronka Zupa fasolowa z pomidorami i szpinakiem 450 g,Zupy,450,162,9.9,17.1,2.25,https://world.openfoodfacts.org/product/5907180326041,,11.2,0.45,2.25
biedronka,Biedronka Zupa kapuśniak z pomidorami 450g,Zupy,450,121.5,9,13.5,2.7,https://world.openfoodfacts.org/product/5907180327116,,10.8,0.45,2.48
biedronka,Biedronka Zupa koperkowa,Zupy,100,30,1.3,2.5,1.4,https://world.openfoodfacts.org/product/5907180326379,,1.8,0.5,0.55
biedronka,Biedronka Zupa pomidorowa,Zupy,100,34,1.6,5.9,0.4,https://world.openfoodfacts.org/product/5907180316035,2,3,0.1,
biedronka,Krakus Barszcz biały koncentrat 520 ml,Zupy,100,72,2.5,6.6,3.4,https://world.openfoodfacts.org/product/5900397742994,,4.2,1.3,4.6
biedronka,Vifon Hot Beef pikantne w stylu syczuańskim 90 g,Zupy,90,138.6,2.52,18,6.21,https://world.openfoodfacts.org/product/5901882313927,,1.44,3.24,2.48
biedronka,Łowicz Kociołek węgierski 580 g,Zupy,100,56,3.5,7.1,1.2,https://world.openfoodfacts.org/product/5900397735200,,3.8,0.3,1.4
biedronka,Biedronka Kasza manna na mleku i śmietance 200 g,Śmietana,100,131,3.6,15.5,6,https://world.openfoodfacts.org/product/5902137502936,,10.8,4,0.1
biedronka,Dr. Oetker Śmietan-fix 9g,Śmietana,100,370,0.2,92.1,0.1,https://world.openfoodfacts.org/product/5900437017006,,48.4,0,0.02
biedronka,Mleczna Dolina Śmietanka UHT 12 500 ml,Śmietana,100,134,2.7,3.9,12,https://world.openfoodfacts.org/product/5900120022157,,3.9,7.2,0.1
biedronka,Mleczna Dolina śmietana 12% do sałatek 330g,Śmietana,100,136,3,4,12,https://world.openfoodfacts.org/product/5900820009083,,4,8,0.1
biedronka,Mleczna Dolina śmietanka UHT 18% 500 ml,Śmietana,100,186,2.4,3.6,18,https://world.openfoodfacts.org/product/5900120022577,,3.6,12,0.1
biedronka,Piątnica Soured cream 18% 200 g,Śmietana,200,384,5.4,9.6,36,https://world.openfoodfacts.org/product/5900531001031,,9,24,0.2
biedronka,Łowicz Śmietanka UHT 36% Łowicka 500 ml,Śmietana,100,344,2,3,36,https://world.openfoodfacts.org/product/5900120022942,,3,22,0.08
biedronka,Bakello Erytrytol 250 g,Cukier,100,0,0,99,0,https://world.openfoodfacts.org/product/5900617046321,0,0,0,0
biedronka,Hortex Zupa kalafiorowa z koperkiem 750 g,Dania mrożone,100,36,1.9,5.4,0.5,https://world.openfoodfacts.org/product/5900477000945,,,,
biedronka,Mr. Potato Frytki karbowane 1 kg,Dania mrożone,100,131,2.3,22.6,2.9,https://world.openfoodfacts.org/product/5412873196806,2.4,0.5,0.3,0.2
biedronka,Mr.Potato Ziemniaczki 750 g,Dania mrożone,100,103,2.4,16,2.9,https://world.openfoodfacts.org/product/5902162010420,2.5,0.4,0.8,0.1
biedronka,Biedronka Zupa grochowa 450 g,Dania obiadowe,450,328.5,18.4,31.5,11.7,https://world.openfoodfacts.org/product/5907180312211,,7.2,5,3.1
biedronka,Biedronka Zupa jarzynowa 450 g,Dania obiadowe,450,130.5,4.95,21.2,1.8,https://world.openfoodfacts.org/product/5907180313454,,7.2,0.45,2.7
biedronka,Biedronka Zupa krem z dyni 450 g,Dania obiadowe,450,117,3.1,17.6,3.1,https://world.openfoodfacts.org/product/5907180314093,5.8,9.5,1.3,2.9
biedronka,Biedronka Zupa krupnik 450 g,Dania obiadowe,450,171,8.5,27.4,1.8,https://world.openfoodfacts.org/product/5907180312235,,3.1,0.5,2.5
biedronka,Biedronka Zupa żurek 450 g,Dania obiadowe,450,283.5,13.5,9.5,20.7,https://world.openfoodfacts.org/product/5907180316844,,5.4,9,4.4
biedronka,Dania Express Hot dog amerykański 290 g,Dania obiadowe,290,890.3,34.8,81.2,46.4,https://world.openfoodfacts.org/product/5900962016062,4.35,14.5,18.6,4.93
biedronka,Dania Express Tortilla kurczak curry 250 g,Dania obiadowe,250,597.5,30,50,30,https://world.openfoodfacts.org/product/5900962111941,,5,6.2,3.7
biedronka,Donatello Pizza z szynką i serem 600 g,Dania obiadowe,100,224,14,25.2,7.5,https://world.openfoodfacts.org/product/8410762865038,2.2,1.6,3.4,1.5
biedronka,Jadłowiec Flaki wołowe po zamojsku 500 g,Dania obiadowe,500,427.2,35.5,18,23,https://world.openfoodfacts.org/product/5901619152874,3,,12.5,3.6
biedronka,Nasze Smaki Kluski śląskie 400 g,Dania obiadowe,400,512,6.4,112,4,https://world.openfoodfacts.org/product/5901398077115,4.4,0,0.8,3.92
biedronka,Nasze Smaki Kotlet drobiowy z marchewką z groszkiem i puree ziemniaczanym 400 g,Dania obiadowe,400,448,26,38.8,18.4,https://world.openfoodfacts.org/product/5901398079270,12.4,14,3.6,3.2
biedronka,Nasze Smaki Krokiety z mięsem 400 g,Dania obiadowe,400,932,40,76,48,https://world.openfoodfacts.org/product/5903890433628,,8.4,12,3.8
biedronka,Nasze Smaki Pierogi ruskie 400 g,Dania obiadowe,400,708,22.8,100,16.4,https://world.openfoodfacts.org/product/5901398069974,9.2,5.6,2.8,3.9
biedronka,Nasze Smaki Pierogi ruskie z cebulką 320 g,Dania obiadowe,320,560,19.5,83.2,14.7,https://world.openfoodfacts.org/product/5901398082775,5.44,,,
biedronka,Nasze Smaki Pierogi z kapustą i grzybami 400 g,Dania obiadowe,400,584,15.6,92,15.2,https://world.openfoodfacts.org/product/5901398069936,10,7.2,1.6,4.8
biedronka,Nasze Smaki Pierogi z mięsem i cebulką 320 g,Dania obiadowe,320,707.2,29.8,70.4,32,https://world.openfoodfacts.org/product/5901398082782,5.4,5.8,9.6,7.8
biedronka,Pudliszki Fasolka po bretońsku z kiełbasą i boczkiem 600 g,Dania obiadowe,100,124,3.6,10,7.5,https://world.openfoodfacts.org/product/5900783004057,1.4,2.7,0.7,0.9
biedronka,Pudliszki Klopsiki w sosie pomidorowym 590 g,Dania obiadowe,100,78,4.8,7.6,2.7,https://world.openfoodfacts.org/product/5900783010652,2.2,3.8,1,1.4
biedronka,Yeemy Gyros z kurczaka 450 g,Dania obiadowe,450,792,108,1.3,38.2,https://world.openfoodfacts.org/product/5904170026394,5,1.3,13.5,7.2
biedronka,Yeemy Pancakes z sosem malinowym 180 g,Dania obiadowe,180,462.6,9.2,70.2,15.7,https://world.openfoodfacts.org/product/5903890433338,3.8,25.2,1.4,1.1
biedronka,"Go Active Pudding proteinowy, smak czekoladowy 200 g",Desery,200,162,20,12.8,3,https://world.openfoodfacts.org/product/2000000148077,1.8,10.4,2,0.5
biedronka,Bakello Ciasto francuskie 300 g,Do smażenia i wypieków,300,1134,14.7,99,69,https://world.openfoodfacts.org/product/4001163111929,,6,42,1.8
biedronka,Bakello Kakao extra ciemne 200 g,Do smażenia i wypieków,100,309,24,13,11,https://world.openfoodfacts.org/product/5900910011477,31,0.5,6.4,0.1
biedronka,Vitanella Olej kokosowy bezzapachowy 500 ml,Do smażenia i wypieków,100,900,0.5,0.5,100,https://world.openfoodfacts.org/product/5904730127844,0,0.5,91,0
biedronka,Wielkopolski Olej rzepakowy 1 l,Do smażenia i wypieków,100,900,0,0,100,https://world.openfoodfacts.org/product/5903264000555,0,0,7,0
biedronka,Winiary Galaretka malinowy smak 71 g,Do smażenia i wypieków,71,33.4,1.1,7.3,0,https://world.openfoodfacts.org/product/5900862217361,,7.3,0,0
biedronka,Wyborny Olej słonecznikowy 1 l,Do smażenia i wypieków,100,828,0,0,92,https://world.openfoodfacts.org/product/5906823002342,0,0,10,0
biedronka,Wyborny Olej z pestek winogron 1 l,Do smażenia i wypieków,100,828,0,0,92,https://world.openfoodfacts.org/product/5601855579021,0,0,10,0
biedronka,Wyborny Rafinowany olej rzepakowy 1 l,Do smażenia i wypieków,100,828,0,0,92,https://world.openfoodfacts.org/product/5903264000104,,0,6.4,0
biedronka,Kraina Mięs Filet z piersi kurczaka,Drób,100,240,20.9,0,16,https://world.openfoodfacts.org/product/2945668005203,0,0,,
biedronka,goBIO Jaja 9 szt.,Jaja,55,75.9,7.2,0.3,5.2,https://world.openfoodfacts.org/product/5906750296111,0,0,1.5,0.2
biedronka,Kubuś Mus banan jabłko 100 g,Jedzenie dla dzieci,100,82,0.8,18,0.5,https://world.openfoodfacts.org/product/5901067410847,1.3,16,0.1,0
biedronka,Fruvita Jogurt waniliowy Low Carb 150 g,Jogurty,150,71,10.2,1.8,2.5,https://world.openfoodfacts.org/product/5900531003370,0,1,1.8,0.1
biedronka,Fruvita Jogurt naturalny typu greckiego 400 g,Jogurty naturalne,100,124.5,3.6,5,10,https://world.openfoodfacts.org/product/5900820027902,,5,6.6,0.1
biedronka,Fruvita Pure jogurt + owoce mango banan marakuja 150 g,Jogurty owocowe,150,132,5.8,15.9,4.7,https://world.openfoodfacts.org/product/5903767002452,,14,2.7,0.2
biedronka,Fruvita Pure jogurt owoce jagoda banan 150 g,Jogurty owocowe,150,136.5,6,17,4.65,https://world.openfoodfacts.org/product/5903767003497,1.2,13.2,2.7,0.22
biedronka,Fruvita Skyr naturalny bez laktozy 150 g,Jogurty owocowe,150,97.5,18,5.4,0,https://world.openfoodfacts.org/product/5902409704242,0,5.4,0,0.2
biedronka,Activia Jogurt truskawka kiwi 280 g,Jogurty pitne,280,168,8.1,28,2.4,https://world.openfoodfacts.org/product/5900643047699,,28,1.5,0.3
biedronka,Piątnica Skyr jogurt pitny typu islandzkiego wiśnia 330 ml,Jogurty pitne,330,264,21.4,33,4.9,https://world.openfoodfacts.org/product/5901939103402,,32.3,3.6,0.3
biedronka,Tarczyński Exclusive Kabanosy chilli 105 g,Kabanosy,105,561.8,28.4,4.7,47.2,https://world.openfoodfacts.org/product/5908230531231,,1.6,19.9,2.6
biedronka,Tarczyński Exclusive Kabanosy drobiowe z wieprzowiną 105 g,Kabanosy,105,558.6,28.4,3.6,47.2,https://world.openfoodfacts.org/product/5908230528088,,1.4,17.9,2.2
biedronka,Tarczyński Exclusive Kabanosy wieprzowe 105 g,Kabanosy,105,532.4,27.3,5.5,44.1,https://world.openfoodfacts.org/product/5908230514340,,2,17.9,2.8
biedronka,Starbucks Caramel Macchiato 220 ml,Kawy,220,133,5.9,19.8,3.1,https://world.openfoodfacts.org/product/5711953078774,,18.9,2,0.2
biedronka,Krasnystaw Kefir 420 g,Kefiry,100,50,3.4,4.7,2,https://world.openfoodfacts.org/product/0164444762006,,4.2,1.2,0.1
biedronka,Robico Kefir Robico 400 g,Kefiry,100,43,3.1,4.2,1.5,https://world.openfoodfacts.org/product/5908312380078,,4.2,1,0
biedronka,El Toro Rojo Chorizo pikantne 280 g,Kiełbasy,280,1159.2,70,1.4,98,https://world.openfoodfacts.org/product/8410762010469,0,1.4,36.4,8.7
biedronka,Kraina Wędlin Kiełbasa podwawelska kg,Kiełbasy,100,239,16,1,19,https://world.openfoodfacts.org/product/2945160005428,0,0.5,7,1.9
biedronka,Gusto Bello Krem pistacjowy 200 g,Kremy,100,602,8.2,49.1,40.8,https://world.openfoodfacts.org/product/8017139115606,,45.9,12.4,0
biedronka,Grycan Lody bakaliowe 1100 ml,Lody,100,270,4.7,28.7,14.9,https://world.openfoodfacts.org/product/5907439112005,1.1,26.1,8.9,0.2
biedronka,Mleczna Dolina Masło irlandzkie 200 g,Masło,100,743,0.6,0.7,82,https://world.openfoodfacts.org/product/5903240806829,0,0.7,54,0
biedronka,Mleczna Dolina Masło klarowane 500 g,Masło,100,900,0,0,100,https://world.openfoodfacts.org/product/5900512990033,,,65,
biedronka,Mlekpol Maślanka Mrągowska truskawkowa 1 l,Maślanki,100,70.5,3.2,11,1.5,https://world.openfoodfacts.org/product/5900820001568,,11,1,0.2
biedronka,Mlekpol Maślanka Mrągowska wieloowocowa z owocami leśnymi 1 l,Maślanki,100,78,3.2,13,1.5,https://world.openfoodfacts.org/product/5900820001551,,13,0.9,0.2
biedronka,"Mleczna Dolina Mleko UHT bez laktozy zawartość tłuszczu 3,2 % 1 l",Mleko,100,59,3.2,4.4,3.2,https://world.openfoodfacts.org/product/5907809284851,,4.4,2.1,0.1
biedronka,"SM Gostyń Mleko zagęszczone niesłodzone 7,5 % gostyńskie 500 g",Mleko,100,131,6.5,9.4,7.5,https://world.openfoodfacts.org/product/5900691031046,0,9.4,4.5,0.3
biedronka,FRoSTA Złote paluszki rybne z fileta 450 g,Mrożone ryby,100,185,13,14,8.6,https://world.openfoodfacts.org/product/5900972008293,,0.9,0.8,0.9
biedronka,Marinero Morszczuk Argentyński filet bez skóry 900 g,Mrożone ryby,100,84,17.5,0,1.6,https://world.openfoodfacts.org/product/2929802004925,,,,
biedronka,Hortex Mieszanka 7-składnikowa 750 g,Mrożone warzywa,100,32,2,3.8,0.5,https://world.openfoodfacts.org/product/5900477016120,3.3,2.6,0.1,0.1
biedronka,Riviva Nektar marchew brzoskwinia jabłko 1 l,Nektary,100,25,0.5,5,0.4,https://world.openfoodfacts.org/product/5901886044063,0,4.9,0.1,0
biedronka,Ananas,Owoce świeże,100,50,0.5,13,0.2,https://world.openfoodfacts.org/product/2000000151189,1.2,11,0,0
biedronka,Arbuz,Owoce świeże,100,31,0.6,8,0.2,https://world.openfoodfacts.org/product/2000000151190,0.3,7.5,0,0
biedronka,Awokado Hass 1 szt.,Owoce świeże,100,223,1.8,8.3,20.3,https://world.openfoodfacts.org/product/8712355263178,,,,
biedronka,Banan,Owoce świeże,100,89,1.1,23,0.3,https://world.openfoodfacts.org/product/2000000151182,2.6,12,0.1,0
biedronka,Brzoskwinia,Owoce świeże,100,39,0.9,10,0.3,https://world.openfoodfacts.org/product/2000000151185,1.5,8,0,0
biedronka,Jabłko Polskie 1 szt.,Owoce świeże,100,49,0.3,11.9,0,https://world.openfoodfacts.org/product/5900500042843,,11.8,0,0
biedronka,Riviva Napój o smaku kaktus-jabłko-limonka 1 l,Owocowe,100,21,0.5,5,0.5,https://world.openfoodfacts.org/product/5901886044001,0.2,4.9,0.1,0
biedronka,Berlinki Parówki classic 315 g,Parówki,315,793.8,40.9,8.5,66.1,https://world.openfoodfacts.org/product/1920507001746,,2.5,25.8,7.9
biedronka,Kraina Wędlin Serdelki z szynki 300 g,Parówki,300,828,42,1.5,72,https://world.openfoodfacts.org/product/5907701801637,0,1.5,29.1,6
biedronka,Krakus Parówki z szynki wieprzowe 200 g,Parówki,200,574,28,3.2,50,https://world.openfoodfacts.org/product/5900567022826,0,2.6,17.8,5.4
biedronka,Eatyx Hyperfood Posiłek śmietankowa jagoda 300 ml,Posiłki,300,300,21,33,8.4,https://world.openfoodfacts.org/product/5905741541025,5.4,3.6,0.9,0.4
biedronka,Biedronka Filety z tuńczyka w oliwie z oliwek 140 g,Produkty konserwowe,140,565.6,31.5,0,46.9,https://world.openfoodfacts.org/product/8410972240083,0,0,7,1.2
biedronka,Bonduelle Kukurydza złocista (2 x 170 g) 340 g,Produkty konserwowe,170,124.1,4.6,18.7,2.4,https://world.openfoodfacts.org/product/3083680068543,5.1,8.7,0.3,0.5
biedronka,Dega Paprykarz z łososia 135 g,Produkty konserwowe,135,201.2,7,13.5,12.7,https://world.openfoodfacts.org/product/5901960048192,,4.9,1.4,2
biedronka,Donatello Antipasti nadziewane serkiem wiśniowe papryczki 150 g,Produkty konserwowe,150,292.5,4.5,16.5,22.5,https://world.openfoodfacts.org/product/5904194908683,3.3,13.4,12.5,1
biedronka,Donatello Antipasti pieczarki balsamico 150 g,Produkty konserwowe,150,72,3.6,3.8,4.2,https://world.openfoodfacts.org/product/5904194908690,,1.5,0.4,2.8
biedronka,EL Toro Rojo Oliwki czarne drylowane 340 g,Produkty konserwowe,100,133,0.5,0,13.6,https://world.openfoodfacts.org/product/8410791061357,3,0,2.2,1.5
biedronka,EL Toro Rojo Oliwki zielone drylowane 340 g,Produkty konserwowe,100,144,0.9,0,15,https://world.openfoodfacts.org/product/8410134027699,2.8,0,2,
biedronka,El Toro Rojo Kapary w zalewie 100 g,Produkty konserwowe,100,26,2,2.4,0.5,https://world.openfoodfacts.org/product/5904378644192,3,0.5,0.1,
biedronka,El Toro Rojo Oliwki zielone drylowane 160 g,Produkty konserwowe,100,82,1.3,0,7.6,https://world.openfoodfacts.org/product/8410791074227,3.7,0,2,4.9
biedronka,Go Vege Smalec z fasoli z jabłkiem i cebulką 175 g,Produkty konserwowe,100,280,5.3,11,23,https://world.openfoodfacts.org/product/5900617044259,4,5.1,1.5,0
biedronka,Krakus Barszcz koncentrat 300 ml,Produkty konserwowe,100,206,6.7,44,0.5,https://world.openfoodfacts.org/product/2920497734241,,41,0.1,7.4
biedronka,Krakus Konserwa turystyczna 300 g,Produkty konserwowe,300,873,51,0.6,78,https://world.openfoodfacts.org/product/5902160773303,0.6,0,30,6.6
biedronka,Krakus Mielonka luksusowa 300 g,Produkty konserwowe,300,699,45,1.5,57,https://world.openfoodfacts.org/product/5900244010047,0.4,0,22.8,5.7
biedronka,Krakus Szynka konserwowa z galaretką 455 g,Produkty konserwowe,100,114,17,0.5,4.9,https://world.openfoodfacts.org/product/0226201603202,,0,2,2
biedronka,Marinero Sardynki w sosie paprykowym 110 g,Produkty konserwowe,110,188.1,12.1,5.2,13.2,https://world.openfoodfacts.org/product/5903895630800,0,2.9,3,0.8
biedronka,Nasza Spiżarnia Brzoskwinie w syropie 820 g,Produkty konserwowe,100,64.4,0.3,15.1,0,https://world.openfoodfacts.org/product/5904378645649,1.1,14.6,0,0.1
biedronka,Nasza Spiżarnia Ciecierzyca 540 g,Produkty konserwowe,100,115,6.2,14,2.2,https://world.openfoodfacts.org/product/5601009983063,6.1,0.9,0.3,0.6
biedronka,Nasza Spiżarnia Fasola biała konserwowa 400 g,Produkty konserwowe,100,101,8.2,12,0.6,https://world.openfoodfacts.org/product/5901713008817,7.3,0.7,0,1
biedronka,"Nasza Spiżarnia Pomidory suszone w paskach z ziołami, 270 g/150 g",Produkty konserwowe,100,202,4.1,11,14,https://world.openfoodfacts.org/product/5900664014182,7,11,1.2,2.8
biedronka,Nasza Spiżarnia Pomidory suszone z ziołami 270 g,Produkty konserwowe,100,202,4.1,11,14,https://world.openfoodfacts.org/product/5900664014168,,,,
biedronka,Podlaski Pasztet drobiowy 195 g,Produkty konserwowe,195,352.9,13.7,7.8,29.2,https://world.openfoodfacts.org/product/5901204000788,,1.56,5.85,2.73
biedronka,Profi Pasztet firmowy 131 g,Produkty konserwowe,131,264.6,10.9,8.1,21,https://world.openfoodfacts.org/product/5901696012108,0.4,0.9,10.8,1.8
biedronka,Profi Pasztet z pomidorami 131 g,Produkty konserwowe,131,245,11,8.8,18.3,https://world.openfoodfacts.org/product/5901696000051,0.8,1.8,5.9,1.8
biedronka,"Swojska Chata Ogórki małosolne 1,4 kg / 500 g",Produkty konserwowe,100,11,0.9,1.4,0,https://world.openfoodfacts.org/product/5904913585058,1,1.3,0,1.8
biedronka,go Vege Paprykarz warzywny z kaszą jaglaną 180 g,Produkty konserwowe,180,236,7.7,25.2,10.4,https://world.openfoodfacts.org/product/5900617044242,5.6,10.4,0.9,2.9
biedronka,BezMięsny Bezmięsny boczek 100 g,Produkty roślinne,100,226,31.1,8.1,6.9,https://world.openfoodfacts.org/product/5904754574839,3.3,3.6,1.1,1.3
biedronka,Go Vege Barista owies 1 l,Produkty roślinne,100,58,1.7,5.5,3,https://world.openfoodfacts.org/product/5900001421475,0.9,1.1,0.3,0.1
biedronka,Go Vege Napój owsiany 1 l,Produkty roślinne,100,42,0.7,7.8,0.8,https://world.openfoodfacts.org/product/9020200034972,0.6,4.5,0.1,0.1
biedronka,Asia Flavours Ryż do sushi 500 g,Produkty sypkie,100,350,6.3,80,0.5,https://world.openfoodfacts.org/product/5905118009707,0,0.7,0.3,0
biedronka,Basia Mąka tortowa extra 1 kg,Produkty sypkie,100,341,10,71.7,1,https://world.openfoodfacts.org/product/5902020163213,6.8,2.4,0.3,0
biedronka,Diamant Cukier biały 1 kg,Produkty sypkie,100,400,0,100,0,https://world.openfoodfacts.org/product/5907069000017,0,100,0,0
biedronka,Diamant Cukier puder 500 g,Produkty sypkie,100,400,0,0,0,https://world.openfoodfacts.org/product/5907069000024,,100,0,
biedronka,Dobrusia Makaron świderki 1 kg,Produkty sypkie,100,356,12,73,1.2,https://world.openfoodfacts.org/product/5900049001714,,3.4,0.4,0
biedronka,Gusto Bello Mąka do pizzy neapolitańskiej typ &quot;00&quot; 1 kg,Produkty sypkie,100,317,12,70,1.2,https://world.openfoodfacts.org/product/5907180315090,,,,
biedronka,Pastani Makaron kokardki Durum 500 g,Produkty sypkie,100,350,13,69,1.6,https://world.openfoodfacts.org/product/5900049818084,3.6,4.1,0.3,0
biedronka,Pastani Makaron pełnoziarnisty świderki 500 g (ugotowany),Produkty sypkie,100,156,7.1,26,1.6,https://world.openfoodfacts.org/product/5900049005521,5.6,1,0.3,0.02
biedronka,Pastani Makaron spaghetti pełnoziarnisty 500 g (ugotowany),Produkty sypkie,100,156,7,27,1,https://world.openfoodfacts.org/product/5900354038474,5.4,0.8,0.2,0
biedronka,Pastani Makaron Świderki 500 g,Produkty sypkie,100,350,13,69,1.6,https://world.openfoodfacts.org/product/5900049812280,,4.1,0.3,0
biedronka,Plony Natury Kasza gryczana biała (4 x 100 g) 400 g,Produkty sypkie,100,335,12,62,3.1,https://world.openfoodfacts.org/product/5906936680093,5.4,1.8,0.7,0
biedronka,Plony Natury Kasza gryczana prażona 400 g,Produkty sypkie,100,103.8,3,20,1.1,https://world.openfoodfacts.org/product/1920917001916,2.3,0.4,0.3,0
biedronka,Plony Natury Kasza gryczana prażona 900 g,Produkty sypkie,100,346,13,69,3,https://world.openfoodfacts.org/product/5906936683704,6,1,0.6,0
biedronka,Plony Natury Kasza jęczmienna perłowa (4 x 100 g) 400 g,Produkty sypkie,100,326,11,65,0.6,https://world.openfoodfacts.org/product/5900977009714,8.8,1.9,0.2,0
biedronka,Plony Natury Kasza manna 500 g,Produkty sypkie,100,339,10,71,1,https://world.openfoodfacts.org/product/5900977011595,,0.5,0.5,0.06
biedronka,Plony Natury Kasza pęczak jęczmienny 400 g,Produkty sypkie,100,333,10,63,1.9,https://world.openfoodfacts.org/product/5908267104859,13,3.6,0.5,0.01
biedronka,Plony Natury Kuskus perłowy 400 g,Produkty sypkie,100,356,12,72,1.5,https://world.openfoodfacts.org/product/5906827023152,3,0.5,0.1,0
biedronka,Plony Natury Mąka orkiszowa pełnoziarnista typ 2000 1 kg,Produkty sypkie,100,335,13,59,2.3,https://world.openfoodfacts.org/product/5902560393187,13,1.5,0.5,0
biedronka,Plony Natury Ryż basmati długoziarnisty 400 g,Produkty sypkie,100,352,7.8,78,0.6,https://world.openfoodfacts.org/product/5900977011748,1,0.2,0.2,0
biedronka,Plony Natury Skrobia ziemniaczana 1 kg,Produkty sypkie,100,336,0.6,83,0.5,https://world.openfoodfacts.org/product/2000000147577,0.5,0.5,0,0
biedronka,Vitanella Crunchy klasyczne 350 g,Produkty sypkie,350,1554,32.6,234.5,49,https://world.openfoodfacts.org/product/5900749610544,22.4,73.5,10.2,1.1
biedronka,Knorr Nudle pieczony kurczak 61 g,Produkty w proszku,61,54.9,1.2,6.7,2.4,https://world.openfoodfacts.org/product/8714100666630,,0.4,1.2,0.5
biedronka,Knorr Nudle pomidorowe pikantne 63 g,Produkty w proszku,63,56.7,1.3,6.9,2.5,https://world.openfoodfacts.org/product/8714100666920,,0.9,1.2,0.6
biedronka,Knorr Nudle pomidorowe łagodne 65 g,Produkty w proszku,65,59.8,1.1,7.8,2.6,https://world.openfoodfacts.org/product/8714100666883,0.4,0.8,1.2,0.6
biedronka,Twój Deser Budyń smak waniliowy 5 x 40 g,Produkty w proszku,40,38.4,1.2,6.8,0.7,https://world.openfoodfacts.org/product/5900552030492,,4.4,0.4,
biedronka,Hellmann's Majonez Babuni 405 ml,Produkty w słoikach,100,604,0.8,4.6,64,https://world.openfoodfacts.org/product/8720182109316,0,4,5.1,1
biedronka,Huzar Miód wielokwiatowy nektarowy 1 kg,Produkty w słoikach,100,339,0.5,83,0,https://world.openfoodfacts.org/product/5907707100055,,76,,0
biedronka,Kamis Musztarda delikatesowa 185 g,Produkty w słoikach,100,94,3.9,9.7,3.4,https://world.openfoodfacts.org/product/5900084231145,0.1,9.5,0.2,2.4
biedronka,Kamis Musztarda francuska 185 g,Produkty w słoikach,100,166,6.6,9.5,9.9,https://world.openfoodfacts.org/product/5900084261623,0.1,9,0.6,5
biedronka,Kamis Musztarda kremska 185 g,Produkty w słoikach,100,96,4.5,7.8,4.2,https://world.openfoodfacts.org/product/5900084237895,,7.6,1.6,2.1
biedronka,Kamis Musztarda sarepska 185 g,Produkty w słoikach,100,93,4.4,7.9,4,https://world.openfoodfacts.org/product/0000901579762,,7.7,0.2,2.9
biedronka,Krakus Chrzan 180 g,Produkty w słoikach,180,282.6,4.9,21.6,17.6,https://world.openfoodfacts.org/product/5900397731554,8.1,17.1,1.3,2.5
biedronka,Winiary Majonez Dekoracyjny 250 ml,Produkty w słoikach,100,704,1.5,2.9,76.3,https://world.openfoodfacts.org/product/5900085011012,0,2.3,5.3,0.6
biedronka,Winiary Majonez lekki 300 ml,Produkty w słoikach,100,340,1,8.5,33,https://world.openfoodfacts.org/product/7613036216241,0,6,3.5,1.4
biedronka,Dawtona Koncentrat pomidorowy 190 g,Produkty z pomidorów,100,106,4.3,19,0.5,https://world.openfoodfacts.org/product/5901713016799,3.9,16,0.1,0.1
biedronka,Heinz Ketchup łagodny 450 g,Produkty z pomidorów,100,102,1.2,23.2,0.1,https://world.openfoodfacts.org/product/5900783004996,,22.8,0.1,1.8
biedronka,Kotlin Ketchup łagodny 450 g,Produkty z pomidorów,100,97,1.4,21,0.5,https://world.openfoodfacts.org/product/5900385012573,,18,0.1,2
biedronka,Nasza Spiżarnia Pulpa pomidorowa 400 g,Produkty z pomidorów,100,31,1.4,5,0.5,https://world.openfoodfacts.org/product/5901844101753,1.4,5,0.1,0
biedronka,Pudliszki Ketchup pikantny 480 g,Produkty z pomidorów,100,106.7,2,25.3,0,https://world.openfoodfacts.org/product/5900783000417,1.3,22,0,3.3
biedronka,Pudliszki Koncentrat pomidorowy 190 g,Produkty z pomidorów,100,105,4.7,19,0.5,https://world.openfoodfacts.org/product/5900783009571,3.6,15,0.1,0.1
biedronka,Pudliszki Koncentrat pomidorowy 90 g,Produkty z pomidorów,100,105,4.7,19,0.5,https://world.openfoodfacts.org/product/5900783003968,3.6,15,0.1,0.1
biedronka,BakaD'Or Mieszanka nerkowiec-żurawina 200 g,Przekąski,200,988,24,104,50,https://world.openfoodfacts.org/product/5900749010641,14,68,8.8,
biedronka,Lay's Chipsy ziemniaczane o smaku papryki 130 g,Przekąski,130,682.5,8.1,67.6,40.3,https://world.openfoodfacts.org/product/5900259071170,6.1,2.9,3.5,2.2
biedronka,Lay's Chipsy ziemniaczane o smaku zielonej cebulki 130 g,Przekąski,130,683.8,7.9,68.9,40.3,https://world.openfoodfacts.org/product/5900259093127,5.7,4,3.4,2.2
biedronka,Lay's Chipsy ziemniaczane o smaku śmietankowego serka z ziołami 130 g,Przekąski,130,709.8,8.2,67.6,44.2,https://world.openfoodfacts.org/product/5900259071231,5.5,2.5,5.6,2.2
biedronka,Lay's Chipsy ziemniaczane solone 130 g,Przekąski,130,713.7,7.9,68.9,44.2,https://world.openfoodfacts.org/product/5900259097552,5.7,0.7,5.5,1.4
biedronka,Przysnacki Chrupki o smaku keczupu 120 g,Przekąski,120,559.2,8.2,87.6,19.2,https://world.openfoodfacts.org/product/5900073020415,1.7,7.6,1.4,2.3
biedronka,Przysnacki Chrupki o smaku zielona cebulka 140 g,Przekąski,140,670.6,9.4,96.6,26.6,https://world.openfoodfacts.org/product/5900073020293,3.8,5.2,2.1,2.1
biedronka,Przysnacki Prażynki solone 110 g,Przekąski,110,594,1.4,67.1,35.2,https://world.openfoodfacts.org/product/5900073004149,0.9,0.6,2.8,1.9
biedronka,Top Tortilla Chipsy kukurydziane solone 150 g,Przekąski,150,741,8.9,88.5,37.5,https://world.openfoodfacts.org/product/5900928083633,7.8,3.8,3.4,1.8
biedronka,Culineo Sól warzona spożywcza jodowana 1 kg,Przyprawy,100,0,0,0,0,https://world.openfoodfacts.org/product/5904462000248,0,0,0,98.2
biedronka,Elios Tahini klasyczne 300 g,Przyprawy,100,673,25,3,60,https://world.openfoodfacts.org/product/5201049132003,8.8,1,9.5,0
biedronka,Kamis Bazylia 8 g,Przyprawy,8,19.5,1.8,0.8,0.3,https://world.openfoodfacts.org/product/5900084270434,3,0.1,0.2,0
biedronka,Kamis Curry 20 g,Przyprawy,20,55.2,2.4,5.6,1.7,https://world.openfoodfacts.org/product/5900084235136,,0.4,0.3,3.8
biedronka,Kamis Czosnek granulowany 20 g,Przyprawy,20,22.2,1.1,3.7,0.1,https://world.openfoodfacts.org/product/5900084235112,1.2,0.2,0,0
biedronka,Kamis Oregano 8 g,Przyprawy,8,21.2,0.7,2.1,0.3,https://world.openfoodfacts.org/product/5900084010016,3.4,0.3,0.1,0
biedronka,Kamis Pieprz czarny mielony 16 g,Przyprawy,16,52.8,2.1,6.3,1.2,https://world.openfoodfacts.org/product/5900084232272,4.1,0.1,0.5,0
biedronka,Kamis Tymianek 8 g,Przyprawy,8,8.6,0.4,0.8,0.1,https://world.openfoodfacts.org/product/5900084270472,1.1,0.1,0,0
biedronka,Marinero Makrela wędzona,Ryby,100,256,19,0.5,20,https://world.openfoodfacts.org/product/2982148001058,0.5,0.5,4.5,1.2
biedronka,Marinero Mintaj filet bez skóry,Ryby,100,79,19,0,0.3,https://world.openfoodfacts.org/product/2923771003064,0,0,0.1,0.4
biedronka,Marinero Łosoś Atlantycki filet świeży,Ryby,100,208,20,0,14,https://world.openfoodfacts.org/product/2970820002547,0,0,2,0.13
biedronka,Marinero Łosoś plastry wędzony na zimno 100 g,Ryby,100,175,19,0.1,11,https://world.openfoodfacts.org/product/5903475450323,,0.1,1.5,2.9
biedronka,Danio Serek o smaku waniliowym 120 g,Serki,120,118.8,6.4,15.4,3.5,https://world.openfoodfacts.org/product/5900643048696,0.4,13.9,2.3,0.1
biedronka,Delikate Serek wiejski bez laktozy 200 g,Serki,200,194,22,4,10,https://world.openfoodfacts.org/product/5900512980850,0.4,4,6,1.4
biedronka,Rolmlecz Serek waniliowy 200 g,Serki,200,264,15,26,11,https://world.openfoodfacts.org/product/5901630000703,,25,7.2,0.2
biedronka,Almette Puszysty serek twarogowy jogurtowy 150 g,Sery,150,390,11,6,36,https://world.openfoodfacts.org/product/5902899117225,,6,24,1.75
biedronka,Almette Puszysty serek twarogowy z ziołami 150 g,Sery,150,376.5,10.5,6.1,34.5,https://world.openfoodfacts.org/product/5902899121321,0,4.5,24,1.3
biedronka,Delikate Kremowy bawarski ser łagodny 150 g,Sery,100,442,13.7,0.1,43,https://world.openfoodfacts.org/product/5903240806928,0,0.1,29,1.6
biedronka,Delikate Mozzarella light 200 g,Sery,200,360,44,1,20,https://world.openfoodfacts.org/product/5905454140157,,1,13.8,1.2
biedronka,Delikate Mozzarella mini 270 g,Sery,270,669.6,47.2,4.1,51.3,https://world.openfoodfacts.org/product/5906040064093,0,4.1,34.8,1.3
biedronka,Delikate Serek wiejski wysokobiałkowy 200 g,Sery,200,202,22,6,10,https://world.openfoodfacts.org/product/9236274078006,,5.6,6,1
biedronka,Kortos Ser sałatkowy typu greckiego 160 g,Sery,100,126.2,11,3.5,16,https://world.openfoodfacts.org/product/5901390005987,,3.5,11,6.8
biedronka,Mlekovita Ser Cheddar plastry 300 g,Sery,100,379,25,0,31,https://world.openfoodfacts.org/product/5900512987132,0,0,20,1.7
biedronka,Piątnica Serek wiejski naturalny 200 g,Sery,200,194,22,4,10,https://world.openfoodfacts.org/product/7414040147008,,3,7,1.4
biedronka,Président Camembert Aromatyczny 120 g,Sery,100,294.2,13.3,0.4,26.7,https://world.openfoodfacts.org/product/5906207476288,0,0.4,15.8,1.4
biedronka,Sierpc Ser Kasztelan klasyczny 380 g,Sery,100,352,26,1.2,27,https://world.openfoodfacts.org/product/5901753001656,,0,18,1.4
biedronka,Sierpc Ser Kasztelan śmietankowy 380 g,Sery,100,352,26,1.2,27,https://world.openfoodfacts.org/product/5901753001656,,0,18,1.4
biedronka,Sierpc Ser Królewski Light plastry 135 g,Sery,100,301,31,1.6,19,https://world.openfoodfacts.org/product/5901753000642,0,0,12,1.4
biedronka,Łaciaty Serek puszysty naturalny 150 g,Sery,150,373.5,8.7,7.2,34.5,https://world.openfoodfacts.org/product/5900820011529,,5.6,24,0.4
biedronka,Dawtona Sok pomidorowy 300 ml,Soki,300,57,3,9.3,0,https://world.openfoodfacts.org/product/5901713020307,0,9.3,0.2,1.2
biedronka,Kubuś Mus brzoskwinia jabłko 200 g,Soki,200,100,1.2,20,1,https://world.openfoodfacts.org/product/5901067409940,4,19.8,0.2,0
biedronka,Kubuś Mus jabłko 200 g,Soki,200,106,1,22,1,https://world.openfoodfacts.org/product/5901067409933,,,,
biedronka,Owolovo Mus jabłkowo-truskawkowy 200 g,Soki,200,102,1,26,1,https://world.openfoodfacts.org/product/5901958612367,2.6,22,0.2,0
biedronka,Riviva Sok 100 % jabłko 200 ml,Soki,200,82,1,20,1,https://world.openfoodfacts.org/product/5901886038345,,20,0.2,0.02
biedronka,Riviva Sok 100 % pomidorowo-warzywny 300 ml,Soki,300,69,3,9.3,1.5,https://world.openfoodfacts.org/product/5901886041505,5.7,9.3,0.3,3
biedronka,Vital Fresh Smoothie mango jabłko banan marakuja 750 ml,Soki,100,54,0.6,12.4,0,https://world.openfoodfacts.org/product/8410261718217,1,12.4,0,0
biedronka,Vital Fresh Sok wyciskany z hiszpańskich pomarańczy 100 % z cząstkami miąższu 1 l,Soki,100,43,0.6,10,0.1,https://world.openfoodfacts.org/product/8410261718439,0.2,10,0,0
biedronka,Asia Flavours Sos sriracha 180 ml,Sosy,100,136,1.1,33,0,https://world.openfoodfacts.org/product/5901619925546,,26,0,7.5
biedronka,Culineo Sos boloński 520 g,Sosy,100,53,1.6,8.8,0.8,https://world.openfoodfacts.org/product/5906716208240,0.8,7.7,0.1,1.6
biedronka,Culineo Sos meksykański 520 g,Sosy,100,65,2,12,0.5,https://world.openfoodfacts.org/product/5901713011541,2.3,10,0.1,0
biedronka,Culineo Sos spaghetti 520 g,Sosy,100,49,1.6,8.3,0.6,https://world.openfoodfacts.org/product/5906716208233,,,,
biedronka,Culineo Sos słodko-kwaśny 520 g,Sosy,100,92,0.7,21,0.5,https://world.openfoodfacts.org/product/5900397735880,1.8,14,0.1,1.5
biedronka,Fanex Sos Meksykański 450 g,Sosy,100,88,1.2,20,0.5,https://world.openfoodfacts.org/product/5900854002913,,18,0.1,1.3
biedronka,Fanex Sos czosnkowy 400 g,Sosy,100,445,0.7,6.6,46,https://world.openfoodfacts.org/product/5900854002906,0.1,4.9,3.3,1.4
biedronka,Fanex sos tysiąc wysp 400 g,Sosy,100,301,1.1,10,28,https://world.openfoodfacts.org/product/5900854003187,,6.9,,1.2
biedronka,Go Vege Pesto z tofu 190 g,Sosy,100,238,4.5,3.2,22.2,https://world.openfoodfacts.org/product/8015559000915,3.7,1.6,2.7,2
biedronka,Pudliszki Sos do spaghetti oryginalny 500 g,Sosy,100,59,1.7,9,1,https://world.openfoodfacts.org/product/5900783003609,,7.1,0.1,1
biedronka,Pudliszki Sos słodko-kwaśny łagodny 500 g,Sosy,100,86,0.8,19.9,0.2,https://world.openfoodfacts.org/product/5900783003562,0.8,14.4,0.1,1.4
biedronka,TaoTao Sos słodko-pikantny chilli 200 g,Sosy,100,192,0.3,47.4,0.1,https://world.openfoodfacts.org/product/5901882220652,0.8,44.7,0,3.7
biedronka,Winiary Sos tatarski 250 ml,Sosy,100,611,1,7.9,63.4,https://world.openfoodfacts.org/product/8445291526532,1,7.6,,1.4
biedronka,Łowicz Sos spaghetti 500 g,Sosy,100,81,1.6,14,2,https://world.openfoodfacts.org/product/5900397016255,1.1,12,0.2,1.1
biedronka,Łowicz Sos słodko-kwaśny 500 g,Sosy,100,75,1.1,17,0,https://world.openfoodfacts.org/product/5900397016439,,17,,0.7
biedronka,Knorr Fix 4 sery z brokułami 39 g,Sosy w proszku,39,50.7,1.7,9,0.8,https://world.openfoodfacts.org/product/8710522989043,0.6,0.2,0.2,0.1
biedronka,Knorr Fix Spaghetti bolognese 41 g,Sosy w proszku,41,151.7,3.2,24.2,4.5,https://world.openfoodfacts.org/product/8712100555558,2.9,12.3,2.6,3
biedronka,Knorr Fix mac'n cheese 33 g,Sosy w proszku,33,164.3,5.6,11.6,10.6,https://world.openfoodfacts.org/product/8721201950056,0.2,2.5,4.6,2.6
biedronka,Winiary Pomysł na... Kurczak w sosie śmietanowo-ziołowym 30 g,Sosy w proszku,30,29.9,3.7,0.8,1.3,https://world.openfoodfacts.org/product/7613030407010,0,0.3,0.5,0.2
biedronka,Winiary Sos pieczarkowy 30 g,Sosy w proszku,30,11.4,0.4,1.8,0.3,https://world.openfoodfacts.org/product/5900085009972,0.1,0.2,0.1,
biedronka,Vital Fresh Surówka Rarytasek 450 g,Surówki,450,418.5,5.4,41.4,23.4,https://world.openfoodfacts.org/product/5900449006906,10.3,36.4,1.8,3
biedronka,Lisner Sałatka gyros z kurczakiem 500 g,Surówki i sałatki,500,1180,23,55,95,https://world.openfoodfacts.org/product/5900344006537,,25.5,9,6
biedronka,Salato Pasta z tuńczykiem 80 g,Surówki i sałatki,80,240.8,7,3,21.9,https://world.openfoodfacts.org/product/20513153,,,,
biedronka,Salato Sałatka jarzynowa 250 g,Surówki i sałatki,250,552.5,5.75,18.8,46.2,https://world.openfoodfacts.org/product/5900344016550,7,8.25,3.75,2.5
biedronka,Vital Fresh Surówka Colesław z białej kapusty 450 g,Surówki i sałatki,450,450,6.75,36.9,28.3,https://world.openfoodfacts.org/product/5900449006890,9.9,30.6,2.25,3.41
biedronka,Vital Fresh Surówka z buraczków 300 g,Surówki i sałatki,300,285,3.6,40.2,10.2,https://world.openfoodfacts.org/product/5900449006654,,40.2,0.6,2.5
biedronka,Vital Fresh Surówka z ogórkiem 300 g,Surówki i sałatki,300,246,3.3,29.4,11.1,https://world.openfoodfacts.org/product/5900449006678,7.2,27.3,0.9,2.8
biedronka,Bonitki Biszkopty deserowe 200 g,Słodycze,200,636.3,13.3,120.5,9.6,https://world.openfoodfacts.org/product/5900672000665,7.4,47.9,1.3,0.2
biedronka,Bonitki Ciastka listki kakaowe 260 g,Słodycze,260,1277.2,18.2,168.8,59.3,https://world.openfoodfacts.org/product/5907471423664,,75.3,,
biedronka,Bonitki Herbatniki Petit Beurre 400 g,Słodycze,100,440,8,70,14,https://world.openfoodfacts.org/product/4820154483629,2.5,19,6.5,0
biedronka,E. Wedel Czekolada biała 80 g,Słodycze,100,564,6.1,56,35,https://world.openfoodfacts.org/product/5901588017938,0,56,19,0.2
biedronka,E. Wedel Czekolada klasyczna gorzka 64% 90 g,Słodycze,100,508,9.1,36,33,https://world.openfoodfacts.org/product/5901588018768,14,32,20,0
biedronka,E. Wedel Ptasie Mleczko Waniliowe w czekoladzie deserowej 340 g,Słodycze,340,1506.2,10.2,190.4,74.8,https://world.openfoodfacts.org/product/5901588400310,11.2,159.8,47.6,0.2
biedronka,EuroWafel Wafle lekkie 130 g,Słodycze,100,411,10,79,5.2,https://world.openfoodfacts.org/product/5902362089080,2.9,2.3,0.5,0.38
biedronka,Kinder Bueno White Wafel 39 g,Słodycze,39,222.7,3.43,20.5,14,https://world.openfoodfacts.org/product/80761767,0.39,16.6,6.55,0.13
biedronka,Kinder Crispy 34 g,Słodycze,34,194.8,2.7,17.6,12.5,https://world.openfoodfacts.org/product/8000500434123,0,14.8,6.9,0.1
biedronka,Lubella Owsianka z bananami i kakao 100 g,Słodycze,100,79,2,13,1.9,https://world.openfoodfacts.org/product/5900049822708,1.5,7.4,1,0
biedronka,Lubella Owsianka z bananami i truskawkami 100 g,Słodycze,100,73,1.6,14,0.9,https://world.openfoodfacts.org/product/5900049822685,1.2,9.1,0.1,0
biedronka,Lubella Owsianka z malinami i daktylami 100 g,Słodycze,100,76,1.5,15,0.8,https://world.openfoodfacts.org/product/5900049822661,1.2,10,0.1,0
biedronka,Milka Choc&Choc 150 g,Słodycze,150,642,8.2,84,31.5,https://world.openfoodfacts.org/product/7622300784751,2.1,45,6.1,0.9
biedronka,Milka Czekolada mleczna 250 g,Słodycze,100,520,6.1,56,30,https://world.openfoodfacts.org/product/7622210998767,2.7,53,18,0.4
biedronka,Nussbeisser Czekolada mleczna z całymi migdałami 100 g,Słodycze,100,547,9.1,50,33,https://world.openfoodfacts.org/product/7622210943514,4.3,48,14,0.29
biedronka,Nussbeisser Czekolada mleczna z całymi orzechami laskowymi 100 g,Słodycze,100,557,7.7,49,36,https://world.openfoodfacts.org/product/5903189076314,4,40,16,0.1
biedronka,Słodka Kraina Graciella truskawkowa 400 g,Słodycze,100,421,4.1,59,19,https://world.openfoodfacts.org/product/5900864165240,1.2,37,11,0.6
biedronka,"Vitanella Baton orzeszki ziemne, migdały, sól morska 40 g",Słodycze,40,222.8,5,13.2,16.1,https://world.openfoodfacts.org/product/5201049132584,2.6,10.2,2.3,0.2
biedronka,Lajkonik Junior Paluszki 200 g,Słone przekąski,200,796,22,148,11.2,https://world.openfoodfacts.org/product/5900320003222,8,12.8,0.8,4.6
biedronka,Lajkonik Precelki chrupkie 180 g,Słone przekąski,180,709.2,19.8,124.2,13.1,https://world.openfoodfacts.org/product/5900320007794,7.4,4.7,0.9,6.3
biedronka,Lajkonik Talarki krakowskie 200 g,Słone przekąski,200,864,22,132,26,https://world.openfoodfacts.org/product/5900320005837,7,6,2.4,7.1
biedronka,Top Popcorn o smaku maślanym 3 x 100 g,Słone przekąski,100,408,8.8,45,19,https://world.openfoodfacts.org/product/5905617000854,12,1.2,8.6,1.9
biedronka,Top Solony popcorn 3 x 100 g,Słone przekąski,100,400,8.9,46,18,https://world.openfoodfacts.org/product/5905617003329,,1.2,8.1,2.4
biedronka,Biedronka Ziemniaki do gotowania 2 kg,Warzywa świeże,100,77,2,17.5,0.1,https://world.openfoodfacts.org/product/5907180336071,2,0.8,0,0
biedronka,Czosnek 250 g,Warzywa świeże,250,372.5,16,82.5,1.2,https://world.openfoodfacts.org/product/20676858,14.5,3,0,0.1
biedronka,Kalafior,Warzywa świeże,100,24,2.2,2.3,0.5,https://world.openfoodfacts.org/product/5900477000709,2.2,2,0.1,0.1
biedronka,Papryka czerwona,Warzywa świeże,100,39,2,9,0.2,https://world.openfoodfacts.org/product/2000000151192,1.5,5,0,0
biedronka,Sałata lodowa 1 szt.,Warzywa świeże,100,16,1.1,2,0,https://world.openfoodfacts.org/product/4056489784395,2,1.8,0,0
biedronka,Seler naciowy 1 szt.,Warzywa świeże,100,14,1,1.8,0.2,https://world.openfoodfacts.org/product/20830359,,,,
biedronka,Włoszczyzna 650 g,Warzywa świeże,100,352,10.3,74.2,0.9,https://world.openfoodfacts.org/product/20355968,3,0.9,0.1,0
biedronka,Dolina Dobra Mięso mielone z szynki wieprzowej 400 g,Wieprzowina,100,145,20,0.2,7,https://world.openfoodfacts.org/product/5908226815154,0,0.2,4,0.2
biedronka,Czas na grill Burger wołowy 200 g,Wołowina,200,496,34,1,40,https://world.openfoodfacts.org/product/5900842030096,,1,18.6,27.5
biedronka,Biedronka Szynka swojska sądecka tradycyjna 100 g,Wędliny,100,137,26,0.5,3.7,https://world.openfoodfacts.org/product/5906190372970,,0.5,1.4,1.8
biedronka,Gusto Bello Prosciutto Cotto 100 g,Wędliny,100,129,20,1,5,https://world.openfoodfacts.org/product/5907180317575,0,1,2.2,2.1
biedronka,Kraina Wędlin Polędwica sopocka 250 g,Wędliny,250,242.9,43.6,3.6,6.4,https://world.openfoodfacts.org/product/5900562485213,,3.6,2.9,5.5
carrefour,Carrefour Chipsy ziemniaczane o smaku paprykowym 170 g,Chipsy i przekąski,170,904,9.35,86.7,56.1,https://world.openfoodfacts.org/product/5905784352961,7.82,4.25,4.25,0
carrefour,Carrefour Chipsy ziemniaczane solone 170 g.,Chipsy i przekąski,170,918,8.67,79.9,61.2,https://world.openfoodfacts.org/product/5905784353005,6.8,0.85,4.25,2.21
carrefour,Carrefour Classic Czipsy ziemniaczane karbowane o smaku serka fromage 80g,Chipsy i przekąski,80,416,4.72,41.6,24.8,https://world.openfoodfacts.org/product/5905784356198,3.6,2.32,1.84,0.96
carrefour,Carrefour Frytki proste mrożone,Chipsy i przekąski,100,122,2.1,19,3.3,https://world.openfoodfacts.org/product/5905784345710,3.6,0.6,0.3,0.08
carrefour,Carrefour Orzeszki ziemne prażone 200 g,Chipsy i przekąski,200,1244,54,19.4,102,https://world.openfoodfacts.org/product/3560071084042,17.2,10,12.2,0.08
carrefour,Carrefour PISTACJE Prażone solone 300 g,Chipsy i przekąski,100,608,24,11,50,https://world.openfoodfacts.org/product/3560071008574,8.9,9.2,6.4,0.6
carrefour,Carrefour Tortilla chips 300 g,Chipsy i przekąski,100,472,6.6,64,20,https://world.openfoodfacts.org/product/3560071357726,4,0.8,2,0.7
carrefour,Carrefour Tortillas chips 150 g,Chipsy i przekąski,150,708,9.9,96,30,https://world.openfoodfacts.org/product/3560071362331,6,4.5,3,2.1
carrefour,Crispy Natural Chrup marchew na ostro 18 g,Chipsy i przekąski,18,11,0.18,2.25,0.04,https://world.openfoodfacts.org/product/5900238964424,0.61,1.78,0.02,0.04
carrefour,Euro Wafel Wafle kukurydziane 100 g,Chipsy i przekąski,100,385,8.7,77,3.9,https://world.openfoodfacts.org/product/5903111175474,4.3,1.9,0.6,0.98
carrefour,McLloyd's Legumes Organic onion rings Green pea Sour cream onion 35 g,Chipsy i przekąski,35,147,4.48,19.64,5.36,https://world.openfoodfacts.org/product/8588007731513,1.4,0.59,0.53,0.51
carrefour,SOLO Chrupki KUKURYDZIANE o smaku zielonej cebulki 60 g,Chipsy i przekąski,60,296,4.08,35.58,15.06,https://world.openfoodfacts.org/product/5904918000372,1.2,2.1,1.2,0.69
carrefour,VitaCORN Pałeczki warzywne kukurydziano-ziemniaczane z porem 70 g,Chipsy i przekąski,70,230,5.29,49.83,1,https://world.openfoodfacts.org/product/5902165000602,4.91,0.84,0.26,0
carrefour,Carrefour 2 przekąski małże świętego jakuba* 116 g,Dania gotowe,116,249,9.51,17.4,15.08,https://world.openfoodfacts.org/product/3560071506797,2.09,2.32,8.12,1.16
carrefour,Carrefour 2 PRZEKĄSKI Ser kozi z figą 116 g,Dania gotowe,116,322,15.08,24.36,18.56,https://world.openfoodfacts.org/product/3560071506827,1.51,8.12,11.02,1.62
carrefour,Carrefour BIO Ratatouille 630 g,Dania gotowe,100,68,1.1,5.3,4.3,https://world.openfoodfacts.org/product/3270190174356,2,4.3,0.6,0.57
carrefour,"Carrefour BIO Surówka z marchwią, kurkumą i pieprzem Cayenne 400 g",Dania gotowe,100,12,0.8,1,0,https://world.openfoodfacts.org/product/5900779331280,2.3,0,0,0.96
carrefour,Karczma Bukówka Pierogi z kapustą i grzybami 500 g,Dania gotowe,100,154,4.6,25,3,https://world.openfoodfacts.org/product/5903111176303,3.8,0.8,0.4,1
carrefour,Karczma Bukówka Pierogi ze szpinakiem 500 g,Dania gotowe,100,165,6.1,26,3.6,https://world.openfoodfacts.org/product/5903111176327,2.7,2,0.5,0.9
carrefour,Carrefour Tiramisu z ciastkami Speculoos,Desery,200,576,10,76,24,https://world.openfoodfacts.org/product/3560070695362,4,46,18.8,0.74
carrefour,Carrefour VEGEtal vegangurt kokos wanilia 150 g,Desery,150,116,0.75,12.15,7.05,https://world.openfoodfacts.org/product/5905784315218,0.45,6.45,6.75,0.03
carrefour,Dr. Oetker mleczny RYŻ z jabłkami i cynamonem 58g,Desery,58,58,1.37,12.3,0.23,https://world.openfoodfacts.org/product/5900437039220,0.95,5.02,0.11,0.05
carrefour,Jogobella Vege brzoskwinia-marakuja 125 g,Desery,125,135,0.62,15.38,7.75,https://world.openfoodfacts.org/product/5906040063966,,10.5,7.25,
carrefour,Carrefour Crème duo 400 g,Dżemy i kremy,100,560,2.8,58,34.6,https://world.openfoodfacts.org/product/5905784306360,1.6,57.5,7.8,0.22
carrefour,Carrefour Krem czekoladowy 400 g,Dżemy i kremy,100,569,5.6,49.4,37.9,https://world.openfoodfacts.org/product/5905784306353,3.1,48.1,7.4,0.15
carrefour,Dr. Oetker OWOCOWY DUET malina & żurawina 32 g,Dżemy i kremy,32,19,0.02,4.64,0,https://world.openfoodfacts.org/product/5900437036182,,2.94,0,0.01
carrefour,Carrefour Jogurt do picia truskawkowy 350 g,Jogurty,100,70,2.8,10.6,1.8,https://world.openfoodfacts.org/product/5905784349169,0,10.1,0.8,0.05
carrefour,Danone danonino 6 iaurturi,Jogurty,100,92,6.3,11,2.5,https://world.openfoodfacts.org/product/5941209014588,0.2,10.3,1.6,0.09
carrefour,Carrefour CAPPUCCINO O smaku karmelowym 136 g,Kawa,136,58,2.04,10.34,0.95,https://world.openfoodfacts.org/product/3560071568931,0.68,8.57,0.82,0.05
carrefour,Carrefour Lungo Volupto,Kawa,52,1,0.05,0,0,https://world.openfoodfacts.org/product/3560071432096,0,0,0,0
carrefour,Carrefour Kiełbasa sucha 300 g,Kiełbasy i parówki,100,460,24,3.3,39,https://world.openfoodfacts.org/product/3245414663565,0,2.3,17,4.3
carrefour,Carrefour Mini Kiełbaski suszone 75 g,Kiełbasy i parówki,75,356,21.75,2.62,28.5,https://world.openfoodfacts.org/product/3560070692842,0,1.73,11.25,3.6
carrefour,Carrefour Mini kiełbaski suszone z orzechami 75 g,Kiełbasy i parówki,75,367,22.5,2.85,29.25,https://world.openfoodfacts.org/product/3560071358051,1.27,1.73,9.75,3.38
carrefour,Carrefour Classic Pomidory całe 400 g,Konserwy,100,19,1.1,3.2,0,https://world.openfoodfacts.org/product/5905784339283,1.1,3.1,0,0.4
carrefour,Carrefour Korniszony delitatesowe z przyprawami 350 g,Konserwy,100,43,0.8,9,0.3,https://world.openfoodfacts.org/product/5905784344737,0.5,7.5,0.05,1.31
carrefour,Carrefour Kukurydza Konserwowa 340 g,Konserwy,100,107,2.8,19,1.5,https://world.openfoodfacts.org/product/5905784335476,3.3,3.4,0.2,0.45
carrefour,Algida Big milk smak bakalia 428 g / 900 ml,Lody,100,173,3.1,25,6.5,https://world.openfoodfacts.org/product/3758327625501,,19,5.1,0.11
carrefour,Algida Bigmilk smak ciasteczko 430 g / 900 ml,Lody,100,174,2.8,25,6.7,https://world.openfoodfacts.org/product/8711327625075,,19,5.6,0.13
carrefour,Algida Bigmilk smak śmietankowo czekoladowy 422 g / 900 ml,Lody,100,152,2.7,22,5.2,https://world.openfoodfacts.org/product/8711327625259,,19,4.5,0.11
carrefour,Algida Bigmilk smak śmietankowo truskawkowy 422 g / 900 ml,Lody,100,152,2.5,22,5.4,https://world.openfoodfacts.org/product/8711327624962,,19,4.8,0.12
carrefour,Algida Bigmilk smak śmietankowo waniliowy 422 g / 900 ml,Lody,100,159,2.6,23,5.9,https://world.openfoodfacts.org/product/8711327625433,,19,5.2,0.12
carrefour,Algida Bigmilk ze swiezym mlekiem 550 g / 1000 ml,Lody,100,165,2.4,27,5.1,https://world.openfoodfacts.org/product/8711327334601,,23,4.3,0.42
carrefour,Algida Bigmilk ze śmiezym mlekiem 528 g / 1000 ml,Lody,100,154,2,26,4.4,https://world.openfoodfacts.org/product/8714100643327,,21,3.6,0.09
carrefour,Algida Lody Czekoladowe 458 g / 900 ml,Lody,100,160,3.1,25,4.6,https://world.openfoodfacts.org/product/8711327624719,,22,3.8,0.11
carrefour,Carrefour Anielskie włosy 500 g,Makaron,100,355,12,72,1.5,https://world.openfoodfacts.org/product/3560070329120,2.5,2.5,0.5,0.02
carrefour,CARREFOUR FRANCE Kolanka 500 g,Makaron,100,355,13,70,1.9,https://world.openfoodfacts.org/product/3560070328857,3,4.5,0.3,0.02
carrefour,Carrefour Spaghetti 1 kg,Makaron,100,355,13,70,1.9,https://world.openfoodfacts.org/product/3560070328888,3,4.5,0.3,0.02
carrefour,mama Makaron błyskawiczny w stylu orientalnym o smaku wołowiny 85 g,Makaron,85,390,7,56,16,https://world.openfoodfacts.org/product/8850987151279,2,3,7,3.42
carrefour,Millo di Pasta Makaron penne rigate 500 g,Makaron,100,354,13,70,1.7,https://world.openfoodfacts.org/product/5905784347547,,2.8,0.3,0.01
carrefour,TAN-VIET International S.A. KOREAN HOT BEEF 105 g,Makaron,105,102,2.21,15.75,3.36,https://world.openfoodfacts.org/product/5901882315075,,1.47,1.78,0.85
carrefour,Carrefour Masło ekstra,Masło,100,745,0.7,1,82,https://world.openfoodfacts.org/product/5905784358505,0,0.7,57,0
carrefour,Lactalis Masto solone 200g,Masło,200,1454,1.4,2,160,https://world.openfoodfacts.org/product/5906207320055,,2,110,3.94
carrefour,Simplo 10 Kotletów mielonych z mięsa wołowego*,Mięso,100,256,17,1.9,20,https://world.openfoodfacts.org/product/3560070604340,,0.7,8.2,0.35
carrefour,"Carrefour Classic Mleko UHT 0,5% 1 L",Mleko,100,35,3,4.7,0.5,https://world.openfoodfacts.org/product/5905784350271,0,4.7,0.3,0.1
carrefour,Mlekovita Mleko UHT 2% 1 l,Mleko,100,50,3.2,4.7,2,https://world.openfoodfacts.org/product/5900512320427,,4.7,1.3,0.1
carrefour,Carrefour BIO Wafle ryżowe Mleczna czekolada 100g,Mrożonki,100,501,7.5,63,24,https://world.openfoodfacts.org/product/3560071469740,3,27,14,0.08
carrefour,Carrefour Energy Light Drink 250 ml,Napoje,250,8,0.88,0,0,https://world.openfoodfacts.org/product/5905784340968,0,0,0,0.5
carrefour,Carrefour Sok z ogórków kiszonych 250 ml,Napoje,250,12,1,1.25,0.25,https://world.openfoodfacts.org/product/5905784359328,0.25,1.25,0.25,5.83
carrefour,COCA-COLA SERVICES SA/NV Coca-Cola - puszka 330 ml,Napoje,100,42,0,10.6,0,https://world.openfoodfacts.org/product/5449000000996,,10.6,0,0
carrefour,COCA-COLA SERVICES SA/NV Coca-Cola Zero 330 ml,Napoje,100,0,0,0,0,https://world.openfoodfacts.org/product/5449000131805,,0,0,0.02
carrefour,Maspex Puchatek Kakao o smaku orzech wym 300g,Napoje,100,373,3.7,85.6,1.8,https://world.openfoodfacts.org/product/5900910008958,,82.4,1.1,0.25
carrefour,MLEKOVITA Kefir Naturalny Bez Laktozy 375 g,Napoje,100,53,3.7,5,2,https://world.openfoodfacts.org/product/5900512903118,,5,1.3,0.1
carrefour,Carrefour BIO Soja słodki 1 l,Napoje roślinne,100,47,3.7,3,2.1,https://world.openfoodfacts.org/product/3560071478377,0.8,3,0.4,0.16
carrefour,CARREFOUR FRANCE Migdał Bez dodatku cukru 1 l,Napoje roślinne,100,26,0.7,1.7,1.7,https://world.openfoodfacts.org/product/3560071014094,0.5,0.5,0.2,0.1
carrefour,EcoMil Napój migdałowy bez cukru 1 l,Napoje roślinne,100,32,1,3.3,2.1,https://world.openfoodfacts.org/product/2000000150789,,0.3,0.4,0.14
carrefour,Just Plants Owies 500 ml,Napoje roślinne,100,56,0.7,6.3,3,https://world.openfoodfacts.org/product/5900334020123,0.7,3.5,0.4,0.1
carrefour,Just Plants Owies barista karmel 1l,Napoje roślinne,100,64,1,7.5,3.1,https://world.openfoodfacts.org/product/5900334022653,0.8,3.8,0.4,0.1
carrefour,Carrefour BIO Nasiona słonecznika 200 g,Orzechy i bakalie,200,1288,48,10,114,https://world.openfoodfacts.org/product/3560071478278,12.8,4,12.4,0.02
carrefour,Carrefour BIO Red Lentils 1 kg,Orzechy i bakalie,100,334,22.2,62.8,0.9,https://world.openfoodfacts.org/product/8690982101714,7.2,3.3,0.1,0.1
carrefour,Carrefour Classic Groch żółty łuskany połówki 450 g,Orzechy i bakalie,100,330,21,52,1.8,https://world.openfoodfacts.org/product/5905784351018,11,2.6,0.3,0.01
carrefour,Carrefour Classic Siemię lniane 400 g,Orzechy i bakalie,100,525,22,0.6,43,https://world.openfoodfacts.org/product/5905784350752,24,0.6,4.4,0.1
carrefour,Carrefour Dried plums 200g,Orzechy i bakalie,100,242,2.4,53.8,1,https://world.openfoodfacts.org/product/5905784342320,6.8,36.6,0.2,0.02
carrefour,Carrefour Pestki Dyni Łuskane 180 g,Orzechy i bakalie,180,1022,61.2,7.02,79.2,https://world.openfoodfacts.org/product/5905784358000,14.58,2.16,14.22,0.4
carrefour,Carrefour Rodzynki królewskie 150 g,Orzechy i bakalie,150,470,4.5,106.95,1.5,https://world.openfoodfacts.org/product/5905784342504,4.95,104.7,0.3,0.03
carrefour,Carrefour Ryż biały 400 g,Orzechy i bakalie,100,339,8.2,74,1,https://world.openfoodfacts.org/product/5905784300108,1.6,0.6,0.15,0
carrefour,Carrefour Soczewica czerwona 500 g,Orzechy i bakalie,100,325,25.2,45.8,1.6,https://world.openfoodfacts.org/product/5905784351131,13.3,3.7,0.4,0
carrefour,EkoWital ekologiczna Ciecierzyca 350g,Orzechy i bakalie,100,127,7.1,15,2.7,https://world.openfoodfacts.org/product/5908249970571,,0.4,0.3,0.35
carrefour,Sante Sezam 300 g,Orzechy i bakalie,100,656,23,2.1,60,https://world.openfoodfacts.org/product/5900617000286,7.9,1.6,6.7,0
carrefour,Simpl Orzechy laskowe łuskane 100 g,Orzechy i bakalie,100,686,14,3.6,66,https://world.openfoodfacts.org/product/5905784327921,11,3.6,6.2,0.02
carrefour,Primavika Tahini 185g,Pasty i dipy,185,1153,31.45,31.45,98.05,https://world.openfoodfacts.org/product/5900672300871,8.7,0,13.69,0.15
carrefour,Sokołów Vege Pasta warzywna z ciecierzycą 120g,Pasty i dipy,120,252,5.16,13.2,19.8,https://world.openfoodfacts.org/product/5900562619304,,4.2,1.8,1.92
carrefour,Carrefour 8 Tortilli 320 g,Pieczywo pakowane,100,326,9.4,55,7.3,https://world.openfoodfacts.org/product/3245412563256,1.8,2.6,0.7,0.9
carrefour,Carrefour Bagietka Fitnes,Pieczywo pakowane,100,287,10,47,5.1,https://world.openfoodfacts.org/product/2030599000004,4.8,2.1,0.7,1.2
carrefour,Carrefour Classic Grzanki z ziołami 150g,Pieczywo pakowane,150,586,19.5,100.5,10.5,https://world.openfoodfacts.org/product/5905784339962,5.85,7.2,1.35,2.25
carrefour,Carrefour Grzanki 400 g,Pieczywo pakowane,100,408,10,66,10,https://world.openfoodfacts.org/product/3560070822744,6.9,4.2,0.9,1
carrefour,Carrefour Sucharki Pełnoziarniste 300 g,Pieczywo pakowane,100,366,12,62,4.9,https://world.openfoodfacts.org/product/3560070823291,12,5.5,0.5,1.5
carrefour,Carrefour Tortilla pszenna 250 g,Pieczywo pakowane,250,810,23.75,136,18,https://world.openfoodfacts.org/product/5905784344591,4.5,4.5,4.4,2.7
carrefour,Carrefour Zestaw FAJITAS 505 g,Pieczywo pakowane,100,326,9.4,55,7.3,https://world.openfoodfacts.org/product/3245412563041,2.3,3.2,0.9,0.9
carrefour,Tesori Puccia alla salentina 230 g,Pieczywo pakowane,230,580,19.32,108.1,6.9,https://world.openfoodfacts.org/product/5907460020188,4.6,10.12,1.38,4.37
carrefour,Carrefour Classic Kluski na parze 300 g,Pierogi i kluski,100,261,7.7,49,2.9,https://world.openfoodfacts.org/product/5905784351728,3.5,5.6,0.4,1.1
carrefour,Carrefour Cappuccino Nature 14 g,Pozostałe,14,5,0.18,0.87,0.07,https://world.openfoodfacts.org/product/3560071568917,0.07,0.67,0.07,0.01
carrefour,Carrefour Cappuccino O smaku waniliowym 18 g,Pozostałe,18,8,0.27,1.53,0.09,https://world.openfoodfacts.org/product/3560071568924,0.09,1.3,0.07,0.01
carrefour,Carrefour filety śledziowe solone 800 g,Pozostałe,100,112,11.2,0.5,8.3,https://world.openfoodfacts.org/product/5905784346861,0,0.5,2,6
carrefour,CARREFOUR FRANCE Zestaw BURRITOS 510 g,Pozostałe,100,326,9.4,55,7.3,https://world.openfoodfacts.org/product/3245412563034,2.3,3.2,0.9,0.9
carrefour,Carrefour Syrop z agawy,Pozostałe,100,312,0,78,0,https://world.openfoodfacts.org/product/5905784348278,0,74,0,0
carrefour,Carrefour Zestaw CRISPY FAJITAS,Pozostałe,100,328,9.4,55,7.3,https://world.openfoodfacts.org/product/3560071414887,2.3,3.2,0.9,0.9
carrefour,DAGOMA ŻUR KASZUBSKI 500 ml,Pozostałe,100,26,0.8,4.5,0,https://world.openfoodfacts.org/product/5901884721232,,0.6,0,0.79
carrefour,Dr. Oetker KASZKA manna z malinami 49 g,Pozostałe,49,45,1.35,9.11,0.17,https://world.openfoodfacts.org/product/5900437039435,0.71,4.43,0.1,0.04
carrefour,Dr. Oetker KASZKA manna z truskawkami 47.5 g,Pozostałe,47.5,42,1.25,8.68,0.17,https://world.openfoodfacts.org/product/5900437039411,0.68,4.1,0.1,0.04
carrefour,Dr. Oetker KASZKA smak BORÓWKA 47 g,Pozostałe,47,41,1.34,8.11,0.17,https://world.openfoodfacts.org/product/5900437028545,0.69,3.82,0.07,0.04
carrefour,Dr. Oetker KASZKA smak MORELA 46 g,Pozostałe,46,39,1.27,7.74,0.14,https://world.openfoodfacts.org/product/5900437028385,0.75,3.76,0.07,0.03
carrefour,EkoWital ekologiczna Fasolka szparagowa 340 g,Pozostałe,100,26,1.6,2.9,0.3,https://world.openfoodfacts.org/product/5908249970595,,0.8,0.1,0.45
carrefour,Podrava Przecier pomidorowy z ziołami śródziemnomorskimi 500g,Pozostałe,100,23,1.3,3.4,0.5,https://world.openfoodfacts.org/product/3850104299735,,3.4,0.1,0.13
carrefour,POP CROP Crunchy Lemmings 70 g,Pozostałe,70,270,6.47,53.46,2.83,https://world.openfoodfacts.org/product/5904730218474,2.46,0.57,0.39,0.46
carrefour,Sątyrz Sątyski ogórek kiszony - małosolny na solance kołobrzeskiej 500 g,Pozostałe,100,15,0.6,1,0.05,https://world.openfoodfacts.org/product/5908228980454,,0.15,0.06,2.1
carrefour,BonaVita Granulat sojowy 150 g,Produkty roślinne,150,498,73.5,40.5,1.8,https://world.openfoodfacts.org/product/8594001560035,13.2,12.9,0.45,0.01
carrefour,Bonavita Krajanka sojowa 80 g,Produkty roślinne,80,266,39.2,21.6,0.96,https://world.openfoodfacts.org/product/8594001560424,7.04,6.88,0.24,0.01
carrefour,BVTCHER Bezrybne kotlety w panierce 200 g,Produkty roślinne,200,444,23.8,42,19.2,https://world.openfoodfacts.org/product/5905186420398,3.6,6.6,1.6,3.4
carrefour,BVTCHER Kaszanka bezmięsna 260 g,Produkty roślinne,100,237,6.66,22.59,12.52,https://world.openfoodfacts.org/product/5905186420534,3.74,3.14,10.28,1.29
carrefour,"Carrefour Stek z soi, pszenicy i groszku 400 g",Produkty roślinne,100,235,19,8.5,13,https://world.openfoodfacts.org/product/3560071240394,5.4,1.2,1.1,0.98
carrefour,Carrefour VEGEtal BURGER a'la drobiowy 170 g,Produkty roślinne,170,471,27.88,32.64,23.63,https://world.openfoodfacts.org/product/5905784326849,7.65,4.78,1.77,1.45
carrefour,Naura Smalczyk z Tofu Smacznego! 75 g,Produkty roślinne,75,194,5.25,6,16.5,https://world.openfoodfacts.org/product/5902444122957,,0.38,1.57,0.9
carrefour,Plantway Doskonały KU*CZAK Klasyz z samych Roślin 200 g,Produkty roślinne,200,426,54,4.2,20,https://world.openfoodfacts.org/product/5905054626402,6.4,1,2.4,4
carrefour,SolidaFood Tofu jedwabiste 350 g,Produkty roślinne,100,62,4.5,2.2,3.5,https://world.openfoodfacts.org/product/5907778314016,,,0.26,0
carrefour,Tarczyński Rośl-inne Kabanosy 3 Ziarna 90 g,Produkty roślinne,90,374,18.9,15.3,26.1,https://world.openfoodfacts.org/product/5908230530753,6.21,7.74,6.48,2.25
carrefour,HouseofAsia Imbir różowy 190 g,Przyprawy,190,89,2.85,14.44,1.14,https://world.openfoodfacts.org/product/5907603458861,,9.12,0.57,6.65
carrefour,Carrefour BIO Dmuchana pszenica karmelizowana 375 g,Płatki i musli,100,378,11,78,1.5,https://world.openfoodfacts.org/product/5400101261358,5.7,29,0.2,0.03
carrefour,Carrefour Choco Rice 375 g,Płatki i musli,100,387,8.3,80,2.8,https://world.openfoodfacts.org/product/3560070800292,4,22,1.1,0.29
carrefour,Carrefour Corn flakes 500 g,Płatki i musli,100,383,6.9,85,1.2,https://world.openfoodfacts.org/product/3560071016074,2.5,7.2,0.2,0.8
carrefour,Carrefour Crunchy ciemna czekolada 1 kg,Płatki i musli,100,441,10,62,15,https://world.openfoodfacts.org/product/3560071013042,9,19,3.8,0.1
carrefour,Carrefour Crunchy mleczna czekolada 500 g,Płatki i musli,100,445,9.4,56,17,https://world.openfoodfacts.org/product/3560071482695,13,21,6,0.51
carrefour,Carrefour Fibra 5 suszonych owoców 500 g,Płatki i musli,100,356,8.7,62,6.1,https://world.openfoodfacts.org/product/3560071015725,8.9,20,3.6,0.41
carrefour,carrefour Poduszeczki zbożowe z kremem o smaku czekoladowym 350 g,Płatki i musli,100,421,9,63.9,13.5,https://world.openfoodfacts.org/product/5905784346380,4.1,30.7,3.37,0.11
carrefour,Carrefour Płatki owsiane pełnoziarniste 800 g,Płatki i musli,100,372,14,59,7,https://world.openfoodfacts.org/product/3560071478643,10,0.7,1.3,0
carrefour,Carrefour Sensation Crunchy 3 czekolady 500 g,Płatki i musli,100,452,10,63,16,https://world.openfoodfacts.org/product/3560071013011,8.2,21,4.2,0.13
carrefour,Inna Bajka Owsianka Mango i Jagody Goji 70 g,Płatki i musli,70,258,6.58,50.4,4.62,https://world.openfoodfacts.org/product/5902860470014,5.6,14,0.69,0.12
carrefour,Szczytno Premium Żytnie płatki błyskawiczne instant tyle flakes 400g,Płatki i musli,100,323,8.2,62,1.6,https://world.openfoodfacts.org/product/5906827011821,14,6.3,0.4,0
carrefour,Carrefour Tuńczyk w kawałkach 370 g,Ryby,100,102,24,0.5,0.7,https://world.openfoodfacts.org/product/3560071084158,0.5,0,0.2,1
carrefour,EvraFish Flądra w sosie pomidorowym 170 g,Ryby,170,133,18.7,4.93,4.25,https://world.openfoodfacts.org/product/5907653114229,,2.89,0.85,2.21
carrefour,Carrefour Kasza jęczmienna,Ryż i kasze,100,388,6.7,77.1,2.4,https://world.openfoodfacts.org/product/5905784333540,15.6,0.8,0.2,0.03
carrefour,Carrefour BIO Surówka z ogórkiem i koperkiem 400 g,Sałatki,100,12,0.8,1.2,0,https://world.openfoodfacts.org/product/5900779331273,1.9,0,0,1
carrefour,Carrefour Camembert,Sery,100,357,17,0.5,32,https://world.openfoodfacts.org/product/5905784302522,,0.5,20,1.7
carrefour,garmo AG Sirtakis ser sałatkowy typu greckiego 200 g,Sery,200,514,35.6,1.2,41,https://world.openfoodfacts.org/product/4002566004313,0,1.2,27.8,5.6
carrefour,Jogo Twarożek wiejski luksusowy 200 g,Sery,200,284,18.2,7.6,20,https://world.openfoodfacts.org/product/5900771000726,0.2,7.4,14,0.26
carrefour,Piątnica Serek wiejski 200 g,Sery,200,194,22,4,10,https://world.openfoodfacts.org/product/5900531050015,,3,7,1.4
carrefour,Sierpc Ser Królewski 135g,Sery,135,475,35.1,1.62,36.45,https://world.openfoodfacts.org/product/5901753000635,,0,24.3,1.86
carrefour,Carrefour 100% Soku z wyciskanych owoców Jabłkowy 1 l,Soki,100,43,0,10,0,https://world.openfoodfacts.org/product/3560071482916,0.5,10,0,0
carrefour,"Carrefour Pomarańcza 1,5 l",Soki,100,36,0,8.4,0,https://world.openfoodfacts.org/product/3560070333127,,8.4,0,0
carrefour,Carrefour Sok jabłkowy 1 L,Soki,100,42,0.1,10,0,https://world.openfoodfacts.org/product/5905784337173,0.1,9.6,0,0.1
carrefour,EKODOBRO! Sok pomidorowy EKO OWOLOVO 200 ml,Soki,200,50,2,10.4,1,https://world.openfoodfacts.org/product/5901958613081,1,10.2,0.2,1.04
carrefour,sok pomidorowy Carrefour 1 L,Soki,100,18,0.8,2.7,0,https://world.openfoodfacts.org/product/5905784352053,0,2.7,0,0.69
carrefour,Tymbark 100% jablko 1 l,Soki,100,43,0,11,0,https://world.openfoodfacts.org/product/5900334005939,0,11,0,0
carrefour,Carrefour Ajvar łagodny 300g,Sosy,100,66,1.2,6.1,3.7,https://world.openfoodfacts.org/product/5905784351414,1.6,4.9,0.56,1.3
carrefour,Carrefour Classic Musztarda 190g,Sosy,190,298,15.01,17.48,16.53,https://world.openfoodfacts.org/product/5905784350035,9.31,8.55,0.95,5.13
carrefour,Carrefour Przecier pomidorowy 500 g,Sosy,100,24,1.4,3.6,0.5,https://world.openfoodfacts.org/product/5905784348506,0.9,3.5,,0.03
carrefour,Carrefour VEGEtal Hummus klasyczny 160 g,Sosy,160,438,11.52,16.96,33.92,https://world.openfoodfacts.org/product/5905784305349,9.6,2.88,3.52,1.76
carrefour,ketchup diabelski Carrefour 300 g,Sosy,100,96,0.5,22.5,0.2,https://world.openfoodfacts.org/product/5905784332109,0.9,18.2,,1.55
carrefour,ŁOWICZ Sos Spaghetti 500 g,Sosy,100,81,1.6,14,2,https://world.openfoodfacts.org/product/5900397016255,,12,0.2,1.1
carrefour,Carrefour Classic Fasola biała konserwowa 400 g,Strączkowe,100,101,8.2,12,0.6,https://world.openfoodfacts.org/product/5905784317045,7.3,0.7,0,1
carrefour,Carrefour Classic Groszek konserwowy 400 g,Strączkowe,100,77,5.6,8.6,0.5,https://world.openfoodfacts.org/product/5905784355559,7.5,2.8,0.1,0.83
carrefour,belvita ciasteczka milk 300 g,Słodycze,100,443,8.1,68,14,https://world.openfoodfacts.org/product/7622210025791,6.4,20,1.6,0.22
carrefour,Belvita Honey And Nut With Choc Chips 300 g,Słodycze,100,448,7.6,69,15,https://world.openfoodfacts.org/product/7622210194961,4.4,42,1.8,0.9
carrefour,Belvita Original breakfast chocolate 300 g,Słodycze,100,440,7.9,66,14,https://world.openfoodfacts.org/product/7622300443269,6.8,27,3.6,0.62
carrefour,Carrefour Bingo o smaku czekoladowym 225 g,Słodycze,225,1120,14.18,139.5,54,https://world.openfoodfacts.org/product/3270190178866,9.68,83.25,24.75,1.12
carrefour,Carrefour BIO Herbatniki Gorzka czekolada 150 g,Słodycze,150,740,11.25,90,36,https://world.openfoodfacts.org/product/3270190128519,7.05,52.5,22.5,0.6
carrefour,Carrefour CAPPUCCINO O smaku czekoladowym,Słodycze,144,63,1.58,12.53,0.72,https://world.openfoodfacts.org/product/3560071568948,0.72,10.37,0.72,0.1
carrefour,Carrefour Ciasteczka owsiane 190 g,Słodycze,190,969,10.83,121.6,47.5,https://world.openfoodfacts.org/product/5905784344348,5.7,64.6,20.9,0.44
carrefour,Carrefour Ciastka zbożowe 300 g,Słodycze,100,429,7,68,13,https://world.openfoodfacts.org/product/5905784346083,6,23,5.8,0.7
carrefour,Carrefour Classic Ciastka kruche kakaowe 150 g,Słodycze,150,789,8.55,82.95,46.35,https://world.openfoodfacts.org/product/5905784355252,2.85,47.1,17.55,0.72
carrefour,Carrefour Classic Ciatka kruche 150 g,Słodycze,150,792,6.6,92.25,43.8,https://world.openfoodfacts.org/product/5905784355245,1.2,52.5,16.7,0.84
carrefour,Carrefour Classic Ciatka kruche kakaowe 150 g,Słodycze,150,780,9.15,79.65,45.75,https://world.openfoodfacts.org/product/5905784355238,6.45,45,17.71,0.75
carrefour,Carrefour Classic Mini Circle O smaku truskawkowym 168 g,Słodycze,168,714,9.07,124.32,21.84,https://world.openfoodfacts.org/product/3560071266370,3.7,50.4,2.18,1.08
carrefour,Carrefour Classic Mini wafelki cytrynowe 300 g,Słodycze,100,530,5.3,57.1,30.3,https://world.openfoodfacts.org/product/5905784305813,3.7,27.4,15,0.63
carrefour,Carrefour Classic Mini wafelki orzechowe,Słodycze,100,518,7.7,58.5,27.7,https://world.openfoodfacts.org/product/5905784354002,2.1,29.1,16.9,0.41
carrefour,Carrefour Colombe Classique 1 kg,Słodycze,100,378,6.5,56,14,https://world.openfoodfacts.org/product/3560071594374,2.2,33,6.6,0.39
carrefour,Carrefour Cookie Place Ciastka Zbożowe,Słodycze,100,429,7,68,13,https://world.openfoodfacts.org/product/5905784346090,6,23,5.8,0.7
carrefour,Carrefour Czekolada chrupiąca,Słodycze,100,501,5.9,60,25,https://world.openfoodfacts.org/product/3560071413842,7.6,56,15,
carrefour,CARREFOUR FRANCE Tartaletki 200 g,Słodycze,200,868,10,146,26,https://world.openfoodfacts.org/product/3560070290840,3.6,68,12.8,1.06
carrefour,CARREFOUR FRANCE Toast crock' Pełne ziarno,Słodycze,250,898,24.75,167.5,7.75,https://world.openfoodfacts.org/product/3560071504090,32.5,9,1.75,3.25
carrefour,Carrefour Herbatniki 150 g,Słodycze,150,734,10.35,96,33,https://world.openfoodfacts.org/product/3560070936137,5.85,45,18,0.7
carrefour,Carrefour Karmelki mleczne 150 g,Słodycze,150,609,0.9,136.05,6.9,https://world.openfoodfacts.org/product/5905784340562,0,115.2,6.45,0.9
carrefour,Carrefour P'tit Déj Kawałki czekolady 400 g,Słodycze,100,453,7.9,66,16,https://world.openfoodfacts.org/product/3245411443559,5.9,27,3.6,0.42
carrefour,Carrefour P'tit Déj Kawałki czekolady 600 g,Słodycze,100,453,7.9,66,16,https://world.openfoodfacts.org/product/3560070678051,5.9,27,3.6,0.42
carrefour,Carrefour Wafle z nadzieniem o smaku waniliowym 175 g,Słodycze,175,917,11.38,98,52.5,https://world.openfoodfacts.org/product/3560071415259,3.85,54.25,24.5,0.56
carrefour,Classic' MINI SAFARI Mleczna czekolada 160 g,Słodycze,160,803,11.04,108.8,35.2,https://world.openfoodfacts.org/product/3560070484225,3.52,51.2,19.2,0.8
carrefour,Euro Wafel bardzo! trójkąty kukurydziane 100 g,Słodycze,100,341,8,70,1,https://world.openfoodfacts.org/product/5902362089899,2.4,0.5,0.14,0.82
carrefour,Helio Popcorn ziarno 250 g,Słodycze,250,835,27.5,135,12.25,https://world.openfoodfacts.org/product/5905617001295,37.5,3.5,2.25,0
carrefour,Jaivir Sunflower Caramel Bar 1x 65g,Słodycze,65,306,7.8,26.65,19.5,https://world.openfoodfacts.org/product/4820007053740,,21.58,1.95,0
carrefour,Kinder Bueno White 39 g,Słodycze,39,223,3.31,20.67,14,https://world.openfoodfacts.org/product/80761761,,17.12,6.55,0.13
carrefour,Milka Choco grain 126 g,Słodycze,126,621,9.83,74.34,30.24,https://world.openfoodfacts.org/product/7622210403919,6.55,37.8,15.12,0.89
carrefour,Simpl Tartaletki O smaku morelowym 200 g,Słodycze,200,862,10,146,26,https://world.openfoodfacts.org/product/3560070290819,3.8,68,12.4,1.14
carrefour,Sunny Family Wafelki zbożowe Kukurydziane 95 g,Słodycze,95,359,7.79,78.85,0.85,https://world.openfoodfacts.org/product/5902973790375,3.42,0.19,0.19,1.33
carrefour,Visa Bell Śląskie oblaty czosnkowe 30 g,Słodycze,30,116,3.51,23.04,0.96,https://world.openfoodfacts.org/product/5907666575017,0.81,1.41,0.15,0.69
carrefour,Visa Bell Śląskie oblaty orzechowe 30 g,Słodycze,30,130,3.06,22.5,2.91,https://world.openfoodfacts.org/product/5907666575178,0.84,2.94,0.21,0.03
carrefour,Visa Bell Śląskie Oblaty smak waniliowy 30 g,Słodycze,30,126,3.24,22.38,2.31,https://world.openfoodfacts.org/product/5907666575321,1.44,2.79,0.24,0.03
carrefour,Zozole Hello zelo cola 75g,Słodycze,75,274,1.73,63,1.57,https://world.openfoodfacts.org/product/5900353700082,,39,0.75,0.3
carrefour,Carrefour BIO Oliwa z oliwek extra virgin 1 l,Tłuszcze i oleje,100,823,0,0,91,https://world.openfoodfacts.org/product/3560070910366,,0,13,0
carrefour,Carrefour Oliwa z oliwek najwyższej jakości z pierwszego tłoczenia 750 ml,Tłuszcze i oleje,100,822,0,0,91.4,https://world.openfoodfacts.org/product/5905784317014,0,0,12.8,0
carrefour,Planton Creamo sour ŚmietaNOVA 18% 180 g,Warzywa i owoce,180,333,1.62,8.46,32.4,https://world.openfoodfacts.org/product/5901104004961,0.9,0.72,28.8,0.04
carrefour,Carrefour Krakowska sucha wieprzowa 100 g,Wędliny,100,169,27.3,0.3,6.5,https://world.openfoodfacts.org/product/5905784348070,,0.1,2.5,2.6
carrefour,Carrefour Salami wyborowe w posypce pomidorowej 100g,Wędliny,100,426,19,4,37,https://world.openfoodfacts.org/product/5905784346557,,2,16,3.7
carrefour,Carrefour Salami wyborowe z pieprzem 100g,Wędliny,100,490,20,3,44,https://world.openfoodfacts.org/product/5905784346588,1,1,17,4
carrefour,Dania Babci Zosi Zupa z soczewicy 110 g,Zupy,110,42,2.2,7.7,0,https://world.openfoodfacts.org/product/5903776000586,,1.65,0.11,0.74
carrefour,KRAKUS ZUPA ŻUREK 1 l,Zupy,100,23,0.72,3.6,0.52,https://world.openfoodfacts.org/product/5900397734401,,3.32,0.2,1.2
dino,Rary Krakersy mix solony 90 g,Chipsy i przekąski,90,436,9,54,19.8,https://world.openfoodfacts.org/product/5902332104355,,5.94,1.62,2.61
dino,Cedrob Skrzydełka z kurczaka w marynacie buffalo 400 g,Dania gotowe,100,141,17,2.7,6.7,https://world.openfoodfacts.org/product/5900331207985,,0.7,1.7,4.25
dino,Dega Sałatka jarzynowa 550 g,Dania gotowe,100,184,1.7,12,14,https://world.openfoodfacts.org/product/5902738900094,,3.9,11,1.38
dino,Konspol Hamburger w bułce 280g,Dania gotowe,100,264,13,25,12,https://world.openfoodfacts.org/product/0944961080216,,2.5,5.1,1.8
dino,U Jędrusia Pierogi z kapustą i grzybami. 400 g,Dania gotowe,100,146,3.9,22.9,3.8,https://world.openfoodfacts.org/product/5901398510100,2.5,1.8,0.4,1.18
dino,Dawtona Dżem Brzoskwiniowy niskosłodzony 280 g,Dżemy i kremy,100,142,0,35,0,https://world.openfoodfacts.org/product/5901713009449,0.9,35,0,0
dino,Dawtona Dżem truskawkowy niskosłodzony 280 g,Dżemy i kremy,100,138,0,34,0,https://world.openfoodfacts.org/product/5901713009463,0.8,34,0,0
dino,Dawtona Powidła śliwkowe 280 g,Dżemy i kremy,100,227,1.4,54,0.6,https://world.openfoodfacts.org/product/5901713009494,2.7,54,0,0
dino,Famil-Jada Dżem z czarnej porzeczki niskosłodzony 280 g,Dżemy i kremy,100,146,0.5,35,0.5,https://world.openfoodfacts.org/product/5901002006944,,35,0,0.01
dino,Łowicz Dżem z truskawek i limonki niskosłodzony. 280 g,Dżemy i kremy,100,141,0.5,34,0.5,https://world.openfoodfacts.org/product/5900397742437,,34,0.1,0
dino,Herbapol Herbaciany ogród - Prosto z lasu.,Herbata,50,0,0,0,0,https://world.openfoodfacts.org/product/5900956000688,0,0,0,0
dino,Danone Napój jogurtowy o smaku brzoskwinia-marakuja 290 g,Jogurty,100,69,1.6,13.6,0.8,https://world.openfoodfacts.org/product/5900643032725,0.02,12.2,0.5,0.08
dino,"Mlekovita Jogurt pitny polski, bez laktozy, owoce leśne. 250 g",Jogurty,250,165,7,30,2,https://world.openfoodfacts.org/product/5900512983516,,27.5,1.25,0.25
dino,OSM Rawicz Jogurt typu greckiego 380 g,Jogurty,100,98,2.8,3.7,8,https://world.openfoodfacts.org/product/5904646000866,,3.1,7.2,0.09
dino,Animex Foods Berlinki Kurczak 250g,Kiełbasy i parówki,250,452,37.5,2.75,32.5,https://world.openfoodfacts.org/product/5901664003749,,1.75,9.75,5.9
dino,berlinki 250 g,Kiełbasy i parówki,250,562,32.5,7,45,https://world.openfoodfacts.org/product/5900567001746,,2.5,16.75,6.14
dino,Könecke Salami z pieprzem 160 g,Kiełbasy i parówki,160,638,36.8,3.2,52.8,https://world.openfoodfacts.org/product/5904277900566,,1.6,20.8,6.4
dino,Bracia Koral Lody śmietankowe z truskawkami. 550 g (900 ml),Lody,100,204,2.4,26,10,https://world.openfoodfacts.org/product/5902121020750,,22,7.1,0.11
dino,Ideál Makaron bezjajeczny suszony 400 g,Makaron,100,358,11,74,1.2,https://world.openfoodfacts.org/product/8585002600073,,2.6,0.2,0.03
dino,Makaron Lubella Pióra nr 17 400 g,Makaron,100,351,13,70,1.4,https://world.openfoodfacts.org/product/5900049006375,3,4.2,0.4,0.03
dino,Maxpol Penne rurka skośna 800 g,Makaron,100,367,11,77,0.7,https://world.openfoodfacts.org/product/5908217001436,4,3.8,0.1,0
dino,Sorenti Makaron spaghetti nr 79 400 g,Makaron,100,358,15,70,1.6,https://world.openfoodfacts.org/product/5900354038221,3,3.8,0.6,0
dino,LacPol Masło ekstra Staropolskie. 200 g,Masło,200,1486,1.4,1.2,164,https://world.openfoodfacts.org/product/5902170002028,,0.6,110,0.02
dino,Lumiko Masło ekstra - osełka 300 g,Masło,100,753,0.7,0.7,83,https://world.openfoodfacts.org/product/5907616900326,,0.6,55,0
dino,Spółdzielnia Mleczarska w Gostyniu Masło Gostyńskie Ekstra 250 g,Masło,250,1882,1.75,1.75,207.5,https://world.openfoodfacts.org/product/5900691087203,,1.75,137.5,0.05
dino,OSM Łobżenica Mleko 2% 1 l,Mleko,100,49,3,4.7,2,https://world.openfoodfacts.org/product/5907529010051,,4.7,1.4,0.1
dino,Mroźny Ogród Zupa kalafiorowa 600 g,Mrożonki,100,37,2.13,4.8,0,https://world.openfoodfacts.org/product/2024000309381,3.13,2.4,0,0.07
dino,Mąka Tortowa Extra typ 405 Basia 1 kg,Mąka,100,341,10,71.7,1,https://world.openfoodfacts.org/product/5902020163213,,2.4,0.3,0
dino,Danone Napój jogurtowy o smaku truskawkowo-poziomkowym 290 g,Napoje,100,67,1.7,13.1,0.8,https://world.openfoodfacts.org/product/5900643032701,0.05,11.7,0.5,0.08
dino,Dino Polska SA Fire up Truskawka i Morela 500ml,Napoje,100,10,0,4,0,https://world.openfoodfacts.org/product/5901912620186,,3.8,0,0.11
dino,Fire up Energy drink 250 ml,Napoje,250,115,0,27.5,0,https://world.openfoodfacts.org/product/2000000530086,,27.5,0,0.4
dino,Frugo Ultra black 500 ml,Napoje,100,39,0.5,9.2,0.5,https://world.openfoodfacts.org/product/5900552053163,0,9.1,0.1,
dino,Jovi Kefir owoce leśne 350 g,Napoje,100,68,3.2,10.8,1.3,https://world.openfoodfacts.org/product/5903767008775,,10.5,0.8,0.13
dino,OSM Jarocin Kefir naturalny 1 l,Napoje,100,48,3.4,5,1.6,https://world.openfoodfacts.org/product/5907382002958,,2.7,1.2,0.17
dino,QUEENCY napój aloesowy z sokiem liczi i witaminą C 500 ml,Napoje,100,21,0.1,5,0,https://world.openfoodfacts.org/product/5902730872658,0.1,5,,0.02
dino,WK DZIK Energy Zero cukru i kalorii 500 ml grape,Napoje,100,4,0,0,0,https://world.openfoodfacts.org/product/5904988309672,0,0,0,0.2
dino,Inka Mleko owsiane 1 l,Napoje roślinne,100,56,0.7,7.7,2.4,https://world.openfoodfacts.org/product/5901154043163,0.3,3.2,0.2,0.08
dino,BakaLike Śliwki suszone bez pestek 200 g,Orzechy i bakalie,200,564,7,120,2.4,https://world.openfoodfacts.org/product/2044498582073,,40,0.4,0.06
dino,BakaLike Śliwki suszone bez pestek 500g,Orzechy i bakalie,100,282,3.5,60,1.2,https://world.openfoodfacts.org/product/2029165040797,,20,0.2,0.03
dino,Bakalland Pestki dyni 200 g,Orzechy i bakalie,200,1144,49,25.4,91.6,https://world.openfoodfacts.org/product/5900749022064,10.6,22.6,17,0.1
dino,Bakalland Siemię lniane 200 g,Orzechy i bakalie,200,1018,49,62.2,62,https://world.openfoodfacts.org/product/5900749020497,7.8,0.6,4.8,0.4
dino,Konpack Fasola Piękny Jaś karłowy 500 g,Orzechy i bakalie,100,315,21,46,1.6,https://world.openfoodfacts.org/product/5902346000162,,2.7,0.2,0.05
dino,Konpack Soczewica czerwona 500 g,Orzechy i bakalie,100,341,25,49,3,https://world.openfoodfacts.org/product/5902346010765,,1.1,0.5,0.01
dino,Konpack Soczewica zielona 500 g,Orzechy i bakalie,100,308,24,46,1.1,https://world.openfoodfacts.org/product/5902346010772,,1.2,0.2,0.03
dino,Kuchnia smaku Fasola Jaś piękny 500,Orzechy i bakalie,100,157,11,23,0.8,https://world.openfoodfacts.org/product/5901912624184,7.8,1.4,0.1,0.03
dino,Ajax Margaryna Palma 250 g,Pasty i dipy,250,1790,1.25,1.25,200,https://world.openfoodfacts.org/product/5902020595106,,1.25,45,0.75
dino,Bielmar Śniadaniowa klasyczna 450 g,Pasty i dipy,100,541,0.1,0.1,60,https://world.openfoodfacts.org/product/5900229000681,,0.1,16,0.24
dino,Delma Premium z masłem 450 g,Pasty i dipy,100,352,0.5,1.5,39,https://world.openfoodfacts.org/product/8712100755545,,0.5,13,0.47
dino,Wojna Chrzan tarty 160 g,Pasty i dipy,160,203,3.36,15.2,12.96,https://world.openfoodfacts.org/product/5902098642009,,10.4,1.6,1.76
dino,Piekarnia &quot;Pod Rogalem&quot; Chleb Baltonowski krojony 500 g,Pieczywo pakowane,100,322,7.2,68.01,0.96,https://world.openfoodfacts.org/product/5904341989060,,0.8,0,1.19
dino,Piekarnia Jesse Chleb słonecznikowy krojony 0.45 kg,Pieczywo pakowane,100,291,7.8,52,4.4,https://world.openfoodfacts.org/product/5904276030110,6,2.3,0.5,1.5
dino,Piekarnia Jesse Chleb wieloziarnisty ciemny 0.5 kg,Pieczywo pakowane,100,305,8.8,53,5.1,https://world.openfoodfacts.org/product/5904276030240,6.1,1.9,0.6,1.9
dino,Piekarnia Jesse Chleb Żytnio-Wiejski 700 g,Pieczywo pakowane,100,280,7,57,1.6,https://world.openfoodfacts.org/product/5904276030226,5.1,1,0.3,1.9
dino,Seth & Riley's Garage Euphoriq Bezalkoholowy napój piwny o smaku jagód i marakui 330 ml,Piwo,100,24,0,5.8,0,https://world.openfoodfacts.org/product/5900014005716,,4.9,0,0
dino,Dr. Oetker Pizza Giuseppe kebab 420 g,Pizza,100,233,7.5,28,9.8,https://world.openfoodfacts.org/product/5900437005577,1.6,3.7,3.3,1.1
dino,MaxTop Sławków Pizza głęboko mrożona z szynką i pieczarkami.,Pizza,100,240,8,34,8,https://world.openfoodfacts.org/product/5901537003142,,2.7,2.5,1.5
dino,Cacao Natura 200 g,Pozostałe,200,626,44,26,22,https://world.openfoodfacts.org/product/5900038007444,,2,13.6,0.16
dino,Emix Twój kubek kaszki smak syrop klonowy 48g,Pozostałe,48,43,1.01,8.16,0.53,https://world.openfoodfacts.org/product/5901858006662,0.77,2.64,0.24,0.05
dino,Rolewski Musztarda stołowa 175 g,Pozostałe,175,189,7.17,24.5,6.3,https://world.openfoodfacts.org/product/2096385671445,,17.5,0.35,3.33
dino,Sante Otręby owsiane 150 g,Pozostałe,150,638,25.5,99,10.5,https://world.openfoodfacts.org/product/5900617002945,22.5,2.25,1.95,0.01
dino,Konpack Płatki z ryżu brązowego 250 g,Płatki i musli,250,868,18.5,180,5.75,https://world.openfoodfacts.org/product/5902346010833,,1.25,1.25,0.55
dino,Lubella Carmel Trolki 500 g,Płatki i musli,100,392,9.2,78,3.9,https://world.openfoodfacts.org/product/5900049819425,3.9,20,0.6,0.91
dino,Dega Paprykarz Szczeciński 135g,Ryby,135,202,6.48,14.85,12.69,https://world.openfoodfacts.org/product/5901960048161,,5.13,1.62,1.75
dino,EvraFish Śledzie w sosie pomidorowym. 170 g,Ryby,170,165,20.4,7.99,5.61,https://world.openfoodfacts.org/product/5908241636413,,7.65,1.02,1.87
dino,Graal Tuńczyk kawałki w bulionie warzywnym.,Ryby,112,95,22.4,0,0.67,https://world.openfoodfacts.org/product/5903895630831,,0,0,0.85
dino,Graal Tuńczyk rozdrobniony w oleju roślinnym.,Ryby,130,290,16.9,0,24.7,https://world.openfoodfacts.org/product/5903895020038,,0,4.29,1.69
dino,Helcom Tuńczyk kawałki w sosie własnym.,Ryby,120,113,26.4,0,0.72,https://world.openfoodfacts.org/product/5907810102199,,0,0.6,1.8
dino,Mega ryba Filety z makreli w sosie pomidorowym. 170 g,Ryby,170,155,20.4,9.86,3.74,https://world.openfoodfacts.org/product/5903895080056,,9.18,0.51,1.61
dino,Mega ryba Filety śledziowe w sosie pomidorowym. 170 g,Ryby,170,250,15.81,9.86,16.32,https://world.openfoodfacts.org/product/5903895080148,,8.33,3.4,2.21
dino,OSM Łobżenica Twaróg śmietankowy 250 g,Sery,250,528,32.5,7,40,https://world.openfoodfacts.org/product/5907529030103,,7,25,0.15
dino,Hortex Sok jabłkowy 1 l,Soki,100,44,0.2,10.7,0,https://world.openfoodfacts.org/product/5900500031397,,10.3,0,0
dino,Tymbark 100% jablko 1 l,Soki,100,43,0,11,0,https://world.openfoodfacts.org/product/5900334005939,0,11,0,0
dino,Firma Roleski Mutarde 180 mL,Sosy,180,351,8.28,57.6,7.92,https://world.openfoodfacts.org/product/5901044016802,0,55.8,0.36,2.88
dino,Kotlin Ketchup pikantny 460 g,Sosy,100,94,1.46,20.73,0.39,https://world.openfoodfacts.org/product/5901307001323,,13.68,0.07,2
dino,Kotliński specjał Ketchup łagodny 460 g,Sosy,100,98,1.58,21.48,0.42,https://world.openfoodfacts.org/product/5901307001309,,14.3,0.08,1.9
dino,Moryń Chrzan nadwarciański 200 g,Sosy,200,172,3.4,34,2.2,https://world.openfoodfacts.org/product/5904061000687,,28,0.2,2
dino,Motyl Majonez stołowy 460 g,Sosy,100,659,0.8,3.4,71,https://world.openfoodfacts.org/product/5903188000099,,3,5.4,0.96
dino,Nestlé Majonez sałatkowy 300 ml,Sosy,100,593,1.1,4.6,63.4,https://world.openfoodfacts.org/product/7613036216012,0.1,3.4,5,0.88
dino,Nestlé Sos do makaronu serowo-pieczarkowy 29 g,Sosy,29,21,0.73,1.92,1.12,https://world.openfoodfacts.org/product/7613034193766,0.03,0.84,0.7,0.31
dino,Roleski Kuchnia Smaku Musztarda Sarepska XXL 335 g,Sosy,100,117,4.6,15,4.1,https://world.openfoodfacts.org/product/2058282485969,,11,0.2,1.8
dino,Roleski Musztarda delikatesowa staropolska 175 g (180 ml),Sosy,175,264,7.17,36.75,9.28,https://world.openfoodfacts.org/product/5901044007589,,29.75,0.35,2.98
dino,roleski Musztarda sarepska 275 g (247 ml),Sosy,100,141,4.6,16,5.9,https://world.openfoodfacts.org/product/5901044015171,,12,0.2,1.9
dino,Świdnicki Majonez 270 g (300 ml),Sosy,100,741,0.9,2.6,80.7,https://world.openfoodfacts.org/product/5901573001102,,2.5,7.2,0.8
dino,Konpack Groch łuskany połówki 500 g,Strączkowe,100,319,24,45,1.4,https://world.openfoodfacts.org/product/5902346000094,,0.8,0.2,0.08
dino,Bahlsen Florianki 171 g,Słodycze,171,864,13.51,106.02,42.75,https://world.openfoodfacts.org/product/5901414204518,,46.17,22.23,1.88
dino,Bakalland Ba! 5 owoców leśnych 40 g,Słodycze,40,163,1.88,29.6,3.8,https://world.openfoodfacts.org/product/5900749624954,1.64,8.8,2.64,0.04
dino,Cykoria Posypka o smaku owocowo-kakaowym 50 g,Słodycze,50,194,0.25,48,0.25,https://world.openfoodfacts.org/product/5900288005061,0.25,47.5,0.05,0.02
dino,Danopol Wafle przekładane nadzieniem o smaku krówkowym 300 g,Słodycze,100,541,3.3,63,21,https://world.openfoodfacts.org/product/5900238413526,,29,12.7,0.15
dino,DecoMorreno Czekolada do picia o obniżonej zawartości tłuszczu 200 g,Słodycze,200,712,19.2,124,9.2,https://world.openfoodfacts.org/product/5900910010777,,110,5.6,0.06
dino,E. Wedel Pralinki Peanut Butter 136 g,Słodycze,136,751,9.93,76.16,44.88,https://world.openfoodfacts.org/product/5901588058429,0.95,73.44,21.76,0.82
dino,E. Wedel WW 47 g,Słodycze,47,254,3.52,28.67,13.63,https://world.openfoodfacts.org/product/59042396,1.32,24.91,7.05,0.09
dino,E. Wedel WW gorzka czekolada 47 g,Słodycze,47,227,3.2,23.97,12.69,https://world.openfoodfacts.org/product/59076803,2.54,20.68,7.05,0.06
dino,Fritt Cukierek rozpuszczalny o smaku brzoskwiniowym 56 g (4 x 14 g),Słodycze,56,235,0.28,45.92,5.15,https://world.openfoodfacts.org/product/4000415578602,,27.44,2.8,0.04
dino,Fritt Cukierek rozpuszczalny o smaku czarnej porzeczki i jabłka 56 g (4 x 14 g),Słodycze,56,234,0.28,45.36,5.15,https://world.openfoodfacts.org/product/4000415579005,,27.44,2.8,0.04
dino,Fritt Cukierek rozpuszczalny o smaku jagodowym 56 g (4 x 14 g),Słodycze,56,233,0.28,45.36,5.15,https://world.openfoodfacts.org/product/4000415578800,,27.44,2.8,0.04
dino,Fritt Cukierek rozpuszczalny o smaku mango 56 g (4 x 14 g),Słodycze,56,235,0.28,45.92,5.1,https://world.openfoodfacts.org/product/4000415578701,,28,2.8,0.04
dino,Fritt Cukierek rozpuszczalny o smaku marakui z wiórkami kokosowymi 56 g (4 x 14 g),Słodycze,56,234,0.28,44.8,5.49,https://world.openfoodfacts.org/product/4000415579104,,27.44,3.14,0.04
dino,Fritt Cukierek rozpuszczalny o smaku truskawkowym i malinowym 56 g (4 x 14 g),Słodycze,56,233,0.28,45.36,5.15,https://world.openfoodfacts.org/product/4000415578909,,27.44,2.8,0.04
dino,Goplana Grzeski gofre 33 g,Słodycze,33,177,2.9,18.15,10.23,https://world.openfoodfacts.org/product/5900352013015,,9.24,4.62,0.14
dino,Goplana Mega Grześki 48 g,Słodycze,48,251,4.7,26.88,13.44,https://world.openfoodfacts.org/product/5900394007553,,17.76,8.16,0.15
dino,Góralki Kokosowe 50 g,Słodycze,50,281,3,25,18.5,https://world.openfoodfacts.org/product/8584004041426,2,16.5,13,0.1
dino,I.D.C. Holding Kruchy wafelek z kremowym nadzieniem (58%) mlecznym w polewie mleczno-kakaowej 30 g,Słodycze,30,165,2.1,15.3,10.5,https://world.openfoodfacts.org/product/8584004024207,0.9,11.1,7.5,0.09
dino,I.D.C. Holding Lusette smak czekoladowy 50 g,Słodycze,50,272,3.5,26,16.5,https://world.openfoodfacts.org/product/8584004031137,2.5,18.5,10.5,0.15
dino,I.D.C. Holding Lusette smak mleczny 50 g,Słodycze,50,282,4,24,18.5,https://world.openfoodfacts.org/product/8584004031151,1.5,17.5,12.5,0.15
dino,IDC Holding Nagie Góralki extra kakaowe 42 g,Słodycze,42,225,3.78,21.42,13.44,https://world.openfoodfacts.org/product/8584004010811,1.68,13.02,7.56,0.13
dino,Nestlé Kit Kat Bites 104 g,Słodycze,104,527,7.18,65.21,25.79,https://world.openfoodfacts.org/product/3800020418093,2.39,53.66,14.56,0.25
dino,Stema & Manless Chrupki kukurydziane w polewie deserowej 120 g,Słodycze,120,677,3.24,70.2,41.88,https://world.openfoodfacts.org/product/5902768794465,3.24,60,39.24,0.12
dino,Sultan Chalwa sezamowa 100 g,Słodycze,100,494,8.7,58.2,27.6,https://world.openfoodfacts.org/product/5906660133230,,47.5,3.9,0.15
dino,Sultan Chałwa sezamowa kakaowa 100 g,Słodycze,100,544,13.1,51.9,31.6,https://world.openfoodfacts.org/product/5906660133247,,24.7,6.2,0.37
dino,Złote Łany Olej rzepakowy 3 l,Tłuszcze i oleje,100,828,0,0,92,https://world.openfoodfacts.org/product/2000000552286,,0,6.4,0
dino,Greek Trade Pomidory suszone na słońcu z przyprawami 100 g,Warzywa i owoce,100,121,5.3,21,1.8,https://world.openfoodfacts.org/product/5902166707166,,7.8,0.3,6.5
grycan,Grycan Czekoladowe 1100 ml,Lody,100,248,4.9,28.2,12.3,https://world.openfoodfacts.org/product/5907439112029,,25.2,7.6,0.15
grycan,Grycan Lody bakaliowe 300 g (500 ml),Lody,100,273,4.8,29.3,14.9,https://world.openfoodfacts.org/product/5907439112012,1,24.2,8.9,0.16
grycan,Grycan Lody bakaliowe 620 g,Lody,100,270,4.7,28.7,14.9,https://world.openfoodfacts.org/product/5907439112005,1.1,26.1,8.9,0.18
grycan,Grycan Lody Caffe Latte 500 ml,Lody,100,257,4.6,25.2,15.2,https://world.openfoodfacts.org/product/5907439112197,0.7,22.4,9.6,0.16
grycan,Grycan Lody Czekoladowe (Vegan),Lody,100,244,2.7,31.9,14,https://world.openfoodfacts.org/product/5901122802037,3.8,5.1,9.7,0.07
grycan,Grycan Lody czekoladowe vegan,Lody,100,244,2.7,31.9,14,https://world.openfoodfacts.org/product/5901122801870,3.8,5.1,9.7,0.07
grycan,Grycan Lody kokosowe z mleczną czekoladą i sosem mleczną czekolada,Lody,100,304,4.3,29.4,18.6,https://world.openfoodfacts.org/product/5901122803041,0.6,24.9,12.7,0.18
grycan,Grycan Lody truskawkowe 300 g (500 ml),Lody,100,228,3.6,26,11.9,https://world.openfoodfacts.org/product/5907439112074,0.7,23.2,7.5,0.12
grycan,Grycan Lody truskawkowe 620 g,Lody,100,231,3.6,26.3,12.1,https://world.openfoodfacts.org/product/5907439112067,0.7,23.2,7.7,0.13
grycan,Grycan Lody truskawkowe vegan,Lody,100,206,1.3,25.3,13.2,https://world.openfoodfacts.org/product/5901122800910,2.4,4.8,10.3,0.08
grycan,Grycan Lody waniliowe 620 g,Lody,100,261,4.5,26.1,15.3,https://world.openfoodfacts.org/product/5907439112043,0.3,23.2,9.8,0.16
grycan,grycan lody waniliowe z sosem czekoladowe,Lody,100,266,4.1,30.6,14,https://world.openfoodfacts.org/product/5901122802198,0.3,21.8,,0.18
grycan,Grycan Lody śmietankowe 300 g (500 ml),Lody,100,262,4.6,25.8,15.5,https://world.openfoodfacts.org/product/5907439112135,0.3,22.9,9.8,0.17
grycan,Grycan Lody śmietankowe 620 g,Lody,100,262,4.6,25.8,15.5,https://world.openfoodfacts.org/product/5907439112128,0.3,22.9,9.8,0.17
grycan,Grycan Lody Śmietankowe Z Białą Czekoladą I Sosem Mango Marakuja,Lody,100,267,3.8,29.3,14.8,https://world.openfoodfacts.org/product/5901122802440,0.6,25.1,9.6,0.16
grycan,Grycan Lody Śmietankowe Z Białą Czekoladą I Sosem Mango-Marakuja,Lody,100,266,3.7,28.9,14.9,https://world.openfoodfacts.org/product/5901122802518,0.6,24.9,9.8,0.16
grycan,Grycan Lody Śmietankowe Z Sosem Karmelowym,Lody,100,272,4.4,29.7,15,https://world.openfoodfacts.org/product/5901122802174,0.3,24.7,9.6,0.2
grycan,Grycan Malaga z dostatkiem rodzynek 1100 ml,Lody,100,261,4.2,29.2,13.9,https://world.openfoodfacts.org/product/5907439112081,0.9,25.5,8.8,0.15
grycan,Grycan Smetankowe Lody Z Czekolada I Sosem Wisniowym,Lody,100,265,3.9,30.5,13.7,https://world.openfoodfacts.org/product/5901122802044,2.5,26.8,,0.16
grycan,Grycan Sorbet Malina Banan Pomarańcza,Lody,100,128,0.6,29.4,0.2,https://world.openfoodfacts.org/product/5901122801825,2.4,26.9,0,0
grycan,Grycan Sorbet Mango Marakuja,Lody,100,129,0.5,29.6,0.1,https://world.openfoodfacts.org/product/5901122802259,3.8,26.3,,
grycan,Grycan Borówkowe,Pozostałe,100,237,3.6,28.4,11.8,https://world.openfoodfacts.org/product/5901122801856,0.8,25.4,7.5,3.54
grycan,Grycan Słony Karmel,Pozostałe,100,263,3.3,33.3,12.8,https://world.openfoodfacts.org/product/5901122801580,,29.3,8.1,0.52
grycan,grycan waniliowe,Pozostałe,100,261,4.5,26.1,15.3,https://world.openfoodfacts.org/product/5907542665856,0.3,23.2,9.8,0.19
grycan,Grycan Śmietankowe z pistacjami,Pozostałe,100,261,3.8,29.6,14,https://world.openfoodfacts.org/product/5901122802495,,23.6,9,
kaufland,K-Classic Crispy Sourcream & Onion Stacked Chips 100g,Chipsy i przekąski,100,510,4.2,61,27,https://world.openfoodfacts.org/product/4337185624377,3.1,2.8,2.9,0.98
kaufland,K-Classic Geriffelte Chips Salz light 150g,Chipsy i przekąski,150,712,9.75,87,34.5,https://world.openfoodfacts.org/product/4063367149054,7.8,0.75,2.55,2.25
kaufland,Kaufland Frytki z batatów z piekarnika 500g,Chipsy i przekąski,100,224,2.9,31,8.9,https://world.openfoodfacts.org/product/4337185843846,4.3,12,1,0.79
kaufland,Kaufland Tortilla chips 150 g,Chipsy i przekąski,150,723,11.7,90,33,https://world.openfoodfacts.org/product/4063367147470,9,0.9,3.15,1.05
kaufland,Lorenz Crunchips NACHOS Barbecue,Chipsy i przekąski,100,474,7.8,60,21,https://world.openfoodfacts.org/product/5905187121683,5.9,2.6,2,1.3
kaufland,Lorenz Crunchips NACHOS Chili,Chipsy i przekąski,100,475,7.9,59,22,https://world.openfoodfacts.org/product/5905187121676,5.8,1.9,2.2,1.4
kaufland,Popcrop Piramidki proteinowe pomidor i bazylia 60 g,Chipsy i przekąski,60,259,19.2,25.26,9.18,https://world.openfoodfacts.org/product/5907652545543,2.76,2.28,1.08,0.54
kaufland,Przysnacki Chrupki o smaku zielona cebulka 150 g,Chipsy i przekąski,150,718,10.05,103.5,28.5,https://world.openfoodfacts.org/product/5900073020293,4.05,5.55,2.25,2.25
kaufland,Delecta Cukier ze skórką pomarańczową 15 g,Cukier,15,53,0.2,12.9,0.03,https://world.openfoodfacts.org/product/5900983023438,,12.9,0,0
kaufland,K-Bio Organic Syrop klonowy 250 ml,Cukier,250,912,0,227.5,1.25,https://world.openfoodfacts.org/product/4011316013321,,197.5,0.25,0.1
kaufland,Kotanyi Cukier z prawdziwą wanilią Bourbon 10 g,Cukier,10,40,0.01,9.8,0.01,https://world.openfoodfacts.org/product/5901032034368,,9.7,0,0
kaufland,K-To Go Sałatka z Makaronem i Kurczakiem 255 g,Dania gotowe,100,136,6.9,7.9,8.3,https://world.openfoodfacts.org/product/4047905018941,0.9,2.2,1.9,0.56
kaufland,Karczma Bukówka Pierogi z kapustą i grzybami 500 g,Dania gotowe,100,154,4.6,25,3,https://world.openfoodfacts.org/product/5903111176303,3.8,0.8,0.4,1
kaufland,Kaufland Pierogi z kapustą i grzybami 400g,Dania gotowe,100,175,4.6,29,4.1,https://world.openfoodfacts.org/product/4047902006255,1.7,0.5,0.4,1.2
kaufland,Kaufland Pierogi z serem i jagodami,Dania gotowe,100,190,8.1,29,4.1,https://world.openfoodfacts.org/product/4047902006262,2.5,7,1.3,0.35
kaufland,Tarczyński Rośl-inne Kabanosy Piri-Piri 90g,Dania gotowe,90,360,19.8,16.2,22.5,https://world.openfoodfacts.org/product/5908230529894,6.75,3.33,9,2.25
kaufland,U Jedrusia Placki Ziemniaczane z gulaszem wieprzowym po węgiersku,Dania gotowe,100,142,5.6,14,6.5,https://world.openfoodfacts.org/product/5901398082874,2.5,3.1,0.7,1.18
kaufland,alpro Skyr waniliowy 400 g,Desery,100,77,5.1,6.8,2.9,https://world.openfoodfacts.org/product/5411188128601,1.1,6.5,0.5,0.24
kaufland,Bakoma Bakuś Deser Mleczny 240 g,Desery,240,391,6.96,36.24,24,https://world.openfoodfacts.org/product/59074861,,28.8,16.8,0.36
kaufland,Dr. Oetker Sos Wiśniowy 200 g,Desery,200,536,0.6,132.6,0.2,https://world.openfoodfacts.org/product/5900437002606,,109,0,0.04
kaufland,K-Classic Ananas plastry 560 g,Desery,100,69,0.5,15,0.5,https://world.openfoodfacts.org/product/4335896743127,1,15,0.1,0.08
kaufland,"Müller Riso Vegan, czekoladowe 160 g",Desery,160,178,1.92,27.04,6.72,https://world.openfoodfacts.org/product/42419075,,13.92,6.24,0.27
kaufland,Herbapol Dżem z Czarnych Porzeczek,Dżemy i kremy,100,141,0.5,33,0.5,https://world.openfoodfacts.org/product/5900956201054,,30,,0.01
kaufland,Przekąski persymona-pomarańcza Bob Snail (Ślimak Bob) 6 x 10 g,Dżemy i kremy,60,216,2.34,46.2,0.54,https://world.openfoodfacts.org/product/4820219343202,10.8,34.2,0,0
kaufland,Pszczelarz kozacki Miód nektarowy wielokwiatowy 1.3kg,Dżemy i kremy,100,321,0.3,80,0,https://world.openfoodfacts.org/product/5907675800056,0,74,0,0
kaufland,Sir Adalbert's tea Herbata czarna earl grey liściasta 100 g,Herbata,100,0,0.01,0.01,0,https://world.openfoodfacts.org/product/4792331001226,0.01,0.01,0.01,0.01
kaufland,Kaufland Świeże jaja z chowu na wolnym wybiegu 10 x 60 g,Jaja,100,143,12.56,0.72,9.51,https://world.openfoodfacts.org/product/4047905909713,0,0,0,0.35
kaufland,Bakoma Skyr naturalny 150 g,Jogurty,150,120,11.25,12,3,https://world.openfoodfacts.org/product/5900197031755,0,12,2.1,0.2
kaufland,Danone danonino 6 iaurturi,Jogurty,100,92,6.3,11,2.5,https://world.openfoodfacts.org/product/5941209014588,0.2,10.3,1.6,0.09
kaufland,Jovi Jogurt typu greckiego 360 g,Jogurty,100,91,4.1,5.1,6,https://world.openfoodfacts.org/product/5903767009147,,5.1,3.6,0.15
kaufland,K-Classic Jogurt naturalny 400 g,Jogurty,100,40,4,6,0,https://world.openfoodfacts.org/product/4047905005163,0,5,0,0.04
kaufland,K-Classic Napój jogurtowy o smaku truskawkowym.,Jogurty,100,66,3,11,0.9,https://world.openfoodfacts.org/product/4337185731983,1,10,0.5,0.1
kaufland,Mlekovita SBA Jogurt pitny bez laktozy mango-banan 250 g,Jogurty,250,142,5.75,24.5,2,https://world.openfoodfacts.org/product/0986511986661,2,22.75,1.25,0.25
kaufland,Piatnica Skyr Naturalny 150 g,Jogurty,150,96,18,6.15,0,https://world.openfoodfacts.org/product/5900531004544,0,6.15,0,0.15
kaufland,Piątnica Skyr jogurt typu islandzkiego 450 g,Jogurty,100,64,12,4.1,0,https://world.openfoodfacts.org/product/5900531004735,,4.1,0,0.17
kaufland,Zott Skyr Primo Naturalny 150 g,Jogurty,150,94,18,4.8,0,https://world.openfoodfacts.org/product/5906040064444,,4.8,0,1.35
kaufland,Bell Salami Z Pistacjami,Kiełbasy i parówki,100,423,21,3.3,36,https://world.openfoodfacts.org/product/5903263804109,,,,
kaufland,Kaufland Parówki z szynki 250g,Kiełbasy i parówki,250,692,35,3,60,https://world.openfoodfacts.org/product/4047905904039,,2.5,24,5
kaufland,Tarczyński Gryzzale kabanoski z kurczaka z indykiem 90g,Kiełbasy i parówki,90,285,21.6,5.22,18.9,https://world.openfoodfacts.org/product/00832519,,1.53,5.76,2.07
kaufland,Tarczyński Kiełbasa Krakowska sucha 330 g,Kiełbasy i parówki,100,164,24,1.1,6.9,https://world.openfoodfacts.org/product/11128380,0,1,1.8,3.1
kaufland,Dawtona Koncentrat pomidorowy 80 g,Konserwy,80,85,3.44,15.2,0.4,https://world.openfoodfacts.org/product/5901713001245,3.12,12.8,0.08,0.04
kaufland,Dawtona Kukurydza gold 340g,Konserwy,100,77,2.9,11,1.8,https://world.openfoodfacts.org/product/5901713001658,2.8,5.2,0.4,0.44
kaufland,Dawtona Kukurydza słodka 400g,Konserwy,100,126,2.9,24,1.2,https://world.openfoodfacts.org/product/5901713001795,3.9,2.2,0.2,0.68
kaufland,K Favourites Kalamata olives 290 g,Konserwy,100,271,2.1,1.8,28,https://world.openfoodfacts.org/product/5202429000950,2.9,,3.2,3
kaufland,K-Classic Spanish Olives 330 g,Konserwy,100,144,0.9,0,15,https://world.openfoodfacts.org/product/4337185538568,2.8,0,2,3
kaufland,Kaufland Groszek z marchewką,Konserwy,100,46,3,5.1,0.6,https://world.openfoodfacts.org/product/4337185503412,4.2,0.5,0.3,0.6
kaufland,Kaufland Mini kolby kukurydzy w zalewie słodko-kwaśnej 190 g,Konserwy,190,74,3.04,12.54,0.95,https://world.openfoodfacts.org/product/4337185445859,3.61,9.69,0.19,0.95
kaufland,Provitus Marchewka zasmażana z groszkiem 480g,Konserwy,100,98,1.6,12.3,4,https://world.openfoodfacts.org/product/5900580002706,3.4,7.9,0.28,1.2
kaufland,Pudliszki Pomidory krojone z oliwą z oliwek i czosnkiem 390 g,Konserwy,100,48,1.3,5.9,1.9,https://world.openfoodfacts.org/product/5900783005962,,5.9,0.3,
kaufland,Gotszlik Rożek Dolce Giacomo 135 g,Lody,135,525,9.31,98.55,9.59,https://world.openfoodfacts.org/product/5902729241199,9.31,39.15,6.34,0.58
kaufland,Gourmet Girane Sübe Eishörnchen 150 g,Lody,150,570,9.15,113.4,7.95,https://world.openfoodfacts.org/product/5905331051002,,42,2.55,0.34
kaufland,Kaufland Veganes Stieleis Mandel 3 x 90 ml,Lody,100,341,2.8,32,22,https://world.openfoodfacts.org/product/4008211003571,2,24,14,0.04
kaufland,De Care Makaron ramen 200 g,Makaron,200,302,10.8,58,2,https://world.openfoodfacts.org/product/5902898827095,,0,0.4,0.28
kaufland,House of Asia Pasta miso 75 g,Makaron,75,87,5.47,8.25,3.08,https://world.openfoodfacts.org/product/5908219994170,,4.8,0.45,9.82
kaufland,K-Classic LINGUINE al bronzo 500g,Makaron,100,351,13.5,71,1,https://world.openfoodfacts.org/product/4337185689840,3,4,0.3,0.02
kaufland,K-Classic Spaghetti 500 g,Makaron,100,358,12,73,1.5,https://world.openfoodfacts.org/product/4337185637346,2.3,1.6,0.3,0.02
kaufland,Makarony Polskie Spaghetti 400 g,Makaron,100,358,12,73,1.4,https://world.openfoodfacts.org/product/5906940003000,,5.2,0.4,0.01
kaufland,Novelle Makaron z soczewicy czerwonej 250g,Makaron,250,850,60,135,4.25,https://world.openfoodfacts.org/product/5906940001945,15.5,11.5,1,0.01
kaufland,Novelle Makaron z zielonego groszku 250g,Makaron,250,858,57.5,135,4.5,https://world.openfoodfacts.org/product/5906940001969,27.5,16.25,1,0.01
kaufland,Kerrygold Tradycyjne masło irlandzkie 200 g,Masło,200,1496,1.4,1.4,165,https://world.openfoodfacts.org/product/4001954160266,,1.4,112,0.04
kaufland,Lurpak Premium miks lekko solony 200 g,Masło,200,1358,1,1.2,150,https://world.openfoodfacts.org/product/5740900401303,,1.2,70,1.8
kaufland,Dolina Dobra Soczysta Szynka 100% Mięsa 100 g,Mięso,100,110,22,0,2.3,https://world.openfoodfacts.org/product/5908226814874,,0,0.9,1.9
kaufland,Sokołów Danie tatarskie 250 g,Mięso,250,318,45,1.25,13.75,https://world.openfoodfacts.org/product/5900562480508,,1.25,6.25,6
kaufland,Kaufland Classic Świeże Mleko 2% 1L,Mleko,100,49,3,4.8,2,https://world.openfoodfacts.org/product/7047605008195,,4.8,1.2,0.1
kaufland,Hortex Warzywa na patelnię 450 g,Mrożonki,100,27,1.4,3.7,0.5,https://world.openfoodfacts.org/product/5900477000846,2.4,2.5,0.1,0.45
kaufland,Młyny Szczepanki Mąka pszenna typ 500 1 kg,Mąka,100,347,0,74,1.2,https://world.openfoodfacts.org/product/5907500500021,10,0.2,0.3,0
kaufland,coca cola zero kofeiny 500 ml,Napoje,100,0,0,0,0,https://world.openfoodfacts.org/product/5000112679670,,0,0,0.2
kaufland,Crazy Wolf Energy Drink 250 ml,Napoje,250,118,1.25,27.5,1.25,https://world.openfoodfacts.org/product/4063367354007,1.25,27.5,0.25,0.45
kaufland,Crazy Wolf Energy Drink sugar free 250 ml,Napoje,250,8,1.25,1.25,1.25,https://world.openfoodfacts.org/product/4063367354045,1.25,0.25,0.25,0.45
kaufland,Crazy Wolf sugar free 1 l,Napoje,100,3,0.5,0.5,0.5,https://world.openfoodfacts.org/product/4335896501741,0.5,0.5,0.1,0.16
kaufland,Crazy Wolf watermelon taste 250 ml,Napoje,250,118,1.25,27.5,1.25,https://world.openfoodfacts.org/product/4063367354304,1.25,27.5,0.25,0.03
kaufland,K-Classic High Protein Drink Kakao 350 g,Napoje,100,62,10,4.7,0.5,https://world.openfoodfacts.org/product/9019100694737,0.4,4.6,0.2,0.1
kaufland,Red Bull Zero 250 ml,Napoje,250,5,0,5,0,https://world.openfoodfacts.org/product/9002490287580,,0,0,0.05
kaufland,"Tymbark jabłko mięta 1,75L",Napoje,100,36,0,9,0,https://world.openfoodfacts.org/product/5900334004307,,9,0,0
kaufland,K-take it veggie Organic Oat drink Vanilla 1 l,Napoje roślinne,100,39,0.5,6.8,1.2,https://world.openfoodfacts.org/product/4337185667978,0.5,5.5,0.2,0.12
kaufland,Kaufland Take it Veggie Napój roślinny owsiany 1l,Napoje roślinne,100,39,0.4,6.2,1.3,https://world.openfoodfacts.org/product/4063367410369,,4.2,0.2,0.12
kaufland,take it veggie Napój owsiany UHT 1 l,Napoje roślinne,100,63,1.1,6.7,3.4,https://world.openfoodfacts.org/product/4063367282997,0.7,1.6,0.3,0.12
kaufland,K-Classic Aceto Balsamico di Modena I.G.P. 500 ml,Ocet,100,107,0.3,22,0,https://world.openfoodfacts.org/product/4337185668401,,19,0,0.02
kaufland,Bakalland Migdały w płatkach 150 g,Orzechy i bakalie,150,922,37.5,7.95,79.5,https://world.openfoodfacts.org/product/5900749025317,14.1,7.05,7.8,0.01
kaufland,Bakalland Morele 150 g,Orzechy i bakalie,150,460,5.1,103.5,0.3,https://world.openfoodfacts.org/product/5900749024211,12,63,0.15,0.01
kaufland,Bakalland Orzechy laskowe 100 g,Orzechy i bakalie,100,653,15,9,60,https://world.openfoodfacts.org/product/5900749020022,10,3.4,5.5,0.01
kaufland,Bakalland Orzechy laskowe prażone 90 g,Orzechy i bakalie,90,616,16.2,3.33,57.6,https://world.openfoodfacts.org/product/5900749000970,8.73,3.33,4.77,0.01
kaufland,CENOS Ryż biały długi 8 x 100 g,Orzechy i bakalie,100,341,7.4,77,0.25,https://world.openfoodfacts.org/product/5900977002159,1.5,0.25,0.1,0.01
kaufland,Dawtona Fasola czarna 200 g,Orzechy i bakalie,200,228,12.33,33.33,1.67,https://world.openfoodfacts.org/product/5901713013378,13.83,1.67,0,2
kaufland,Dawtona Fasola czarna konserwowa 240 g,Orzechy i bakalie,240,274,14.8,40,2,https://world.openfoodfacts.org/product/5901713010322,16.6,2,0,2.4
kaufland,Heinz Beanz barbecue 390g,Orzechy i bakalie,100,84,4.92,13.79,0.21,https://world.openfoodfacts.org/product/5900783009106,4,6.1,0.05,0.51
kaufland,K-Bio Organic Fasola czorwona 360g,Orzechy i bakalie,100,108,8,15,0.8,https://world.openfoodfacts.org/product/4063367186448,5.5,0.5,0.1,0.2
kaufland,K-Bio Organic Mandeln 200 g,Orzechy i bakalie,200,1234,50,8.8,106,https://world.openfoodfacts.org/product/4337185812255,22,8.2,9,0.02
kaufland,K-Classic Almonds roasted & salted 250g,Orzechy i bakalie,250,1608,60,40,135,https://world.openfoodfacts.org/product/4337185766015,,11.25,9,1.82
kaufland,K-Classic Soczewica czarna beluga 500 g,Orzechy i bakalie,100,327,23,52,0.6,https://world.openfoodfacts.org/product/8586019370485,11,2.4,0.3,0.02
kaufland,K-Favourites Orzechy macadamia w łupinkach 200 g,Orzechy i bakalie,200,1512,18,6.8,154,https://world.openfoodfacts.org/product/4337185276453,15.6,6.8,24,0.79
kaufland,Kaufland Classic Californian walnuts 200g,Orzechy i bakalie,200,1358,28,22,126,https://world.openfoodfacts.org/product/4337185671166,12.2,13.8,11.4,0
kaufland,Kaufland Kiełki fasoli mung 90 g,Orzechy i bakalie,90,16,1.71,1.71,0.45,https://world.openfoodfacts.org/product/4047902006750,0.9,1.71,0,0
kaufland,Kotliński Ogródek Ciecierzyca 400 g,Orzechy i bakalie,100,93,5.34,12.65,1.29,https://world.openfoodfacts.org/product/5901307004102,,0.65,0.17,1
kaufland,Kresto Słonecznik łuskany 100 g,Orzechy i bakalie,100,639,21,5.9,57,https://world.openfoodfacts.org/product/5902451024107,9.4,2.1,5.4,0.03
kaufland,Benecol Klasyczny 225 g,Pasty i dipy,225,734,0,6.08,78.75,https://world.openfoodfacts.org/product/5901549469622,,1.12,11.47,0.68
kaufland,Bielmar Margaryna Słoneczna 500 g,Pasty i dipy,100,721,0.1,0.2,80,https://world.openfoodfacts.org/product/5900229020429,,0.2,19.7,0
kaufland,Bielmar Śniadaniowa energy 400 g,Pasty i dipy,100,540,0,0,60,https://world.openfoodfacts.org/product/5900229000728,,0,15,0.24
kaufland,Flora Omega 3 & 6 light 400 g,Pasty i dipy,100,269,0.5,0,30,https://world.openfoodfacts.org/product/8719200013582,,0,6.1,0.42
kaufland,Flora Original 400 g,Pasty i dipy,100,398,0.5,0.5,45,https://world.openfoodfacts.org/product/8719200013551,,0.5,9.1,0.5
kaufland,House of Asia Pasta miso jasna 120 g,Pasty i dipy,120,220,12,26.4,6,https://world.openfoodfacts.org/product/5904358553513,6.24,5.4,0,13.8
kaufland,House of Asia Tom Yum pasta 113,Pasty i dipy,100,278,3.7,36,12,https://world.openfoodfacts.org/product/5902898825114,,15,11,25.5
kaufland,Primavika Smalczyk wegetariański 160 g,Pasty i dipy,160,755,3.68,6.88,78.4,https://world.openfoodfacts.org/product/5900672302325,2.08,5.28,28.8,2.08
kaufland,Wege Siostry Toczony z nerkowców z kozieradką i suszonymi grzybami 150 g,Pasty i dipy,150,654,12.6,7.65,62.4,https://world.openfoodfacts.org/product/5900779395053,5.1,0.75,36.3,1.2
kaufland,Dakri Bułki &quot;U&quot; 8 x 45 g,Pieczywo pakowane,100,339,9.6,60,6.3,https://world.openfoodfacts.org/product/5901688800126,,5.7,4.4,1.5
kaufland,Familijna Chleb Wiejski 600 g,Pieczywo pakowane,100,242,7.1,49,1.3,https://world.openfoodfacts.org/product/5902991100101,3,0.8,0.3,1.5
kaufland,Familijna Chleb żytni 100% bez drożdży 480 g,Pieczywo pakowane,100,247,4.9,46,3.7,https://world.openfoodfacts.org/product/5902991102440,4.9,1.7,0.5,0.75
kaufland,K-Classic Tortilla – placki pszenne 370 g,Pieczywo pakowane,100,283,9.5,40,7.2,https://world.openfoodfacts.org/product/4337185855580,11,3.4,1.6,1.4
kaufland,Vital Bułki śniadaniowe 6 x 50 g,Pieczywo pakowane,100,260,9.7,51,1.4,https://world.openfoodfacts.org/product/5906395431021,3.2,1.1,0.4,1.4
kaufland,EATYX ZBILANSOWANY PEŁNOWARTOŚCIOWY POSIŁEK GOTOWY DO SPOŻYCIA WANILIA 500ML,Pozostałe,100,68,4.2,3.5,3.8,https://world.openfoodfacts.org/product/2000000150728,1.2,0.5,0.3,0.2
kaufland,Dobra Kaloria Burger Roślinny 170 g,Produkty roślinne,170,600,45.9,17,37.4,https://world.openfoodfacts.org/product/5903548004026,5.61,5.95,3.74,3.06
kaufland,FoodWell 100% Roślinny kurczak 150 g,Produkty roślinne,150,330,39,4.65,16.5,https://world.openfoodfacts.org/product/5905186300874,4.35,0.6,1.95,3.75
kaufland,FoodWell 100% Roślinny Tatar 150 g,Produkty roślinne,150,87,1.8,18,0.3,https://world.openfoodfacts.org/product/5905186300935,3.3,6.45,0.15,3.9
kaufland,I love vege Pasztet z soczewicą 180 g,Produkty roślinne,180,344,10.8,27,19.8,https://world.openfoodfacts.org/product/5900617029034,7.38,2.16,1.44,2.88
kaufland,K-take it veggie Organic tofu minced 200 g,Produkty roślinne,200,534,42,3,36,https://world.openfoodfacts.org/product/4335896750828,2,1.6,5.8,1.86
kaufland,K-take it veggie Vegane Knusprige Stäbchen 190 g,Produkty roślinne,190,374,23.75,23.75,18.43,https://world.openfoodfacts.org/product/4063367185168,8.93,0.76,1.71,2.66
kaufland,Linter Tofu wędzone 180 g,Produkty roślinne,180,263,27,3.42,15.3,https://world.openfoodfacts.org/product/8586017254749,1.8,0.9,2.34,1.62
kaufland,Lunter smalczyk roślinny z tofu z cebulką 150g,Produkty roślinne,150,430,12.15,8.7,37.5,https://world.openfoodfacts.org/product/8586001012720,4.5,0.75,2.7,1.65
kaufland,Roślinny Burger polskie buraki & kasza pęczak 170 g,Produkty roślinne,170,396,8.5,40.8,18.7,https://world.openfoodfacts.org/product/5903548004156,,,,
kaufland,Sante Kotlety sojowe á la schabowe 100g,Produkty roślinne,100,321,49,20,1.4,https://world.openfoodfacts.org/product/5900617000316,16,9.6,0.3,0.02
kaufland,Take it veggie Infinity burger 227 g,Produkty roślinne,227,434,34.05,8.17,27.24,https://world.openfoodfacts.org/product/4063367003639,7.26,2.95,11.35,2.95
kaufland,Tarczyński Rośl-inne Kabanosy 3 Ziarna 90 g,Produkty roślinne,90,374,18.9,15.3,26.1,https://world.openfoodfacts.org/product/5908230530753,6.21,7.74,6.48,2.25
kaufland,TMT VEGAN Wiórki 150 g,Produkty roślinne,150,406,0.75,30,31.5,https://world.openfoodfacts.org/product/5900486012359,,0.75,28.5,3.45
kaufland,Kucharek Przyprawa do potraw z obniżoną zawartością soli 400 g,Przyprawy,100,211,9.2,42,0.4,https://world.openfoodfacts.org/product/5901135046749,,17,0.09,43.8
kaufland,BioLife Płatki orkiszowe bio 300 g,Płatki i musli,100,338,11,63,2.7,https://world.openfoodfacts.org/product/5901785340334,,0.8,0.2,0
kaufland,K-Classic Fruit musli 1 kg,Płatki i musli,100,340,9,60,4.9,https://world.openfoodfacts.org/product/4337185506970,9.9,20,1.2,0.07
kaufland,Nestlé Chocapic - smak choco-orzechowy 450 g,Płatki i musli,100,419,8.1,72.6,9.5,https://world.openfoodfacts.org/product/5900020021472,5,26.1,2.8,0.22
kaufland,EvraFish Szprot w oleju roslinnym 170 g,Ryby,170,379,24.14,0,31.45,https://world.openfoodfacts.org/product/5908241636246,,,,
kaufland,K-Classic Filety Śledziowe w sosie koperkowym 300 g,Ryby,100,288,7.1,8.4,25,https://world.openfoodfacts.org/product/4337185254635,,8.2,2.7,1.9
kaufland,"K-Classic Pstrąg tęczowy, wędzony na zimno w plastrach 100 g",Ryby,100,157,20,0.5,8.6,https://world.openfoodfacts.org/product/4063367018657,,0.5,1.3,2
kaufland,Kaufland Łosoś atlantycki,Ryby,100,205,22,0.5,13,https://world.openfoodfacts.org/product/4063367167461,0,0.5,1.9,2.3
kaufland,Lisner Śledź atlantycki opiekamy,Ryby,100,206,12.8,9.3,13,https://world.openfoodfacts.org/product/5900344600520,,5.2,2.2,0.01
kaufland,Princes Tuńczyk Jednolity 120 g,Ryby,120,140,32.4,0,1.2,https://world.openfoodfacts.org/product/5016599010769,,0,0.6,0.96
kaufland,SuperFish Łosoś wędzony na zimno plastry 100 g,Ryby,100,175,19,0.1,11,https://world.openfoodfacts.org/product/5900335004733,0,0.1,1.5,3
kaufland,Kaufland Kasza gryczana prażona 4 x 100 g,Ryż i kasze,100,347,17,63,3.1,https://world.openfoodfacts.org/product/4047905903704,5.9,0.7,0.6,0.05
kaufland,Kupiec Wafle ryżowe ze słonecznikiem 90g,Ryż i kasze,90,342,7.2,68.4,3.6,https://world.openfoodfacts.org/product/5906747179571,7.2,7.2,,0.9
kaufland,"Sonko Wafle ryżowo-kukurydziane o smaku mango 4 x 17,5 g",Ryż i kasze,70,355,3.43,46.9,16.8,https://world.openfoodfacts.org/product/5902180940136,1.19,20.3,14,0.04
kaufland,Almette Serek twarogowy z ziołami 150 g,Sery,150,388,9.15,3.45,37.5,https://world.openfoodfacts.org/product/5902899143873,,3.45,25.5,1.19
kaufland,K-Classic Serek typu włoskiego 250g,Sery,250,635,27.5,9.25,55,https://world.openfoodfacts.org/product/4047902004053,,8,37.5,0.75
kaufland,k-Favourites Halloumi 225 g,Sery,225,713,45,6.75,56.25,https://world.openfoodfacts.org/product/5201301311214,,4.5,39.38,5.62
kaufland,Krasnystaw Halumi 200 g,Sery,200,614,40,1.2,50,https://world.openfoodfacts.org/product/5902057005128,,1.2,34,4.8
kaufland,Lactima Kremowy z szynką 100 g,Sery,100,301,7.4,7.1,27,https://world.openfoodfacts.org/product/5901126010704,,1.2,16,2.5
kaufland,Lactima Kremowy ze szczypiorkiem 100 g,Sery,100,295,10,2.9,27,https://world.openfoodfacts.org/product/5901126010858,,1.3,17,2.5
kaufland,"Milkeffekt Ser prażony, półtłusty 50 g",Sery,50,128,13.45,0.9,7.9,https://world.openfoodfacts.org/product/8594032990788,,0.25,4.7,1.8
kaufland,Mlekpol Ser Gouda 250 g,Sery,250,868,65,0,67.5,https://world.openfoodfacts.org/product/5900820003678,0,0,42.5,3.25
kaufland,Mlekpol Ser Gouda w plastrach 150 g,Sery,150,520,39,0,40.5,https://world.openfoodfacts.org/product/5900820005504,0,0,25.5,1.92
kaufland,OSM Rawicz Ser smażony 200 g,Sery,200,268,34,1.4,14,https://world.openfoodfacts.org/product/5904646000095,,1.4,11,3
kaufland,Piatnica Serek homogenizowany brzoskwiniowy 150 g,Sery,150,190,9.9,18,8.7,https://world.openfoodfacts.org/product/5900531011207,,18,5.85,0.15
kaufland,Polmlek Ser gouda 500 g,Sery,100,344,26,1.4,26,https://world.openfoodfacts.org/product/4047902003193,,0.5,18,1.5
kaufland,Serenada Ser żółty gouda 135 g,Sery,135,472,35.1,1.08,36.45,https://world.openfoodfacts.org/product/5900857009070,,0,24.3,1.62
kaufland,SM Jana Twaróg Sernikowy 500g,Sery,100,106,9,4,6,https://world.openfoodfacts.org/product/5902476000865,,4,4,0.1
kaufland,Spomlek Ser żółty Królewiecki Szwajcar 250 g,Sery,250,858,65,3.25,65,https://world.openfoodfacts.org/product/5900857007694,,0,45,2.5
kaufland,TMT Topiony z szynką 100 g,Sery,100,316,8.9,7.2,28,https://world.openfoodfacts.org/product/5900486540081,,3.3,14,2
kaufland,Andros Sok z wyciskanych ananasów 1L,Soki,100,47,0.4,11,0.1,https://world.openfoodfacts.org/product/3608580178323,0.3,11,0,0.02
kaufland,Hortex Sok 100% pomarańcza 2 l,Soki,100,45,0.6,10.6,0,https://world.openfoodfacts.org/product/5900500025594,,10.5,0,0
kaufland,Riviva Sok 100% multiwitamina 1l,Soki,100,45,0.5,11,0.5,https://world.openfoodfacts.org/product/5901886039427,,11,0.1,0.01
kaufland,Sady Wincenta bezpośredni sok pomarańczowy 3 litry,Soki,100,45,0.5,10.7,0.1,https://world.openfoodfacts.org/product/5906395223312,0.1,9.6,0.1,0.03
kaufland,Sady Wincenta Sok jabłkowy bezpośredni 100% tłoczony 5L,Soki,100,51,0.1,12.8,0.05,https://world.openfoodfacts.org/product/5906395223046,0.2,11.1,0.02,0.01
kaufland,Athos Tzatziki 400 g,Sosy,100,109,4.8,5.3,7.6,https://world.openfoodfacts.org/product/5202277000515,,3.3,0.83,0.22
kaufland,Dawtona Sos BBQ 560 g,Sosy,100,128,0,32,0,https://world.openfoodfacts.org/product/5901713012210,0,26,0,2.2
kaufland,Dawtona Sos Boloński z ziołami 550 g,Sosy,100,73,1,16,0.5,https://world.openfoodfacts.org/product/5901713003928,0.5,10,0.1,2
kaufland,Dawtona Sos do spaghetti pomidorowo-śmietankowy. 550 g,Sosy,100,57,1.1,8.6,1.9,https://world.openfoodfacts.org/product/5901713005441,0.5,4,0.6,1.3
kaufland,Dawtona Sos meksykański 550 g,Sosy,100,70,1.6,14,0.6,https://world.openfoodfacts.org/product/5901713003904,1.1,9.1,0.1,1.8
kaufland,Dawtona Sos Pomidorowy do Makaronu 550 g,Sosy,100,52,1.2,10,0.6,https://world.openfoodfacts.org/product/5901713009135,0.5,7.2,0.1,1.1
kaufland,Dawtona Sos Węgierski z Pieczarkami 550 g,Sosy,100,62,1.3,12,0.8,https://world.openfoodfacts.org/product/5901713004635,0.9,7.5,0.1,1.3
kaufland,Develey Musztarda Rosyjska 210 g,Sosy,210,269,11.97,13.65,15.12,https://world.openfoodfacts.org/product/5906425110476,,13.44,2.1,5.88
kaufland,Develey Musztarda sarepska 270g,Sosy,100,119,5.3,7.1,6.1,https://world.openfoodfacts.org/product/5906425113675,5.1,7,0.8,1.8
kaufland,Develey Musztarda Stołowa 210 g,Sosy,210,225,10.71,14.49,10.29,https://world.openfoodfacts.org/product/5906425110025,,14.28,1.47,4.83
kaufland,Hellmann's Sweet and sour flavoured sauce 250 ml,Sosy,250,298,2,67.5,1.25,https://world.openfoodfacts.org/product/8720182621665,,52.5,0.25,2.75
kaufland,K-Classic Ketchup Hot 500 ml,Sosy,100,106,2.3,21,0.7,https://world.openfoodfacts.org/product/4337185423635,,21,0.1,2.3
kaufland,K-take it veggie Hummus Classic 200 g,Sosy,200,512,14.8,15,40,https://world.openfoodfacts.org/product/4063367201967,16.4,1.4,4,2.4
kaufland,K-take it veggie Hummus Tomato 200 g,Sosy,200,472,14.8,20,34,https://world.openfoodfacts.org/product/4063367201882,13,8,3.6,2.8
kaufland,Kaufland Mayonnaise sauce 455 g,Sosy,100,737,0.7,3.2,80,https://world.openfoodfacts.org/product/4335896514963,,3,6.4,0.6
kaufland,Lavica Food hummus dynia & imbir 150 g,Sosy,150,282,7.2,14.7,20.25,https://world.openfoodfacts.org/product/5903240793884,9.6,2.55,1.2,2.1
kaufland,Lavica Food hummus kokos & curry 150g,Sosy,150,301,7.2,14.7,21.6,https://world.openfoodfacts.org/product/5903240793488,9.3,2.1,,1.8
kaufland,mammita Worcester 170 ml,Sosy,170,192,0.85,45.9,0.85,https://world.openfoodfacts.org/product/4335896533506,0,39.1,0.17,8.84
kaufland,Ole! Czosnek z ziołami w oleju 190 g,Sosy,190,391,3.8,67.07,11.4,https://world.openfoodfacts.org/product/5900664000345,2.28,2.66,0.95,2.28
kaufland,Roleski Ketchup Premium 465 g,Sosy,100,123,1.9,27,0.4,https://world.openfoodfacts.org/product/5901044022872,,25,0.09,2.3
kaufland,Roleski Ketchup premium jalapeño KETO 425 g,Sosy,100,41,2,6.3,0.5,https://world.openfoodfacts.org/product/5901044027556,,4.7,0.1,2.8
kaufland,Roleski Majonez,Sosy,100,488,1.6,4.4,52,https://world.openfoodfacts.org/product/5901044001396,,3,4,0.69
kaufland,Roleski Majonez wegański 285 ml,Sosy,100,270,0.5,9,26,https://world.openfoodfacts.org/product/5901044032833,,4.1,2.9,1.2
kaufland,Roleski Sos tysiąca wysp 315 g,Sosy,100,345,1.2,11,33,https://world.openfoodfacts.org/product/5901044020434,,9.3,4.9,1.6
kaufland,Społem Kielce Majonez Kielecki 170 ml,Sosy,170,1073,3.23,3.74,115.6,https://world.openfoodfacts.org/product/5900242000156,,3.23,9.01,1.7
kaufland,Dawtona Fasola czerwona 400g,Strączkowe,100,96,8.08,11.7,0.58,https://world.openfoodfacts.org/product/5901713001016,7.67,1,0,1
kaufland,Dawtona Fasola pinto 400 g,Strączkowe,100,106,5.58,16.67,0.83,https://world.openfoodfacts.org/product/5901713009081,4,0.83,0.17,1
kaufland,Jamar Fasola biała 400 g,Strączkowe,100,102,7.2,13,0.8,https://world.openfoodfacts.org/product/5906716201272,7.1,0.7,0.3,0.68
kaufland,Jamar Groszek zielony 240 g,Strączkowe,240,194,14.16,23.52,1.44,https://world.openfoodfacts.org/product/5906716200831,1.9,5.28,0.48,14.88
kaufland,Goplana Gorzka 1912 90 g,Słodycze,90,454,7.2,36,28.8,https://world.openfoodfacts.org/product/5900352004891,,32.4,17.1,0.02
kaufland,K-Classic Finest Dark Chocolate 100g,Słodycze,100,535,9.5,29,39,https://world.openfoodfacts.org/product/4337185867507,14,24,26,0.06
kaufland,K-Classic Jaffa cake minis Orange 150 g,Słodycze,150,580,5.4,97.5,18,https://world.openfoodfacts.org/product/0093702003325,3.6,72,10.2,0.36
kaufland,K-Classic Jaffa Cakes strawberry extra fruity 150 g,Słodycze,150,546,6.3,105,10.2,https://world.openfoodfacts.org/product/4337185723117,4.5,70.5,5.4,0.27
kaufland,K-Classic Marienna 40 g,Słodycze,40,204,2.76,24,10.4,https://world.openfoodfacts.org/product/4337185811715,1.4,15.08,6.2,0.17
kaufland,K-Classic Mini schoko kusse 266 g,Słodycze,100,416,3.7,66,15.1,https://world.openfoodfacts.org/product/4009176339545,1.5,52,9,0.2
kaufland,K-Classic Schokolade Zartbitter 100g,Słodycze,100,519,6.5,53,29,https://world.openfoodfacts.org/product/4337185524677,9.9,47,17,0.03
kaufland,K-Classic Wafelek z nadzieniem kakaowym (53%) z czekoladzie (27%). 40 g,Słodycze,40,210,2.4,22,12,https://world.openfoodfacts.org/product/4335896588285,,13.2,7.2,0.14
kaufland,Kaufland Babka marmurkowa 400 g,Słodycze,100,457,5.6,43,29,https://world.openfoodfacts.org/product/4047905902479,0.6,21,3.1,0.82
kaufland,Kaufland Babka o smaku cytrynowym 400 g,Słodycze,100,454,5,43,29,https://world.openfoodfacts.org/product/4047905902493,0.6,21,3.1,0.77
kaufland,Kaufland Classic Butter Biscuits - Dark Chocolate 125 g,Słodycze,125,636,8,71.25,33.75,https://world.openfoodfacts.org/product/4337185490811,7.62,45,21.25,0.62
kaufland,Kinder Bueno White 39 g,Słodycze,39,223,3.31,20.67,14,https://world.openfoodfacts.org/product/80761761,,17.12,6.55,0.13
kaufland,Kopernik Torun Serduszka Toruńskie w czekoladzie 150 g,Słodycze,150,540,7.8,102,10.05,https://world.openfoodfacts.org/product/5900056008447,,61.5,5.7,0.17
kaufland,Oskroba Placek drożdżowy,Słodycze,100,392,8.2,58,14,https://world.openfoodfacts.org/product/5900340000560,,15,1.7,0.27
kaufland,Storck Toffifee 125g,Słodycze,125,651,7.5,73.62,36.25,https://world.openfoodfacts.org/product/4014400400007,20,61,15.88,0.34
kaufland,Coosur Oliwa z oliwek najwyższej jakości z pierwszego tłoczenia 1 l,Tłuszcze i oleje,100,882,0,0,91.4,https://world.openfoodfacts.org/product/8410660053186,0,0,12.8,0
kaufland,EOL Polska Wielkopolski olej słonecznikowy rafinowany 1 L,Tłuszcze i oleje,100,900,0,0,100,https://world.openfoodfacts.org/product/5903264000357,0,0,11,0
kaufland,Intenson Olej kokosowy rafinowany 900 ml,Tłuszcze i oleje,100,833,0,0,93,https://world.openfoodfacts.org/product/5903240278794,0,0,84,0
kaufland,K-Classic Extra virgin olive oil,Tłuszcze i oleje,100,822,0,0,91,https://world.openfoodfacts.org/product/8410660073368,0,0,14,0
kaufland,K-Classic Rafinowany olej słonecznikowy 1 L,Tłuszcze i oleje,100,828,0,0,92,https://world.openfoodfacts.org/product/4337185575723,0,0,10,0
kaufland,Kaufland Olej Rzepakowy 1 l,Tłuszcze i oleje,100,828,0,0,92,https://world.openfoodfacts.org/product/5410556213406,,,,
kaufland,AVIT Szpinak 200 g,Warzywa i owoce,200,44,5.8,1.6,0,https://world.openfoodfacts.org/product/4047905930366,4.4,0,0,0.1
kaufland,Citronex Banany,Warzywa i owoce,100,95,1.2,23,0.4,https://world.openfoodfacts.org/product/177099904011882262,2.3,13,0,0
kaufland,Kaufland Borówka amerykańska 300g,Warzywa i owoce,100,57,0.7,14,0.3,https://world.openfoodfacts.org/product/4337185435720,3,10,0,0
kaufland,Kobos Truskawka polska Karima 250g,Warzywa i owoce,250,80,1.68,19.25,0.75,https://world.openfoodfacts.org/product/5904730262231,,12.5,0,0
kaufland,Kucharek Wloszczyzna suszona 100 g,Warzywa i owoce,100,323,8.3,57,1.7,https://world.openfoodfacts.org/product/5901135016018,,33,0.25,0.38
kaufland,Planton Creamo sour ŚmietaNOVA 18% 180 g,Warzywa i owoce,180,333,1.62,8.46,32.4,https://world.openfoodfacts.org/product/5901104004961,0.9,0.72,28.8,0.04
kaufland,Żywiec Zdrój z Nutą. Napój niegazowany o smaku truskawkowym. 1500 ml,Woda,100,19,0,4.6,0,https://world.openfoodfacts.org/product/5900541000376,0,4.6,0,0
kaufland,Dolina Dobra Mięso Mielone z Szynki Wieprzowej 400 g,Wędliny,100,145,20,0.2,7,https://world.openfoodfacts.org/product/5908226815154,0,0.2,4,0.2
kaufland,Duda Medalion Ze Szpinakiem I Serem,Wędliny,100,235,11,15,14,https://world.openfoodfacts.org/product/5900331205097,,1.4,4.1,1.38
kaufland,Kaufland Kindziuk 75 g,Wędliny,75,208,21,2.17,12.75,https://world.openfoodfacts.org/product/4047905922460,,0.75,5.85,2.85
kaufland,Morliny Szynka wieprzowa parzona 200 g,Wędliny,200,198,38,2.6,4,https://world.openfoodfacts.org/product/5902659899613,,2.2,1.6,4.4
kaufland,Pamapol Smarowidło ze złocistą cebulką 160 g,Wędliny,160,469,20.8,6.4,40,https://world.openfoodfacts.org/product/5907501018167,,1.12,13.28,2.08
kaufland,Sokołów Szynka Basiuni 140 g,Wędliny,140,127,23.8,2.1,2.66,https://world.openfoodfacts.org/product/5900562101793,,1.12,0.98,3.5
kaufland,KOWALEWSKI Gryczany Razowy Żurek Koncentrat 320 ml,Zupy,100,37,1.3,6.9,0.5,https://world.openfoodfacts.org/product/5900900002867,,0,0.1,1.5
kaufland,Pan Pomidor Zupa szczawiowa z ziemniakami 400 g,Zupy,100,21,0.7,3.2,0.5,https://world.openfoodfacts.org/product/5900907005625,1.2,1.8,0.1,0.97
kaufland,Jogurty Magda Sour Cream ŚmietaNOVA 200g,Śmietana,200,318,2,9.8,30,https://world.openfoodfacts.org/product/5901104004534,1,1,28,0
lidl,Christkindl Glühwein rot 1l,Alkohole,200,180,0,20,0,https://world.openfoodfacts.org/product/4304493261709#typowe,0,19,0,0
lidl,1001 Delights Bio Kulki jaglane z orzeszkami ziemnymi 120 g,Chipsy i przekąski,120,517.2,14.2,69,19.6,https://world.openfoodfacts.org/product/20754655,,1.8,2.4,1.06
lidl,Alesto Chipsy Jabłkowe,Chipsy i przekąski,100,348,17,74.7,1.6,https://world.openfoodfacts.org/product/4335619093805,14.1,69,0.3,0.02
lidl,Alesto Pestki dyni 200 g,Chipsy i przekąski,100,593,34.4,3.6,47.7,https://world.openfoodfacts.org/product/20707170,5.6,1.4,8.8,0.03
lidl,Duc de Coeur Chipsy ziemniaczane 200 g,Chipsy i przekąski,200,1080,12,101,68,https://world.openfoodfacts.org/product/20771126,,5,5.4,2.56
lidl,Duc de Coeur Chipsy ziemniaczane o smaku serowym,Chipsy i przekąski,100,548,5.7,53,34,https://world.openfoodfacts.org/product/4056489257813,,2.6,2.7,1.2
lidl,El Tequito Chipsy tortilla z niebieskiej kukurydzy 340 g,Chipsy i przekąski,340,1615,23.1,188.7,79.9,https://world.openfoodfacts.org/product/4056489459330,24.8,1.7,8.16,3.4
lidl,El Tequito Tortilla Rolls 125 g,Chipsy i przekąski,125,627.5,7.5,73.8,32.5,https://world.openfoodfacts.org/product/20211301,,3.75,3.25,2
lidl,Harvest Basket Frytki 1kg,Chipsy i przekąski,100,147,2.6,24,4,https://world.openfoodfacts.org/product/4056489224433,,1,0.5,0.08
lidl,Italiamo Cuscinelli Croccanti Sardi 200 g,Chipsy i przekąski,200,846,26,136,20,https://world.openfoodfacts.org/product/20469962,8,2.6,2.8,2.4
lidl,Lay's Zielona cebulka 160 g,Chipsy i przekąski,100,524,6.69,51,32,https://world.openfoodfacts.org/product/5900259128874,4.4,3,3.1,1.6
lidl,Lidl Precelki serduszka solone,Chipsy i przekąski,100,407,12,72,7,https://world.openfoodfacts.org/product/4056489917397,3.8,1.7,0.8,2.7
lidl,Lidl Wafle ryżowe,Chipsy i przekąski,100,384,10,73,4.9,https://world.openfoodfacts.org/product/4335619007918,,0.6,,0.32
lidl,Ocean sea Paluszki surimi 250 g,Chipsy i przekąski,250,250,20,35,2.5,https://world.openfoodfacts.org/product/4056489025115#typowe,0,10,0.5,4
lidl,POP CROP Piramidki Kukurydziane 80 g,Chipsy i przekąski,80,308,6.72,68,0.88,https://world.openfoodfacts.org/product/5904730218085,1.04,0.64,0.16,1.2
lidl,Pilos Piratki Paluszki Serowe,Chipsy i przekąski,100,277,29,2,17,https://world.openfoodfacts.org/product/5900512986203,,2,12,1.18
lidl,"SEN SOY Chipsy z nori kimchi 4,5 g",Chipsy i przekąski,100,585,22,25,44,https://world.openfoodfacts.org/product/8936181660424,,0,6.7,1.9
lidl,Snack Day Chipsy tortilla o smaku sera nacho 150 g,Chipsy i przekąski,150,718.5,12.6,88.5,33,https://world.openfoodfacts.org/product/4056489439813,8.7,2.7,6.9,1.48
lidl,Snack Day Chipsy tortilla solone 150 g,Chipsy i przekąski,150,721.5,11.7,89.4,33.3,https://world.openfoodfacts.org/product/4056489439790,,0.9,3.15,1.35
lidl,Snack Day Chipsy trójkolorowe solone 100 g,Chipsy i przekąski,100,484,7.5,56.6,24,https://world.openfoodfacts.org/product/4056489022848,6,3.4,2.8,1.1
lidl,Snack Day Chipsy wielozbożowe serowe,Chipsy i przekąski,100,508,7,55,27.6,https://world.openfoodfacts.org/product/4056489534457,,10.7,2.2,1.5
lidl,Snack Day Chipsy wielozbożowe smak pomidor z bazylią,Chipsy i przekąski,100,489,7.2,59.4,23.3,https://world.openfoodfacts.org/product/4056489534464,6.2,8,1.8,1.74
lidl,Snack Day Chipsy z soczewicy pomidor bazylia 40 g,Chipsy i przekąski,40,184.4,4.2,23.6,7.8,https://world.openfoodfacts.org/product/4056489304081,1.4,0.2,0.68,0.68
lidl,Snack Day Lidl Chipsy ziemniaczane solone 170 g netto,Chipsy i przekąski,170,921.4,9.35,83.3,59.5,https://world.openfoodfacts.org/product/4056489486459,,1.02,5.44,1.87
lidl,Snack Day Mega karbowane smak słodkie chilli 150 g,Chipsy i przekąski,150,786,8.4,76.5,48,https://world.openfoodfacts.org/product/4056489405115,6.9,6.15,4.5,1.65
lidl,Snack Day Smak ostre chilli karbowane 170 g,Chipsy i przekąski,170,918,9.35,82.5,59.5,https://world.openfoodfacts.org/product/4056489486428,,5.44,5.61,1.87
lidl,Snack Day Żyrafki pałeczki kukurydziane z kaszą gryczaną 60 g,Chipsy i przekąski,60,222,5.52,47.4,0.9,https://world.openfoodfacts.org/product/1468377357193,1.14,1.02,0.18,0
lidl,Snack day Chrupki o smaku ketchupu 125 g,Chipsy i przekąski,125,632.5,7.12,85,28.8,https://world.openfoodfacts.org/product/4056489262565,,7.25,2.12,2.38
lidl,Snack day Sweet chili taste Toritlla 150 g,Chipsy i przekąski,150,711,11.6,90.9,31.8,https://world.openfoodfacts.org/product/4056489439820,,3.6,3,1.52
lidl,Sondey Precle z masłem,Chipsy i przekąski,100,520,8.3,65,24.8,https://world.openfoodfacts.org/product/4056489584636,1.9,15.1,17,
lidl,Sunny Family Trips kukurydziane 110 g,Chipsy i przekąski,100,378,8.2,82.6,0.9,https://world.openfoodfacts.org/product/5902596484637,3.6,0.2,0.2,1.4
lidl,Tarczyński Chipsy miesne wieprzowr papryka 25 g,Chipsy i przekąski,25,104.5,16.8,0.75,3.75,https://world.openfoodfacts.org/product/5908230526749,,0.75,1.5,1.18
lidl,Tastino Bio Wafle kukurydziane z solą morską 100 g,Chipsy i przekąski,100,375,10,71,3.4,https://world.openfoodfacts.org/product/4056489060956,10,1.4,0.6,0.3
lidl,Tastino Bio Wafle ryżowe z solą morską 100 g,Chipsy i przekąski,100,381,7.4,79,3.1,https://world.openfoodfacts.org/product/4056489060949,3.9,1.2,0.7,0.23
lidl,Tastino Chipsy o smaku papryki barbecue 120 g,Chipsy i przekąski,120,494.4,8.88,90,10.2,https://world.openfoodfacts.org/product/4056489784043,3.48,3.96,0.96,1.92
lidl,Tastino Małe Wafle Kukurydziane O Smaku Pizzy 60g,Chipsy i przekąski,60,247.2,4.4,45,5,https://world.openfoodfacts.org/product/4056489814092,2,1.7,0.5,0.66
lidl,Vemondo Chrupki Jaglane Solone 150 g,Chipsy i przekąski,150,555,18,96,6.3,https://world.openfoodfacts.org/product/20756215,,1.05,0.15,0.98
lidl,Vemondo Chrupki jaglane Arachidowe 120 g,Chipsy i przekąski,120,556.8,14,77.5,17.2,https://world.openfoodfacts.org/product/20756239,,1.92,2.4,1.08
lidl,Wafle Dzik Kukurydziane - ser 120g,Chipsy i przekąski,100,376,9.08,79,2.2,https://world.openfoodfacts.org/product/5902176738938,0,1.3,0.3,2.66
lidl,Belbake Cukier biały 1 kg,Cukier,100,400,0,100,0,https://world.openfoodfacts.org/product/20624477,0,100,0,0
lidl,Lidl Cukier biały 1 kg,Cukier,100,400,0,100,0,https://world.openfoodfacts.org/product/4056489233282#typowe,0,100,0,0
lidl,Lidl Cukier żelujący 2:1 500 g,Cukier,100,390,0,97,0.2,https://world.openfoodfacts.org/product/20497279,,97,0.2,
lidl,33finefoods Pizza classica italiana 280 g,Dania gotowe,280,856.8,21.3,137.2,23.5,https://world.openfoodfacts.org/product/8007780000482,5.04,13.2,3.08,3.36
lidl,A na obiad... Lidl Zapiekanka z pieczarkami smażonymi i serem mozarella,Dania gotowe,100,219,10.9,29.1,6.2,https://world.openfoodfacts.org/product/20902216,,1.8,3,1.13
lidl,Chef Select Lasagne Bolognese 1 kg,Dania gotowe,100,171,7.6,13.5,9.3,https://world.openfoodfacts.org/product/20002589,,2.4,3.2,0.9
lidl,Chef Select Lasagne bolognese z wołowiną 400 g,Dania gotowe,400,596,12,51.2,30,https://world.openfoodfacts.org/product/4056489027355,,8,10.4,2.96
lidl,Chef Select Lidl Krokiety z pieczarkami i mozarellą,Dania gotowe,100,189,7.1,18.7,8.6,https://world.openfoodfacts.org/product/20902278,,2.6,1.2,1.15
lidl,Chef Select Naleśniki Z Serem,Dania gotowe,100,156,7.1,21.4,4.5,https://world.openfoodfacts.org/product/4056489921820,0.8,11,1.3,0
lidl,Chef Select Pancakes Z Sosem Malinowym,Dania gotowe,100,281,6.1,41.3,9.8,https://world.openfoodfacts.org/product/4335619034372,1.4,19,1.2,0
lidl,Chef Select To Go Lidl Sushi box hiru,Dania gotowe,100,149,5.3,23,3.4,https://world.openfoodfacts.org/product/20917234,,5.5,0.8,1.55
lidl,Chef Select Łazanki z kapustą i grzybami,Dania gotowe,100,115,2.6,12.6,5.4,https://world.openfoodfacts.org/product/4056489586746,2.9,1.8,0.4,1.2
lidl,Chef select Sałatka warzywna z jajkiem,Dania gotowe,100,208,2.8,7.7,17.9,https://world.openfoodfacts.org/product/4056489282457,2.8,3.3,1.3,1.3
lidl,"Dobra kaloria Roślinne kotlety mielone 2 sztuki, 200 g opakowanie",Dania gotowe,200,580,40,22,36,https://world.openfoodfacts.org/product/5903548004224,6.8,6,3.6,2.2
lidl,Farma świętokrzyska Bio bigos wegański 420 g,Dania gotowe,420,319.2,6.72,37,13.9,https://world.openfoodfacts.org/product/5902537540071,9.66,10.5,11.8,4.2
lidl,Heinz 5 rodzajów fasoli w sosie pomidorowym 415 g,Dania gotowe,415,361.1,22.4,56.4,0.83,https://world.openfoodfacts.org/product/5000157072023,17.8,19.5,0,2.49
lidl,Lidl Hot dog,Dania gotowe,100,280,9,52,3,https://world.openfoodfacts.org/product/5907752658709,3,10,1,
lidl,Lidl Mix sałat z rukolą 2 x 50 g,Dania gotowe,50,9,0.65,0.7,0.5,https://world.openfoodfacts.org/product/4056489281801,0.85,0.7,0.05,0.1
lidl,Lidl Naleśniki z serem i rodzynkami 400 g,Dania gotowe,400,656,38.4,84.4,16.8,https://world.openfoodfacts.org/product/20342142,,34.4,5.2,2.2
lidl,Lidl Wołowina po hiszpańsku,Dania gotowe,100,201,18,0.8,14,https://world.openfoodfacts.org/product/4056489575832,,0.5,5.5,1.48
lidl,Pikok Flaki po zamojsku,Dania gotowe,100,317,4.5,57,3.7,https://world.openfoodfacts.org/product/20062743,,40,1.1,0.04
lidl,Vemondo Wegetariańskie plastry z papryką 100 g,Dania gotowe,100,161,7.5,2.6,13,https://world.openfoodfacts.org/product/4056489535362,,1.1,1.7,1.9
lidl,Vifon Zupa błyskawiczna kurczak curry 70 g,Dania gotowe,70,42,0.77,5.39,1.89,https://world.openfoodfacts.org/product/5901882110069,,,0.7,
lidl,Amelia Waniliowy 3 składniki 150g,Desery,150,204,10.8,18.8,9.45,https://world.openfoodfacts.org/product/5900531011146,0,18.8,6.45,0.15
lidl,Belbake Słodka Przerwa kisiel owoce leśne 30 g,Desery,30,109.5,0,27,0,https://world.openfoodfacts.org/product/20497477#typowe,0,21,0,0
lidl,Day Up power 100g,Desery,100,78,1.5,17,0.5,https://world.openfoodfacts.org/product/8586019164008,3.6,15,0.1,0.03
lidl,Doppelt Deser mango z chia na mleczku kokosowym,Desery,100,99,1.7,9.3,5.6,https://world.openfoodfacts.org/product/5907596405323,,9,4.1,0.03
lidl,Envia Creme Brulee 200g,Desery,200,462,8.6,40.8,29.4,https://world.openfoodfacts.org/product/20281151,,38.6,17.2,0.22
lidl,Freshona Fruit to go 100 g,Desery,100,73,0.4,16.6,0.1,https://world.openfoodfacts.org/product/4056489019091,1.5,16.5,0.1,0.01
lidl,Lidl Kisiel owoce leśne,Desery,100,387,0,96.7,0,https://world.openfoodfacts.org/product/4056489785040,,56.7,,
lidl,Milbona High Protein Pudding z kaszy manny 200 g,Desery,200,158,16,16.6,3,https://world.openfoodfacts.org/product/4056489406563,,9,2,0.26
lidl,Milbona High Protein Twarożek malinowy 200 g,Desery,200,140,25,7.2,1,https://world.openfoodfacts.org/product/4056489216223,,6.4,0.8,0.28
lidl,Milsani High Protein Pudding czekoladowy 200 g,Desery,200,160,20,12.8,3.2,https://world.openfoodfacts.org/product/2002070000674,,9.6,1.4,0.2
lidl,Milsani deser z kaszy manny 175g,Desery,175,211.8,5.08,26.2,9.28,https://world.openfoodfacts.org/product/4061464862401,,19.2,6.12,0.16
lidl,Owolovo Truskawkowo Mus jabłkowo-truskawkowy 200 g,Desery,200,102,1,26,1,https://world.openfoodfacts.org/product/5901958612367,2.6,22,0.2,0.02
lidl,Pilos Crème de la Crème deser,Desery,100,162,2.2,11.7,12,https://world.openfoodfacts.org/product/4056489197072,,11,8,
lidl,Pilos Crème de la Crème jagoda & śmietana,Desery,100,155,2.1,11.2,11.5,https://world.openfoodfacts.org/product/4056489197089,,9.8,7.5,0.08
lidl,Pilos Deser Monteravy 6 x 60 g,Desery,60,85.2,1.8,8.52,4.8,https://world.openfoodfacts.org/product/20622473,,6.9,3.12,0.08
lidl,Pilos Pudding waniliowy 200 g,Desery,200,210,6,32,6,https://world.openfoodfacts.org/product/0041945600030#typowe,0,26,4,0.2
lidl,Pilos Ryż na mleku z 15% sosem czekoladowym. 200 g,Desery,100,129,3.1,22.3,2.9,https://world.openfoodfacts.org/product/20034467,,14.3,1.9,0.28
lidl,Pilos Skyr Vanilla 150 g,Desery,150,81,13.2,6.15,0.3,https://world.openfoodfacts.org/product/20881078,,,,
lidl,Pilos Twaróg Chudy 250g,Desery,250,240,50,8.75,0.5,https://world.openfoodfacts.org/product/20858087,,8.75,0.25,0.12
lidl,Belbake Cukier wanilinowy 16 g,Do wypieków,100,397,0,99.3,0,https://world.openfoodfacts.org/product/20270797,,99.3,0,0
lidl,Belbake Proszek do pieczenia,Do wypieków,100,150,0,37,0,https://world.openfoodfacts.org/product/20270803#typowe,0,0,0,0
lidl,Lidl Cukier Waniliowy,Do wypieków,100,394,0,99,0,https://world.openfoodfacts.org/product/28019961,,99,,0
lidl,Eridanous Tahini z kakao 350 g,Dżemy i kremy,100,587,17.7,34.3,40.4,https://world.openfoodfacts.org/product/20388874,,31.1,8.1,0
lidl,Lidl Strawberry jam 220g,Dżemy i kremy,220,233.2,1.54,55,1.1,https://world.openfoodfacts.org/product/4056489717904,3.96,55,0.22,0.02
lidl,Maribel - Lidl Dżem z czarnej porzeczki 400 g,Dżemy i kremy,100,230,0.5,56,0.2,https://world.openfoodfacts.org/product/4056489358466#typowe,1.2,54,0,0
lidl,Maribel dżem wiśniowy o obniżonej zawartości cukrów 220g,Dżemy i kremy,100,118,0.9,28,0.5,https://world.openfoodfacts.org/product/4056489717898,1,27,0.1,0.01
lidl,Mazurskie Miody Miód wielokwiatowy 900 g,Dżemy i kremy,100,319.2,0.3,79.5,0,https://world.openfoodfacts.org/product/5903034425762,,73.4,0,0
lidl,Mister Choc Masło orzechowe crunchy 450 g,Dżemy i kremy,100,603,26,13,48,https://world.openfoodfacts.org/product/4056489622246,,7.5,7.1,0.98
lidl,Mister Choc Masło orzechowe kremowe 450 g,Dżemy i kremy,100,603,26,13,48,https://world.openfoodfacts.org/product/4056489622239,7.4,7.5,7.1,1
lidl,Ovolovo Gruszka Mus owocowy 200g,Dżemy i kremy,200,104,1,24,0,https://world.openfoodfacts.org/product/5901958612565,3,16.6,0,0.02
lidl,Rapsodia Dżem,Dżemy i kremy,100,143,0.6,32,0.4,https://world.openfoodfacts.org/product/5900397007161,,32,0.1,0.1
lidl,Rapsodia Dżem 250 g,Dżemy i kremy,100,88,0.6,31,0.5,https://world.openfoodfacts.org/product/0099360526848,1,3,0,
lidl,Rapsodia Dżem brzoskwiniowy,Dżemy i kremy,100,146,0.6,35,0.1,https://world.openfoodfacts.org/product/5900397008601,,35,0.1,
lidl,Rapsodia Dżem czarna porzeczka 220 g,Dżemy i kremy,100,138,1.3,27,0.5,https://world.openfoodfacts.org/product/5906974015758,0,25,0.1,
lidl,Rapsodia Dżem truskawkowy 410 g,Dżemy i kremy,100,137,0,34,0,https://world.openfoodfacts.org/product/5901713009739,,34,0,
lidl,Rapsodia Dżem wiśniowy 220 g,Dżemy i kremy,100,150,0.9,33,0.5,https://world.openfoodfacts.org/product/5906974015734,,31,0.1,0.06
lidl,Rapsodia Dżem z czarnego bzu 410 g,Dżemy i kremy,100,149,1.3,35,0.5,https://world.openfoodfacts.org/product/5900397739185,,34,0.1,0.05
lidl,Rapsodia Jabłka prażone,Dżemy i kremy,100,61,0.5,14,0.5,https://world.openfoodfacts.org/product/5904194000738,1.4,12,0.1,0
lidl,Rapsodia Konfitura ekstra truskawkowa słodzona miodem,Dżemy i kremy,100,146,0.8,34,0.5,https://world.openfoodfacts.org/product/5906974017950,1.4,34,0.1,0.01
lidl,Rapsodia Konfitura ekstra wiśniowa słodzona miodem,Dżemy i kremy,100,149,0.8,34,0.5,https://world.openfoodfacts.org/product/5906974023647,0.9,30,0.1,
lidl,Rapsodia Konfitura extra brzoskwiniowa,Dżemy i kremy,100,146,0.7,34,0.5,https://world.openfoodfacts.org/product/5906974023616,0.7,30,0.1,0.05
lidl,Rapsodia Marmolada o smaku dzikiej róży 590 g,Dżemy i kremy,100,238,0.4,57,0.4,https://world.openfoodfacts.org/product/5903295003372,,55,0,0
lidl,Rapsodia Marmolada wielowocowa 590g,Dżemy i kremy,100,238,0.5,57,0.5,https://world.openfoodfacts.org/product/5903295002894,,47,0,0
lidl,Rapsodia Powidła węgierkowe 280 g,Dżemy i kremy,280,588,3.08,137.2,1.4,https://world.openfoodfacts.org/product/5900397735903,,137.2,0.28,0
lidl,Rapsodia Powidła węgierkowe 280g,Dżemy i kremy,280,599.2,3.08,140,0.56,https://world.openfoodfacts.org/product/5903295009893,,128.8,0.28,0
lidl,Rapsodia Produkt owocowy z brzoskwiń. 220 g,Dżemy i kremy,220,325.6,1.76,74.8,1.1,https://world.openfoodfacts.org/product/5906974015741,,68.2,0.22,0.13
lidl,Rapsodia dżem malinowy 410g,Dżemy i kremy,100,139,0.5,33,0.5,https://world.openfoodfacts.org/product/24397391,0,33,0.1,0
lidl,Wege Siostry Smarowaniec kremowy klasyczny 130 g,Dżemy i kremy,100,272,5,5.7,25,https://world.openfoodfacts.org/product/5900779395442,,0.2,15,0.8
lidl,Lipton Yellow Label granulowana 100g,Herbata,100,4,0.5,0,0,https://world.openfoodfacts.org/product/8718114822853,,0,0,0
lidl,Lord Nelson Bio Herbatka Owocowa 40g (napar),Herbata,250,2.5,0,0.5,0,https://world.openfoodfacts.org/product/4056489007159#typowe,0,0,0,0
lidl,"Lord Nelson Bio mięta organic 20 x 1,5 g (napar)",Herbata,250,2.5,0,0.5,0,https://world.openfoodfacts.org/product/4056489007135#typowe,0,0,0,0
lidl,Lord Nelson Herbata zielona z melisą i skórką cytryny (napar),Herbata,250,2.5,0,0.5,0,https://world.openfoodfacts.org/product/20498115#typowe,0,0,0,0
lidl,Aktów Jaja z wolnego wybiegu 10 szt.,Jaja,53,74.2,6.62,0.32,5.14,https://world.openfoodfacts.org/product/20061548#typowe,0,0.32,1.48,0.19
lidl,Złota Nioska Jaja świeże,Jaja,100,139,12.5,0.6,9.7,https://world.openfoodfacts.org/product/20325770,,0,3,0.4
lidl,Jogurt bananowy Pilos 350g,Jogurty,350,297.5,11.5,39.9,8.75,https://world.openfoodfacts.org/product/20799939,,38.9,5.95,0.39
lidl,Jovi Duet jogurt pitny Truskawka-Kiwi 350 g,Jogurty,100,56,1.7,10.5,0.8,https://world.openfoodfacts.org/product/5903767000687,,9.5,,
lidl,Kabako milk Jogurt owocowy 200 g,Jogurty,200,106,3.6,16.4,3,https://world.openfoodfacts.org/product/5900168530300,,13,2,0.12
lidl,Milbona Jogurt mango i wanilia 500 g,Jogurty,100,59,2.8,11,0.1,https://world.openfoodfacts.org/product/20821449,,10.6,0.1,0.1
lidl,Pilos Bifidus Jabłko Burak 400g,Jogurty,100,69,3.5,9.3,1.7,https://world.openfoodfacts.org/product/5900120044708,1.4,8.8,1,0
lidl,Pilos Jogurt,Jogurty,100,79.3,3.13,11.3,2.47,https://world.openfoodfacts.org/product/5900512986326,,,,
lidl,Pilos Jogurt Protein Mango 150g,Jogurty,150,111,9.9,18,0,https://world.openfoodfacts.org/product/5902150593737,,16.5,0,0.11
lidl,Pilos Jogurt Truskawka,Jogurty,100,102,3.5,16,2.6,https://world.openfoodfacts.org/product/20690939,,15,1.7,0.2
lidl,Pilos Jogurt dobry na drogę,Jogurty,100,88,2.9,13.1,2.7,https://world.openfoodfacts.org/product/4056489065104,,,,
lidl,Pilos Jogurt naturalny 330g,Jogurty,330,260.7,37.3,21.8,0.99,https://world.openfoodfacts.org/product/4056489745518,,21.8,0.66,0.78
lidl,Pilos jogurt malina 150 g,Jogurty,150,142.5,5.25,19.5,4.5,https://world.openfoodfacts.org/product/5900512986357#typowe,0.45,18,3,0.15
lidl,Pilos jogurt naturalny kremowy 400 g,Jogurty,100,65,4,5,3,https://world.openfoodfacts.org/product/20267643#typowe,0,5,2,0.1
lidl,Piątnica Skyr Naturalny 150 g,Jogurty,150,96,18,6.15,0,https://world.openfoodfacts.org/product/5900531004544,,6.15,0,0.15
lidl,Piątnica Skyr jogurt typu islandzkiego waniliowy 150 g,Jogurty,150,123,14.4,16.5,0,https://world.openfoodfacts.org/product/5900531004537,,16.5,,0.09
lidl,Bellarom Kawa ziarnista 1 kg (napar),Kawa,200,4,0.2,0.6,0,https://world.openfoodfacts.org/product/4056489113515#typowe,0,0,0,0
lidl,Pilos Kefir 1 KG,Kefiry i maślanki,100,46,3.3,4.7,1.5,https://world.openfoodfacts.org/product/20857950,,4.7,1,0.1
lidl,Pilos Kefir Malinowy,Kefiry i maślanki,100,75,3.2,11,2,https://world.openfoodfacts.org/product/5902495001515,,10,1.2,0
lidl,Pilos Kefir naturalny,Kefiry i maślanki,100,51,3.4,4.8,2,https://world.openfoodfacts.org/product/5900512986210,,4.8,1.2,
lidl,Pilos Kefir naturalny 1kg,Kefiry i maślanki,100,46,3.6,4.6,1.5,https://world.openfoodfacts.org/product/7400540024413,,4.6,1,0.1
lidl,Pilos Kefir naturalny 1l,Kefiry i maślanki,100,46,3.6,4.6,1.5,https://world.openfoodfacts.org/product/5900820022037,,4.6,1,0.1
lidl,Pilos Kefir truskawkowy 400 g,Kefiry i maślanki,400,272,12,44,5.2,https://world.openfoodfacts.org/product/20933081,,44,2.8,0.4
lidl,Pilos Kefir vanilie,Kefiry i maślanki,100,68,3,11,1.3,https://world.openfoodfacts.org/product/5902476010567,,11,0.7,
lidl,Pilos Maślanka 500g,Kefiry i maślanki,100,40,3.3,4.7,0.8,https://world.openfoodfacts.org/product/5900120004184#typowe,0,4.7,0.5,0.1
lidl,Pilos Maślanka naturalna,Kefiry i maślanki,100,40,3.3,4.7,0.8,https://world.openfoodfacts.org/product/20858049#typowe,0,4.7,0.5,0.1
lidl,Dulano Kabanossi 175 g,Kiełbasy i parówki,175,904.8,47.2,1.93,78.8,https://world.openfoodfacts.org/product/20858568,,1.4,33.2,6.02
lidl,Dulano Kabanosy z indyka i kurczaka z wieprzowiną,Kiełbasy i parówki,100,508,24,1.6,45,https://world.openfoodfacts.org/product/20858551,0.8,1.5,18,3.1
lidl,Eridanous Lidl Kiełbasa wieprzowa z serem Graviera Naxou,Kiełbasy i parówki,100,310,15,1.7,27,https://world.openfoodfacts.org/product/4056489126195,,0.8,11.5,2.6
lidl,Grill & Fun Lidl Kiełbasa z boczkiem,Kiełbasy i parówki,100,264,16,2.21,21,https://world.openfoodfacts.org/product/2873095004516,,0.97,8.41,1.7
lidl,Krakus Kiełbasa Żywiecka Sucha 230 g,Kiełbasy i parówki,230,496.8,50.6,1.15,32.2,https://world.openfoodfacts.org/product/5901784162432,0,0,12.9,6.9
lidl,Lidl Kiełbasa krakowska sucha premium,Kiełbasy i parówki,100,201,25,0.5,11,https://world.openfoodfacts.org/product/20340612,,0,,0.01
lidl,Lidl Kiełbaski wędzone po niemiecku 540 g,Kiełbasy i parówki,100,288,12.4,1,26,https://world.openfoodfacts.org/product/4056489993360,,,,
lidl,Lidl Parówki Z Kurczaka,Kiełbasy i parówki,100,194,16,1.1,14,https://world.openfoodfacts.org/product/4056489357384,,0.7,3.8,1.67
lidl,Lidl Piratki kabanosy,Kiełbasy i parówki,100,267,25,1.7,17,https://world.openfoodfacts.org/product/4056489536963,,1,6.9,1.25
lidl,Pikok Filet z piersi kurczaka 100 g,Kiełbasy i parówki,100,113,22,1.7,2,https://world.openfoodfacts.org/product/20902438,,1.6,0.7,2
lidl,Pikok Frankfurterki z szynki 450 g,Kiełbasy i parówki,100,232,18.5,0.4,17.4,https://world.openfoodfacts.org/product/20760717,,0.3,6.6,2.25
lidl,Pikok Kabanosy drobiowo-wieprzowe 90 g,Kiełbasy i parówki,90,490.5,24.3,4.41,41.4,https://world.openfoodfacts.org/product/0005306585480,,1.62,14.4,1.89
lidl,Pikok Kabanosy klasyczne drobiowe z dodatkiem wieprzowiny 400 g,Kiełbasy i parówki,100,428,21,6.4,35,https://world.openfoodfacts.org/product/20149307,,2.3,13,3.1
lidl,Pikok Kabanosy klasyczne drobiowo-wieprzowe 400 g,Kiełbasy i parówki,100,428,21,6.4,35,https://world.openfoodfacts.org/product/4056489304012,,2.3,13,3.1
lidl,Pikok Kabanosy klasyczne wieprzowe,Kiełbasy i parówki,100,451,23,7.8,36,https://world.openfoodfacts.org/product/20149291,,2.2,14,3.2
lidl,Pikok Kabanosy wieprzowe 100 g,Kiełbasy i parówki,100,449,28,0.7,37,https://world.openfoodfacts.org/product/20763534,,0.7,15,3.3
lidl,Pikok Kiełbasa Rakowska 400 g,Kiełbasy i parówki,100,183,22,3.5,9,https://world.openfoodfacts.org/product/20059279,,0.3,3.6,2.3
lidl,Pikok Kiełbasa krakowska sucha 100g,Kiełbasy i parówki,100,176,30.3,0.4,5.9,https://world.openfoodfacts.org/product/4056489059974,,0.2,2.2,3.2
lidl,Pikok Kiełbasa z karczmy,Kiełbasy i parówki,100,348,19,0.6,30,https://world.openfoodfacts.org/product/2833476002807,,0.6,11,2.1
lidl,Pikok Kiełbasa Śląska,Kiełbasy i parówki,100,240,14,0.9,20,https://world.openfoodfacts.org/product/2818775013914,,,,
lidl,Pikok Kiełbasa śląska 500 g,Kiełbasy i parówki,100,248,15,2,20,https://world.openfoodfacts.org/product/20060800,0,0.5,7.5,2.2
lidl,Pikok Kiełbasa Żywiecka Premium,Kiełbasy i parówki,100,216,22,0.5,14,https://world.openfoodfacts.org/product/4056489284123,,,5.6,1.87
lidl,Pikok Kiełbasa Żywiecka wieprzowa,Kiełbasy i parówki,100,224,24,0.6,14,https://world.openfoodfacts.org/product/20211110,,0.3,5.3,2.78
lidl,Pikok Kiełbaski białe,Kiełbasy i parówki,100,241,17,0.6,19,https://world.openfoodfacts.org/product/4056489585299,2,0.5,8,2.02
lidl,Pikok Kiełbaski śląskie,Kiełbasy i parówki,100,254,18,0.6,20,https://world.openfoodfacts.org/product/5903949890495,1,0.5,7,
lidl,Pikok Parówki,Kiełbasy i parówki,100,277,14,1.3,24,https://world.openfoodfacts.org/product/4056489180647,,1.1,8.4,2.3
lidl,Pikok Parówki wieprzowe 200g,Kiełbasy i parówki,200,504,26,5.4,42,https://world.openfoodfacts.org/product/4056489120506,,1.6,16.4,5
lidl,Pikok Parówki z filetem z indyka premium 180 g,Kiełbasy i parówki,180,406.8,25.2,3.06,32.4,https://world.openfoodfacts.org/product/4056489444435,,1.44,9,3.06
lidl,Pikok Parówki z szynki wieprzowej premium 500 g,Kiełbasy i parówki,100,277,14,1.3,24,https://world.openfoodfacts.org/product/4056489357391,,1.1,8.4,1.9
lidl,Pikok Piratki Kabanosy Drobiowe,Kiełbasy i parówki,100,271,25,2.1,17,https://world.openfoodfacts.org/product/4056489536970,,0.8,,1.25
lidl,Pikok Pure Kabanosy Wieprzowe,Kiełbasy i parówki,100,573,23,4.6,50,https://world.openfoodfacts.org/product/4056489585497,,1.9,19,2.16
lidl,Pikok Pure Kabanosy drobiowo-wieprzowe 90 g,Kiełbasy i parówki,90,490.5,24.3,4.41,41.4,https://world.openfoodfacts.org/product/4056489585480,,1.62,14.4,1.89
lidl,Pikok Pure Kiełbasa Śląska Z Szynki,Kiełbasy i parówki,100,245,17,1.4,19,https://world.openfoodfacts.org/product/4056489358657,,1.1,7.6,0
lidl,Pikok Pure Lidl Frankfurterki z szynki,Kiełbasy i parówki,100,262,16.9,1.43,21,https://world.openfoodfacts.org/product/20859237,,1.43,8.33,1.88
lidl,Pikok Pure Lidl Kiełbasa śląska z szynki,Kiełbasy i parówki,100,245,17,1.38,19,https://world.openfoodfacts.org/product/20900427,,1.12,7.62,1.9
lidl,Pikok Pure Parówki z Szynki,Kiełbasy i parówki,100,276,14,1.2,24,https://world.openfoodfacts.org/product/20585242,,1,8,2
lidl,Pikok Pure Parówki z szynki 250 g,Kiełbasy i parówki,250,702.5,37.5,2.25,60,https://world.openfoodfacts.org/product/4056489811428,,1.5,23.2,4.75
lidl,Pikok Salami wieprzowo-wołowe 80 g,Kiełbasy i parówki,80,312.8,16.8,1.92,26.4,https://world.openfoodfacts.org/product/06723110,,1.6,9.6,2.88
lidl,Pikok Śląska Z Szynki Premium,Kiełbasy i parówki,100,251,19,0.5,19,https://world.openfoodfacts.org/product/4056489921073,,,,
lidl,Pure Pikok Kiełbasa Śląska Z Szynki,Kiełbasy i parówki,100,245,17,1.4,19,https://world.openfoodfacts.org/product/4056489812548,,1.1,7.5,
lidl,Regionalne szlaki Kiełbaski wiejskie,Kiełbasy i parówki,100,270,15,2,23,https://world.openfoodfacts.org/product/2883342003360#typowe,0,1,8,2.2
lidl,Snack-It Kabanosy 120 g,Kiełbasy i parówki,100,517,24,5.2,44,https://world.openfoodfacts.org/product/5908230523182,,1.9,17,2.7
lidl,Tarczyński Krakowska sucha z szynki 330 g,Kiełbasy i parówki,100,164,24,1.1,6.91,https://world.openfoodfacts.org/product/5908230531521,,1,1.8,3.09
lidl,Vemondo Roślinne kabanosy z burakiem,Kiełbasy i parówki,100,384,21,9.9,27,https://world.openfoodfacts.org/product/4056489880318,8.6,4.5,9.4,3.2
lidl,Baresa Greckie oliwki nadziewane czosnkiem,Konserwy,100,108,1.4,0.8,10.4,https://world.openfoodfacts.org/product/4056489464952,2.7,0.5,1.6,4.6
lidl,Baresa Passata pomidorowa z czosnkiem,Konserwy,100,39,1.8,5.8,0.3,https://world.openfoodfacts.org/product/4056489763062,,4.2,0,0
lidl,Baresa Pieczarki marynowane 170 g (przed odsączeniem 280 g),Konserwy,170,52.7,3.91,5.44,0.85,https://world.openfoodfacts.org/product/20055790,,4.59,0.17,1.7
lidl,Baresa Zielone oliwki bez pestek 170 g,Konserwy,170,290.7,1.7,0,30.6,https://world.openfoodfacts.org/product/20443375,0,0,5.1,21.2
lidl,Baresa Zielone oliwki nadziewane papryką 290 g,Konserwy,290,417.6,2.61,0,43.5,https://world.openfoodfacts.org/product/20158583,,0,8.7,10.4
lidl,Chef Select Słodkie papryczki czereśniowe 150 g,Konserwy,150,294,4.2,14,24,https://world.openfoodfacts.org/product/4056489550631,,13.6,,1.2
lidl,Chef Select Żółte papryczki nadziewane 150 g,Konserwy,150,322.5,4.5,16,26.2,https://world.openfoodfacts.org/product/4056489550655,,15.8,,1.74
lidl,Duc De Coeur Grillowany bakłażan z ziołami prowansalskimi w oleju słonecznikowym 285 g,Konserwy,285,324.9,3.71,13.1,25.7,https://world.openfoodfacts.org/product/4056489848646,12.3,6.55,2.85,6.84
lidl,Eridanous Zielone oliwki 350 g,Konserwy,350,483,4.9,4.2,46.6,https://world.openfoodfacts.org/product/20293727,,1.75,7,15
lidl,Farma-świętokrzyska Bio kapusta z grochem 420 g,Konserwy,100,99,4.7,13,2.8,https://world.openfoodfacts.org/product/5902537540538,1.4,1.1,2,0.8
lidl,Freshona Ananas w plastrach w lekkim syropie 567 g,Konserwy,100,56,0.5,13,0.5,https://world.openfoodfacts.org/product/20253929,1,13,0,0.01
lidl,Freshona Buraczki wiórki 500g,Konserwy,100,50,1.4,9.5,0.5,https://world.openfoodfacts.org/product/20158651,,8.9,0.1,0.36
lidl,Freshona Buraczki zasmażane z cebulką 520 g,Konserwy,100,77,1,13,2,https://world.openfoodfacts.org/product/20900229,1.4,12,0.4,0.67
lidl,Freshona Fasola cannellini 400 g,Konserwy,100,92,6.1,12.5,0.6,https://world.openfoodfacts.org/product/0000201660761,,0.5,0.1,0.5
lidl,Freshona Kokosmilch 400ml,Konserwy,100,144,1.2,3,13.9,https://world.openfoodfacts.org/product/20561338,0.8,2,11.3,0.04
lidl,Freshona Peeled Tomatoes 240 g (400 g) / 425 ml,Konserwy,240,52.8,2.88,7.2,0.24,https://world.openfoodfacts.org/product/20198107,2.88,7.2,0,0.12
lidl,Freshona Pulpa pomidorowa z ziołami 400 g,Konserwy,100,33,1.6,6.3,0.2,https://world.openfoodfacts.org/product/20198084,,4,0.1,0.5
lidl,Freshona Sonnenmais 340 g,Konserwy,340,261.8,8.84,39.1,5.78,https://world.openfoodfacts.org/product/20153229,,18.7,1.02,0.95
lidl,Lidl Buraczki,Konserwy,100,86,1.1,13.3,2.5,https://world.openfoodfacts.org/product/4056489185666,2.9,13.3,0.2,0.83
lidl,Lidl Kalamata olive paste 180 g,Konserwy,180,432,3.24,5.58,42.8,https://world.openfoodfacts.org/product/4056489126287,0,0.72,5.22,7.2
lidl,Lidl Mielonka śniadaniowa,Konserwy,100,175,20,1,10,https://world.openfoodfacts.org/product/20196653,,0.4,4.5,2
lidl,Milanifoods Pomidory suszone 100 g,Konserwy,100,288,13.3,52.4,2.8,https://world.openfoodfacts.org/product/20545970,11.6,7.3,0.4,3.2
lidl,Ballino Lody śmietankowe z migdałami 98 g (150 ml),Lody,98,294,4.61,34.8,15,https://world.openfoodfacts.org/product/20957698,,22.3,9.7,0.18
lidl,Ballino Śmietanka z bakaliami 500 g,Lody,100,210,3.5,24,11,https://world.openfoodfacts.org/product/20072452,,22,6.9,0.08
lidl,Ballino Śmietanka z czekoladą 460 g (1000 ml),Lody,100,169,2.9,23.1,7.1,https://world.openfoodfacts.org/product/20218225,,21.4,5.1,0.08
lidl,Ballino Śmietanka z truskawką 460 g,Lody,100,169,2.5,24.1,6.9,https://world.openfoodfacts.org/product/20218218,,21.4,4.9,0.08
lidl,Bon Gelati Lody stracciatella premium 1000 ml,Lody,100,239,3.1,26.8,13.2,https://world.openfoodfacts.org/product/20001360,,24.3,11.6,0.05
lidl,Gelatelli High Protein Lody cookies & cream 265 g,Lody,265,328.6,19.1,52.2,9.8,https://world.openfoodfacts.org/product/4056489238621,,24.6,7.16,0.61
lidl,Gelatelli High Protein Lody czekoladowe 265 g,Lody,265,294.1,22.3,45.8,7.95,https://world.openfoodfacts.org/product/4056489238614,0,21.7,5.57,0.53
lidl,Gelatelli High Protein Lody słony karmel 265 g,Lody,265,349.8,18.8,60.2,8.74,https://world.openfoodfacts.org/product/4056489238607,7.16,31.5,6.09,1.12
lidl,Gelatelli Lody Mango marakuja z sosem owocowym,Lody,100,266,3.4,38.1,10.4,https://world.openfoodfacts.org/product/4056489944430,3.1,24.4,6,0.23
lidl,Gelatelli Lody Słony Karmel,Lody,100,301,3.9,34.8,16.3,https://world.openfoodfacts.org/product/4056489084648,,22.1,11.6,2.46
lidl,Gelatelli Lody kawowe 1 l,Lody,100,217,3.5,28,9.9,https://world.openfoodfacts.org/product/20348960,0,24.4,6.7,0.1
lidl,Gelatelli Lody migdałowe 90 g (120 ml),Lody,90,309.6,4.23,28.4,19.6,https://world.openfoodfacts.org/product/20012137,,23.8,12.2,0.19
lidl,Gelatelli Lody mleczne 500 g,Lody,100,248,3.8,22,16.1,https://world.openfoodfacts.org/product/20404352,,21.1,11.1,0.11
lidl,Gelatelli Lody pistacjowe 90 g (120 ml),Lody,90,295.2,3.87,27.2,18.4,https://world.openfoodfacts.org/product/20219895,2.61,25.6,12.8,0.1
lidl,Gelatelli Lody słony karmel premium,Lody,100,227,3.1,29.9,10.5,https://world.openfoodfacts.org/product/20707330,,14,9.3,0.34
lidl,Gelatelli Lody truskawkowe premium 1000 ml,Lody,100,192,2.7,28,7.6,https://world.openfoodfacts.org/product/20059903,,24.1,5.2,0.07
lidl,Gelatelli Lody z bitą śmietaną 1000 ml,Lody,100,247,4.2,26.6,13.2,https://world.openfoodfacts.org/product/20001407,,23.3,8.9,0.07
lidl,Gelatelli Lody Śmietankowe,Lody,100,298,3.9,39.5,13.1,https://world.openfoodfacts.org/product/4056489944423,,23.7,7.5,
lidl,Magnum Lody pralinowo-orzechowe 288 g,Lody,100,266,3.3,23,17,https://world.openfoodfacts.org/product/8714100637487,,21,9.79,0.09
lidl,Nestle Kaktus shake 48 g,Lody,48,149.8,1.2,13,10.1,https://world.openfoodfacts.org/product/5900130039107,0.24,12,8.16,0.22
lidl,Vemondo Wegańskie rożki lodowe karmelowe,Lody,100,268,1.3,40.6,11,https://world.openfoodfacts.org/product/4056489834182,0.7,27,9.1,0.4
lidl,Alberto Poiatti Anelli siciliani 1000 g,Makaron,100,356,12,73,1.5,https://world.openfoodfacts.org/product/8006222300333,2.6,2.4,0.3,0
lidl,Combino Fusilli Beauty,Makaron,100,221,8.6,38.9,2,https://world.openfoodfacts.org/product/4056489920991,6.3,2.4,0.5,0.01
lidl,Combino Lasagnes,Makaron,100,350,12.5,70.5,1.2,https://world.openfoodfacts.org/product/20411978,3.5,3.2,0.3,0
lidl,Combino Makaron Wstążka Przepiórcza,Makaron,100,358,12.2,72.2,1.8,https://world.openfoodfacts.org/product/4056489185550,,3,0.6,0.03
lidl,Eridanous Flomaria 500 g,Makaron,100,371,13,70,3.4,https://world.openfoodfacts.org/product/4056489466185,4,3.2,1.3,1.5
lidl,Lidl Penne High Protein,Makaron,100,358,31,49,2.8,https://world.openfoodfacts.org/product/4056489920885,,29,,0.05
lidl,Lubella 5-jajeczna Krajanka 400 g,Makaron,100,368,14,69,3.2,https://world.openfoodfacts.org/product/5900049816608,3.4,1,0.9,0.05
lidl,Nongshim Super Spicy Red Shin 120g,Makaron,100,426,8.1,67,14,https://world.openfoodfacts.org/product/8801043053167,,3.7,6.7,3.2
lidl,"Tiradell Makaron 5-jajeczny, krajanka 250 g",Makaron,100,370,13,72,2.8,https://world.openfoodfacts.org/product/20639792,,3.2,1,0.09
lidl,Tiradell Makaron gryczany rurki 400 g (ugotowany),Makaron,100,214,6.8,39,2.7,https://world.openfoodfacts.org/product/20981129,3,0.6,0.8,0.01
lidl,Tiradell Makaron świderki 500 g,Makaron,100,352,11,73,1.1,https://world.openfoodfacts.org/product/20234010,,3.5,0.5,0.01
lidl,Vitasia (Lidl) soba noodles 300g,Makaron,300,1038,36,208.8,4.2,https://world.openfoodfacts.org/product/20561864,9.9,6.3,1.2,4.49
lidl,Vitasia China Chow Mein Nudeln 250g,Makaron,250,910,29.5,189,2.5,https://world.openfoodfacts.org/product/20103699,7.25,4.25,1,1.2
lidl,Vitasia Linguine z matchą 400 g,Makaron,100,357,14.1,69.3,1.7,https://world.openfoodfacts.org/product/4056489881445,4.2,3.4,0.5,0.01
lidl,Envia Masło niesolone Bio 250 g,Masło,250,1867.5,1.25,1.5,206.2,https://world.openfoodfacts.org/product/20144968,,1.5,147,0.07
lidl,Lurpak Duńskie masło 200 g,Masło,100,747,0.6,0.7,82,https://world.openfoodfacts.org/product/5740900400825,,0.7,53,0.01
lidl,Pilos Masło ekstra 200 g,Masło,100,744,0.7,0.7,82,https://world.openfoodfacts.org/product/20857998,0,0.6,55,0.02
lidl,Pilos Masło ekstra osełka,Masło,100,744,0.7,0.7,82,https://world.openfoodfacts.org/product/20351762,,0.7,55,0.2
lidl,Berschneider Polędwica wędzona 90 g,Mięso,90,100.8,18.9,1.8,1.8,https://world.openfoodfacts.org/product/4011436201981,,1.35,0.72,3.6
lidl,Chef Select Kurczak Z Warzywami I Z Puree Z Dodatkiem Batatów,Mięso,100,87,9.6,5.2,2.9,https://world.openfoodfacts.org/product/4335619034044,,1.8,0.5,1.06
lidl,Chef select Penne Z Kurczakiem,Mięso,100,130,9.32,14.2,3.8,https://world.openfoodfacts.org/product/4335619033870,,1.2,1.7,1.4
lidl,Chef select Zapiekanka z kebabem z kurczaka 245g,Mięso,245,514.5,27.4,66.6,14.2,https://world.openfoodfacts.org/product/4056489813361,5.15,7.35,,3.01
lidl,Lidl Filet z indyka,Mięso,100,107,22,0,2,https://world.openfoodfacts.org/product/5906735447477,,,,
lidl,Lidl Karkówka Wieprzowa Z Czosnkiem,Mięso,100,208,13,0.7,17,https://world.openfoodfacts.org/product/2804147008589,,0.5,,1.38
lidl,Lidl Mięso Mielone Wieprzowe Ze Schabu 400 g,Mięso,100,210,20,1,14,https://world.openfoodfacts.org/product/5904634008829,,,6.3,
lidl,Lidl Mięso Mielone Z Fileta Z Piersi Indyka,Mięso,100,106,22,0,1.9,https://world.openfoodfacts.org/product/4056489059622,,,,
lidl,Lidl Mięso z fileta z piersi indyka 300 g,Mięso,300,327,66,1.5,6,https://world.openfoodfacts.org/product/4056489119029,,0.6,1.8,0.51
lidl,Pikok Kiełbasa Żywiecka 286 g,Mięso,286,680.7,65.8,1.43,45.8,https://world.openfoodfacts.org/product/20341497,,0,18.3,8.58
lidl,Pikok Pieczeń z mielonego mięsa wieprzowo - drobiowowego z kminkiem 500 g,Mięso,100,234,10.8,9.5,17,https://world.openfoodfacts.org/product/20187071,,0.5,5.7,1.7
lidl,Pikok Piratki Filet z Kurczaka 100 g,Mięso,100,104,22,1.7,1,https://world.openfoodfacts.org/product/20690069,,1.6,0.3,1.9
lidl,Pikok Pure Z Indyka,Mięso,100,309,10,2,29,https://world.openfoodfacts.org/product/4056489508274,,,,
lidl,Pikok Schab wiejski premium 100 g,Mięso,100,154,26,0.5,5.6,https://world.openfoodfacts.org/product/5907558920543,,0.5,,2.36
lidl,Rzeznik lidl Skrzydła z kurczaka,Mięso,100,190,18,0,13,https://world.openfoodfacts.org/product/2897050005554#typowe,0,0,3.6,0.2
lidl,Rzeźnik Lidl Polski burger wołowy,Mięso,100,216,19,0.7,15,https://world.openfoodfacts.org/product/20932374,,0.5,8.8,1.1
lidl,Rzeźnik Mięso z uda indyka 400 g,Mięso,100,144,19,0,7,https://world.openfoodfacts.org/product/20763527,,0,,
lidl,Milsani Mleko 2% 1 l,Mleko,100,53,3.3,4.4,2,https://world.openfoodfacts.org/product/28065036,,4.4,1.5,0.1
lidl,Milsani Mleko bez laktozy 1l,Mleko,100,46,3.2,4.8,1.5,https://world.openfoodfacts.org/product/28006091#typowe,0,4.8,1,0.1
lidl,"Mlekovita Bezwodny tłuszcz mleczny, Masło klarowane 500 g",Mleko,100,898,0.1,0.1,99.8,https://world.openfoodfacts.org/product/5900512300054,0,0.1,65,0
lidl,"Pilis Mleko świeże 3,2% 1 l",Mleko,100,60,3.2,4.7,3.2,https://world.openfoodfacts.org/product/20820282,,4.7,2,0.1
lidl,Pilos High Protein Mleko,Mleko,100,54.3,8,4.7,0.5,https://world.openfoodfacts.org/product/5900820024420,,4.7,0.2,
lidl,"Pilos Mleko 0,5 UHT",Mleko,100,38,3.3,5,0.5,https://world.openfoodfacts.org/product/20820251,,5,,0.1
lidl,Pilos Mleko 2% 1 l,Mleko,100,50,3.2,4.7,2,https://world.openfoodfacts.org/product/5900512988009,,4.7,1.3,0.1
lidl,"Pilos Mleko 2,0%",Mleko,100,50,3.3,4.8,2,https://world.openfoodfacts.org/product/5900820024727,,4.8,1.2,
lidl,Pilos Mleko 3.2%,Mleko,100,60,3.2,4.7,3.2,https://world.openfoodfacts.org/product/20820275,,4.7,2,0.1
lidl,Pilos Mleko 3.8%,Mleko,100,70,3.2,5.1,3.8,https://world.openfoodfacts.org/product/5905544541048,,2.8,2.4,0.09
lidl,"Pilos Mleko UHT 1,5% 1 l",Mleko,100,46,3.3,4.8,1.5,https://world.openfoodfacts.org/product/20820268,,4.8,1,0.1
lidl,"Pilos Mleko UHT 3,2% 1 l",Mleko,100,60,3,4.7,3.2,https://world.openfoodfacts.org/product/5900120011885,0,4.7,1.9,0.1
lidl,"Pilos Mleko UHT 3,5%",Mleko,100,63,3,4.9,3.5,https://world.openfoodfacts.org/product/5900120011908,,4.9,2.4,0.1
lidl,"Pilos Mleko bez laktozy UHT 1,5% 1 l",Mleko,100,46,3.3,4.8,1.5,https://world.openfoodfacts.org/product/4056489283423,,4.8,1,0.1
lidl,"Pilos Mleko spożywcze 3,2% 1 l",Mleko,100,60,3.2,4.7,3.2,https://world.openfoodfacts.org/product/5900512988016,,4.7,2,0.1
lidl,"Pilos Mleko zagęszczone 7,5% 340g",Mleko,340,448.8,20.4,34.7,25.5,https://world.openfoodfacts.org/product/20037680,,34.7,18,0.95
lidl,Pilos Mleko świeże bez laktozy 2% tłuszczu 1 l,Mleko,100,49,3,4.7,2,https://world.openfoodfacts.org/product/20062057,,4.7,1.2,0.1
lidl,Pilos Świeże mleko 2% 1 l,Mleko,100,49,3,4.7,2,https://world.openfoodfacts.org/product/20820299,,4.7,1.2,0.1
lidl,Freshona Lidl Warzywa na patelnię po włosku,Mrożonki,100,46,2.4,6.5,0.5,https://world.openfoodfacts.org/product/20860011,,3.9,0.1,0.5
lidl,Freshona Mieszanka owoców jagodowych z wiśniami 750 g,Mrożonki,100,47,0.9,7.1,0.2,https://world.openfoodfacts.org/product/20130596,1.9,7.1,0,0.01
lidl,Freshona Szpinak Rozdrobniony W Porcjach 450g,Mrożonki,100,19,2.3,0.4,0.4,https://world.openfoodfacts.org/product/4056489880516,,0.3,0,0.05
lidl,Lidl Warzywa na patelnię z ziemniakami,Mrożonki,100,60,2.1,8.9,1.2,https://world.openfoodfacts.org/product/4056489359128,,2.7,0.2,0.05
lidl,Lidl Mąka pszenna typ 650 1 kg,Mąka,100,341,11,68.8,1.6,https://world.openfoodfacts.org/product/20052652,,2.3,0.4,0
lidl,Lidl Mąka tortowa,Mąka,100,345,11,71,1.2,https://world.openfoodfacts.org/product/4056489357421,3,0.5,1.2,
lidl,Arla Mleczny napój kawowy wysokobiałkowy 250 ml,Nabiał,250,157.5,20.5,12.2,3,https://world.openfoodfacts.org/product/5711953117282,,11.5,2,0.5
lidl,Milbona High Protein Napój czekoladowy 332 ml,Nabiał,332,222.4,35.2,17.6,1,https://world.openfoodfacts.org/product/4056489406679,1.33,17.3,0.66,0.42
lidl,Pilos HIGH PROTEIN Serek wiejski,Nabiał,100,96,15,2.3,3,https://world.openfoodfacts.org/product/5900512988986,0,2.3,2,0.69
lidl,Pilos High Protein Napój waniliowy 332 ml,Nabiał,332,219.1,34.9,18.3,0.66,https://world.openfoodfacts.org/product/4056489406662,0,18.3,0.33,0.49
lidl,Pilos Maślanka mango-marakuja 500g,Nabiał,100,60,2.9,8.8,1.5,https://world.openfoodfacts.org/product/5900120004177,,8,1,0.1
lidl,Pilos Serek z orzechami 150 g,Nabiał,150,346.5,8.1,21,25.5,https://world.openfoodfacts.org/product/20932954,,19.5,19.5,0.18
lidl,"Argus Radler 0,0% Aloe Vera Taste 500 ml",Napoje,500,130,2,30,0,https://world.openfoodfacts.org/product/4335619008496,0,23.5,0,0.05
lidl,Bellarom Cappuccino z magnezem 130 g,Napoje,130,542.1,6.89,98.8,12,https://world.openfoodfacts.org/product/4056489061304,,75.4,10.9,0.65
lidl,Bellarom Syrop do kawy 500 ml,Napoje,100,328,0.1,82,0.1,https://world.openfoodfacts.org/product/4056489761990,0,82,0.1,0.03
lidl,Black Energy Gazowany napój energetyzujący o smaku cytrusowym z dodatkiem witamin 250 ml,Napoje,250,110,0,26.2,0,https://world.openfoodfacts.org/product/5900552063315,0,26.2,0,0.05
lidl,Coca Cola Zero Sugar 1.5l,Napoje,100,0.2,0,0,0,https://world.openfoodfacts.org/product/5449000133335,0,0,0,0.02
lidl,"Coca-Cola 1,5 l",Napoje,100,42,0,10.6,0,https://world.openfoodfacts.org/product/5449000000439,,10.6,0,0.01
lidl,Freeway Napój gazowany cytrynowy,Napoje,100,22.1,0,4.91,0,https://world.openfoodfacts.org/product/4304493269514,,4.91,,
lidl,Freeway Zero Cola 2 l,Napoje,100,1,0,0,0,https://world.openfoodfacts.org/product/20640651,,0,0,0.01
lidl,Kong Strong (Lidl) Kong strong wild power mojito 250ml,Napoje,250,117.5,0,28.2,0,https://world.openfoodfacts.org/product/20418649,,28.2,0,0.5
lidl,Kong Strong Napój energetyczny gazowany z tauryną i kofeiną o smaku liczi 250ml,Napoje,250,5,0,0,0,https://world.openfoodfacts.org/product/4056489813880,0,0,0,0.18
lidl,Milbona Intenso Napój kawowy 250 ml,Napoje,250,152.5,7.5,20.2,4.25,https://world.openfoodfacts.org/product/4056489010753,,20,2.5,0.5
lidl,Saguaro Step'on isotonic,Napoje,100,25,0,6,0,https://world.openfoodfacts.org/product/4056489586661,,4,0,0.14
lidl,"Solevita Lemoniada jabłko cytryna limonka 1,5 L",Napoje,100,20,0.5,4.9,0.5,https://world.openfoodfacts.org/product/4056489766117,0,4.7,0,0.02
lidl,Solevita Napój malina z cytryną 440 ml,Napoje,100,316,0.5,79,0.5,https://world.openfoodfacts.org/product/4056489184485,,75,0.1,0.01
lidl,"Tymbark jabłko mięta 1,75L",Napoje,100,36,0,9,0,https://world.openfoodfacts.org/product/5900334004307,,9,0,0
lidl,"Tymbark vita MINI mango, marchew, jabłko 1 l",Napoje,100,45,0.3,10.1,0.1,https://world.openfoodfacts.org/product/5900334015457,1,10,0.01,0.04
lidl,Vemondo Napój kawowy migdałowy 235 ml,Napoje,235,77.5,1.18,12.7,1.88,https://world.openfoodfacts.org/product/4056489591511,,11.5,0.24,0.4
lidl,Vemondo Napój kawowy owsiany 235 ml,Napoje,235,124.6,0.94,26.3,1.65,https://world.openfoodfacts.org/product/4056489591528,,15,0.24,0.26
lidl,Alpro Napój sojowy niesłodzony 1 l,Napoje roślinne,100,33,3.3,0,1.8,https://world.openfoodfacts.org/product/5411188543398,0.6,,0.3,0.09
lidl,Grana Napój owsiany 1 l,Napoje roślinne,100,44,0.7,7.6,1.1,https://world.openfoodfacts.org/product/5901154049387,0.5,4.4,0.2,0.1
lidl,Lord Nelson Szałwia,Napoje roślinne,100,1,0.1,0.2,0,https://world.openfoodfacts.org/product/20342333,0,0,0,0
lidl,Vemondo Napój kokosowy,Napoje roślinne,100,18,0.9,2.2,0.5,https://world.openfoodfacts.org/product/5900617041456,0.3,1.9,0.5,
lidl,Vemondo Napój owsiany kakaowy 1 l,Napoje roślinne,100,56,0.7,9.3,1.5,https://world.openfoodfacts.org/product/4056489687610,,7.3,0.2,0.14
lidl,Vemondo Napój sojowy 1 l,Napoje roślinne,100,32,3,1,1.7,https://world.openfoodfacts.org/product/4056489695387,0.2,0.4,0.2,0.08
lidl,Ener bio Ocet jabłkowy,Ocet,100,20,0,0.9,0,https://world.openfoodfacts.org/product/4047196043578#typowe,0,0.4,0,0
lidl,Kania Ocet spirytusowy 750 ml,Ocet,100,20,0,0,0,https://world.openfoodfacts.org/product/4056489661900#typowe,0,0,0,0
lidl,Lidl Ocet spirytusowy 10% 750 ml,Ocet,100,20,0,0,0,https://world.openfoodfacts.org/product/4056489661900#typowe,0,0,0,0
lidl,Alesto Chipsy kokosowe Bio 150 g,Orzechy i bakalie,150,1015.5,11.6,11.1,97.5,https://world.openfoodfacts.org/product/20763992,24,11.1,85.5,0.14
lidl,Alesto Jabłuszka Chrupiące plasterki 40 g,Orzechy i bakalie,40,137.6,0.92,30,0.2,https://world.openfoodfacts.org/product/20690168,6.8,27.2,0.04,0.01
lidl,"Alesto Kalifornijskie pistacje prażone, solone 70g",Orzechy i bakalie,100,622,25.3,16,49.8,https://world.openfoodfacts.org/product/4056489923473,4.2,7,6.4,1.5
lidl,Alesto Królewska mieszanka orzechów 200g,Orzechy i bakalie,200,1292,40.8,12.8,116,https://world.openfoodfacts.org/product/20047238,17,8.4,12.8,0.02
lidl,"Alesto Lidl Orzeszki ziemne prażone, niesolone 500 g",Orzechy i bakalie,100,610,25.8,11.6,49.2,https://world.openfoodfacts.org/product/20984205,,5.6,7.8,0.02
lidl,Alesto Mieszanka Orzechów 150 g,Orzechy i bakalie,150,966,29.2,15.9,84.2,https://world.openfoodfacts.org/product/4056489784289,,7.05,9.45,
lidl,Alesto Mieszanka proteinowa 150 g,Orzechy i bakalie,150,879,46.2,10.2,68.8,https://world.openfoodfacts.org/product/4056489357117,17,5.7,10.1,1.55
lidl,Alesto Mieszanka studencka 200g,Orzechy i bakalie,200,1014,31,74.4,63.2,https://world.openfoodfacts.org/product/4056489124320,20,53.6,9.2,0.06
lidl,Alesto Migdały 200 g,Orzechy i bakalie,200,1242,49,9.6,106.6,https://world.openfoodfacts.org/product/20724696,24.2,9.6,8.6,0.02
lidl,Alesto Orzechy laskowe prażone 200 g,Orzechy i bakalie,200,1444,28.6,7,141,https://world.openfoodfacts.org/product/4056489033042,16.4,7,13.6,0.06
lidl,Alesto Orzeszki ziemne w skorupce o smaku zielonej cebulki,Orzechy i bakalie,100,519,14.7,43.9,30.5,https://world.openfoodfacts.org/product/20984045,,8.4,,2.4
lidl,Alesto Pestki słonecznika 500 g,Orzechy i bakalie,100,616,21.4,5.1,53.9,https://world.openfoodfacts.org/product/20350437,,1.8,2.6,
lidl,Alesto Słonecznik łuskany 500g,Orzechy i bakalie,100,618,21,12,52,https://world.openfoodfacts.org/product/4056489879312,8.5,2.2,5.1,0.01
lidl,Alesto Walnusskerne 200 g,Orzechy i bakalie,200,1424,31,7.4,138.2,https://world.openfoodfacts.org/product/20005733,13.6,6,13.6,0.04
lidl,Alesto chipsy jabłkowe 40g,Orzechy i bakalie,40,139.6,0.68,31.7,0.24,https://world.openfoodfacts.org/product/4056489661832,4.04,29,0.08,0
lidl,Chira Zielony groszek 400 g,Orzechy i bakalie,100,74,5,7.4,0.7,https://world.openfoodfacts.org/product/20192396,7.8,2.6,0.1,0.72
lidl,Crownfield Lidl Crunchy prażone musli orzechowe,Orzechy i bakalie,100,446,9.6,63.1,15.7,https://world.openfoodfacts.org/product/20981204,9.6,21.6,2.2,
lidl,Crownfield Owsiankaowoce i orzechy 65 g,Orzechy i bakalie,100,369,11.9,57.1,8.2,https://world.openfoodfacts.org/product/20639747,9.5,12.3,1.4,0.02
lidl,"Crownfield Premium Musli Owoce, Orzechy I Pestki Dyni",Orzechy i bakalie,100,411,8.2,62.1,12.6,https://world.openfoodfacts.org/product/4056489622048,8,27.7,5.4,0
lidl,Deluxe Kandyzowana skórka cytryny,Orzechy i bakalie,100,405,3.2,61.3,15.4,https://world.openfoodfacts.org/product/01648683,4.3,48.5,9.4,0.01
lidl,Freshona Cooked Chickpeas 400g,Orzechy i bakalie,100,112,6.7,12,2.4,https://world.openfoodfacts.org/product/20468583,7.6,0.9,0.4,0.6
lidl,Freshona Czerwona fasola 255 g,Orzechy i bakalie,100,117,8.39,15,1,https://world.openfoodfacts.org/product/20166090,6.98,2,0.1,0.5
lidl,Golden Sun Green lentils 500g,Orzechy i bakalie,100,310,24,39,1.6,https://world.openfoodfacts.org/product/20214456,22,4.2,0.3,0.02
lidl,Soligrano Soczewica zielona z certyfikowanych upraw ekologicznych 500 g,Orzechy i bakalie,100,304,23,41,1.6,https://world.openfoodfacts.org/product/5902578006529,17,1.1,0.1,0.02
lidl,Vemondo Pasta z orzechów i ciecierzycy,Orzechy i bakalie,100,220,8.5,11.4,13.8,https://world.openfoodfacts.org/product/4056489988281,,,,
lidl,"Vemondo Pasta ze słonecznikiem, z ogórkiem i koperkiem 115 g",Orzechy i bakalie,115,323.1,7.24,2.42,30.9,https://world.openfoodfacts.org/product/4056489302414,4.25,2.42,2.42,1.61
lidl,Chef Select Hummus z sosem pomidorowym 200 g,Pasty i dipy,200,502,13.6,21.2,37.8,https://world.openfoodfacts.org/product/4056489339052,,5.2,4,1.82
lidl,Chef select Bio Hummus pomidorowy,Pasty i dipy,100,267,7,13,20,https://world.openfoodfacts.org/product/4056489306368,,2.8,,1.7
lidl,Chef select Pasta jajeczna ze szczypiorkiem,Pasty i dipy,100,403,7.1,4.8,39.2,https://world.openfoodfacts.org/product/20857646,,2.7,3.5,1.03
lidl,Chef select hummus classic 160g,Pasty i dipy,100,272,7.9,9.5,21,https://world.openfoodfacts.org/product/20901882,6.9,2.2,2.2,1.4
lidl,"Kuljanka Pasta paprykowa ostra, tubka 160 g",Pasty i dipy,160,86.4,3.36,8,2.56,https://world.openfoodfacts.org/product/20755775,,7.04,0.48,18.4
lidl,Lidl Ajvar,Pasty i dipy,100,64,1.4,7.3,2.4,https://world.openfoodfacts.org/product/28079828,,6.8,,1.48
lidl,Vemondo Hummus Paprykowy 160g,Pasty i dipy,100,216,5.4,8.8,16,https://world.openfoodfacts.org/product/20901929,7.6,2.9,1.6,1.08
lidl,Vemondo Hummus bruschetta 220 g,Pasty i dipy,100,245,6.3,6.9,19.8,https://world.openfoodfacts.org/product/4056489459514,7,1.6,1.9,1.07
lidl,"Vemondo Hummus z falafelem, wegański 220 g",Pasty i dipy,100,245,6.8,9.6,18.1,https://world.openfoodfacts.org/product/4056489459538,,2.9,1.7,1.44
lidl,Vemondo Smalczyk z fasoli i cebuli z jabłkiem,Pasty i dipy,100,232,6,16.5,14.2,https://world.openfoodfacts.org/product/4056489302391,7,9.6,1.2,1.5
lidl,Vemondo Wegańska pasta do pieczywa,Pasty i dipy,100,281,6.3,2.1,26.9,https://world.openfoodfacts.org/product/4056489810681,3.7,2.1,2.1,1.2
lidl,Vemondo Wegańska pasta po meksykańsku 115 g,Pasty i dipy,115,202.4,8.05,7.47,14.9,https://world.openfoodfacts.org/product/4056489067726,2.64,0.8,1.26,1.49
lidl,Vitasia hummus sweet chili 200g,Pasty i dipy,100,250,6.3,13.2,18,https://world.openfoodfacts.org/product/4056489550587,5.2,8.2,2.1,1.28
lidl,Castello Lidl Bułki hamburgerowe z sezamem,Pieczywo pakowane,100,282,9.8,46.2,5.6,https://world.openfoodfacts.org/product/20877309,,6.2,0.8,1.24
lidl,Combino Chleb tostowy 634 g,Pieczywo pakowane,100,264,8.4,48,3.6,https://world.openfoodfacts.org/product/20035648,3.1,5.8,1.2,1.08
lidl,Dakri Pinsa 250 g,Pieczywo pakowane,100,255,8,46,4.32,https://world.openfoodfacts.org/product/5905204650424,0.2,0.6,0.7,1
lidl,Dan Cake Bułeczki mleczne z czekoladą 400g,Pieczywo pakowane,100,367,9.3,52,13,https://world.openfoodfacts.org/product/5900864721545,,19,3.2,0.83
lidl,Grafschafter Tortille pełnoziarniste 370 g,Pieczywo pakowane,100,289,9.3,46.3,6,https://world.openfoodfacts.org/product/20555313,6.4,2.7,1.1,0.98
lidl,Italiamo Grissini z rozmarynem 250 g (2 x 125 g),Pieczywo pakowane,125,527.5,14.4,85,13.5,https://world.openfoodfacts.org/product/20184728,4.5,1.75,5.62,2.19
lidl,Italiamo Piada sfogliata 3x130 g,Pieczywo pakowane,130,404.3,9.62,62.4,12.2,https://world.openfoodfacts.org/product/20072483,,4.03,5.07,2.08
lidl,Lidl Bułka tarta 750 g,Pieczywo pakowane,100,355,12.5,71,1.2,https://world.openfoodfacts.org/product/20149642,,5.8,0.2,0.8
lidl,Lidl Chleb Tostowy Wieloziarnisty,Pieczywo pakowane,100,276,7.6,54,2.5,https://world.openfoodfacts.org/product/4056489716174,,2.3,,1.38
lidl,"Lidl Chleb żytni z pełnego ziarna żyta, razowy 450 g",Pieczywo pakowane,100,227,6.9,33,5.4,https://world.openfoodfacts.org/product/20859688,9.5,2,0.4,1.1
lidl,Lidl Pieczywo chrupkie Żytnie 200 g,Pieczywo pakowane,200,706,17.4,144,1.71,https://world.openfoodfacts.org/product/4056489059806,22,9.72,,2.92
lidl,Melvit CRISPY PIECZYWO CHRUPKIE z serem i cebulką 130 g,Pieczywo pakowane,100,445,18,41,21,https://world.openfoodfacts.org/product/5906827017823,10,5.7,6.2,0.1
lidl,Piekarnia Concord MDJ Lidl Chleb razowy krojony,Pieczywo pakowane,100,282,6.36,57.9,1.52,https://world.openfoodfacts.org/product/5905279673076,5.76,1.52,0.3,1
lidl,Snack Day Tortille,Pieczywo pakowane,100,297,7.9,50,5.97,https://world.openfoodfacts.org/product/20501396,4.35,4.68,1.13,1.08
lidl,Snack Day Tortille klasyczne 370 g,Pieczywo pakowane,100,310,9.9,52,6.5,https://world.openfoodfacts.org/product/0036595328366,2.3,1.9,1.3,1
lidl,Snack Day Tortille z mąką pełnoziarnistą 740 g,Pieczywo pakowane,100,289,9.3,46.3,6,https://world.openfoodfacts.org/product/4056489506829,6.4,2.7,1.1,1
lidl,Tastino Chleb biały bezglutenowy 250 g,Pieczywo pakowane,250,547.5,11.8,98.5,8.5,https://world.openfoodfacts.org/product/20818661,15,4,0.75,3.62
lidl,Tastino Chleb pszenno-żytni z nasionami słonecznika i sezamu oraz siemieniem lnianym. 400 g,Pieczywo pakowane,100,257,9.5,45,3.6,https://world.openfoodfacts.org/product/4056489119678,3.5,2.3,0.5,1.4
lidl,Tastino Chleb żytni ze słonecznikiem,Pieczywo pakowane,100,250,7,40,7,https://world.openfoodfacts.org/product/20859671#typowe,7,3,0.8,1.2
lidl,Tastino Tost maślany 500g,Pieczywo pakowane,100,265,8.6,50,3,https://world.openfoodfacts.org/product/4056489061366,2,2.9,1.7,1.2
lidl,Asia Style Pierożki gyoza z kurczakiem 238 g,Pierogi i kluski,238,352.2,13.6,59.5,5.47,https://world.openfoodfacts.org/product/4056489283577,4.76,3.57,0.48,2.69
lidl,Chef Select Pierogi Z Kapustą I Grzybami,Pierogi i kluski,100,161,4.6,24.4,4.3,https://world.openfoodfacts.org/product/20859534,3,2.2,0.4,0.98
lidl,Chef Select Pierogi Z Miesem,Pierogi i kluski,100,255,11.2,27.6,11,https://world.openfoodfacts.org/product/4056489715795,,,,
lidl,Chef Select Pierogi z Serem Twarogowym,Pierogi i kluski,100,186,7,30.3,3.9,https://world.openfoodfacts.org/product/4056489624226,,8.2,1.4,0.06
lidl,Chef Select Pierogi z mięsem 400g,Pierogi i kluski,100,189,11.2,25.7,4.4,https://world.openfoodfacts.org/product/4056489260479,,1.8,1.2,1.4
lidl,Chef Select Pierogi ze szpinakiem i serem 400 g,Pierogi i kluski,100,152,5.7,25.9,2.4,https://world.openfoodfacts.org/product/4056489180838,,1.8,0.4,0.7
lidl,Chef Select Pierożki gyoza z warzywami 238 g,Pierogi i kluski,238,340.3,7.38,54.7,8.57,https://world.openfoodfacts.org/product/4056489283652,7.62,6.9,0.95,2.86
lidl,Chef Select Uszka z kapustą i grzybami 350 g,Pierogi i kluski,350,770,24.5,122.5,21,https://world.openfoodfacts.org/product/4056489586739#typowe,8.75,7,5.25,3.5
lidl,Chef Select Uszka z kapustą i grzybami XXL 800 g,Pierogi i kluski,100,220,7,35,6,https://world.openfoodfacts.org/product/4056489586906#typowe,2.5,2,1.5,1
lidl,Chef select Pierogi ruskie 400g,Pierogi i kluski,100,179,6.2,29.1,3.7,https://world.openfoodfacts.org/product/4056489586159,,2.8,0.5,1.25
lidl,Chef select Tortellini viande 400g,Pierogi i kluski,100,196,8.1,31,4,https://world.openfoodfacts.org/product/20351939,0,2,2.5,1.6
lidl,Deluxe Pierogi z grzybami leśnymi 400 g,Pierogi i kluski,100,200,6,34,4.5,https://world.openfoodfacts.org/product/4056489179191#typowe,2.5,2,1,1
lidl,Nowy Wiśnicz Pierogi z boczniakami i żurawiną 350 g,Pierogi i kluski,100,280,6.09,36,12,https://world.openfoodfacts.org/product/5901576058301,,4.29,4.2,1.2
lidl,Virtu Pierogi z brokułami 400 g,Pierogi i kluski,100,170,6.2,28.6,3.1,https://world.openfoodfacts.org/product/20496869,,1.8,0.7,1
lidl,Virtu Pierogi z mięsem 400 g,Pierogi i kluski,100,185,7.8,24,5.7,https://world.openfoodfacts.org/product/20859527,,2.2,2.1,1.2
lidl,"Virtus Production Pierogi z ziemniakami, serem twarogowym i cebulą 400 g",Pierogi i kluski,100,203,7.9,32.3,4.2,https://world.openfoodfacts.org/product/4334035948423,,2.1,0.7,0.95
lidl,Perlenbacher Piwo,Piwo,100,42,0.4,3.2,0,https://world.openfoodfacts.org/product/4056489437314#typowe,0,0,0,0
lidl,Perlenbacher Piwo Premium Pils,Piwo,100,42,0.4,3.2,0,https://world.openfoodfacts.org/product/4056489025054#typowe,0,0,0,0
lidl,Chef select Pizza Familijna z szynką i pieczarkami 1 kg,Pizza,100,197,8.2,31.4,3.6,https://world.openfoodfacts.org/product/4056489119081,,4.4,1.4,1
lidl,Italiamo Pizza Prosciutto e Mozzarella 400 g,Pizza,100,202,9.8,25.5,6.3,https://world.openfoodfacts.org/product/20490706,,2.5,3,1.1
lidl,Trattoria Alfredo Pepperoni Pizza,Pizza,100,251,12.6,29.8,8.6,https://world.openfoodfacts.org/product/4056489784920,,4.1,4.2,
lidl,Trattoria Alfredo Steinofen Pizza Margherita 300g,Pizza,300,624,25.8,93,15,https://world.openfoodfacts.org/product/4056489443018,,9.9,6.6,2.7
lidl,Dobra kaloria Roślinna kaszanka 180g,Produkty roślinne,180,439.2,11.3,28.8,28.8,https://world.openfoodfacts.org/product/5903548004262,11.2,0.54,12.6,1.8
lidl,Grill & fun Tofu BBQ 180 g,Produkty roślinne,180,230.4,21.6,4.5,13.5,https://world.openfoodfacts.org/product/4056489068822,0,0.9,1.8,2.7
lidl,Lidl Tofu na patelnię Garam Masala 180 g,Produkty roślinne,180,232.2,23.4,3.6,13.9,https://world.openfoodfacts.org/product/4056489332855,,1.08,1.62,1.44
lidl,"Magda Vemondo, odporność*, truskawka & sosna 150g",Produkty roślinne,150,141,1.05,19.4,6.6,https://world.openfoodfacts.org/product/5901104005395,,10.5,6.3,0.03
lidl,Next Level Meat Next level burger 227 g,Produkty roślinne,227,513,40.6,10.9,32.2,https://world.openfoodfacts.org/product/8718719781838,,2.72,20.7,2.95
lidl,Tarczyński Rośl-inne Kabanosy 3 Ziarna 90 g,Produkty roślinne,90,373.5,18.9,15.3,26.1,https://world.openfoodfacts.org/product/5908230530753,6.21,7.74,6.48,2.25
lidl,Tarczyński Rośl-inne Kabanosy Oryginalne 90 g,Produkty roślinne,90,386.1,22.5,15.3,25.2,https://world.openfoodfacts.org/product/5908230528460,4.23,4.77,10.8,3.24
lidl,Vemondo Bio Deser kokosowy truskawka-banan,Produkty roślinne,100,103,0.7,12.9,5.3,https://world.openfoodfacts.org/product/5901104005098,,7.6,5.1,0
lidl,Vemondo Bio Tempeh wędzony 200 g,Produkty roślinne,200,362,44,10,16,https://world.openfoodfacts.org/product/4056489443773,1.4,0.8,2,4
lidl,Vemondo Burger roślinny ze słonecznikiem 170 g,Produkty roślinne,170,588.2,44.4,15,38.1,https://world.openfoodfacts.org/product/4056477353718,4.59,5.78,3.57,2.18
lidl,"Vemondo Burgery sojowe 4 szt, 220 g",Produkty roślinne,220,512.6,24,26.4,30.8,https://world.openfoodfacts.org/product/4056489785224,16.9,4.84,2.42,3.61
lidl,Vemondo Kiełbaski roślinne w stylu węgierskim 180 g,Produkty roślinne,180,534.6,41,23.6,28.4,https://world.openfoodfacts.org/product/4056489717447,10.3,6.12,7.56,2.86
lidl,Vemondo Kiełbaski sojowe 225 g,Produkty roślinne,225,524.2,24.5,27,31.5,https://world.openfoodfacts.org/product/4056489785217,17.3,4.95,2.48,3.69
lidl,Vemondo Kokos vegangurt - broskev marakuja 150 g,Produkty roślinne,150,141,1.05,19.2,6.6,https://world.openfoodfacts.org/product/5901104004664,,10.5,6.3,0.03
lidl,"Vemondo Napój z truskawkami, mielonym owsem i siemieniem lnianym 250 g",Produkty roślinne,250,130,2,25,0.5,https://world.openfoodfacts.org/product/5902150593768,9.25,14.5,0,0.05
lidl,Vemondo Owsiany jabłko i cynamon 250 g,Produkty roślinne,250,140,1.75,27.5,0.5,https://world.openfoodfacts.org/product/5902150593744,9,15.5,0,0.05
lidl,Vemondo Roślinne mielone 150g,Produkty roślinne,150,270,28.7,9.3,12.8,https://world.openfoodfacts.org/product/4056489446521,,1.4,1.3,1.54
lidl,Vemondo Roślinny jogurt kokosowy borówka-aronia 150 g,Produkty roślinne,150,136.5,1.05,18.3,6.45,https://world.openfoodfacts.org/product/5901104005074,0.45,10.5,6.15,0.03
lidl,Vemondo Roślinny jogurt malinowy,Produkty roślinne,100,59,1.7,10.8,0.9,https://world.openfoodfacts.org/product/5901104006217,0.4,7.6,0.7,
lidl,Vemondo Sznycel roślinny 200 g,Produkty roślinne,200,446,30.6,32.6,20.2,https://world.openfoodfacts.org/product/4056489766315,5.8,6.2,1.8,3.4
lidl,Vemondo Tofu,Produkty roślinne,100,120,13.6,2.6,6.9,https://world.openfoodfacts.org/product/4056489717591,2.2,0.4,1.1,0
lidl,Vemondo Tofu naturalne 180 g,Produkty roślinne,180,225,21.6,4.14,13.5,https://world.openfoodfacts.org/product/4056489067566,,0.9,1.8,0.36
lidl,Vemondo Tofu plain 2 x 180 g,Produkty roślinne,180,225,21.6,4.14,13.5,https://world.openfoodfacts.org/product/4056489529712,1.8,0.9,1.8,0.36
lidl,Vemondo Tofu wędzone 180 g,Produkty roślinne,180,244.8,23.4,4.32,14.4,https://world.openfoodfacts.org/product/4056489067740,1.8,0.9,1.98,1.77
lidl,Vemondo Tofu z bazylią Bio 180 g,Produkty roślinne,180,225,21.6,3.6,12.6,https://world.openfoodfacts.org/product/4056489068204,,0.9,1.8,1.8
lidl,Vemondo Wegański blok w stylu greckim 150 g,Produkty roślinne,150,390,2.25,21,33,https://world.openfoodfacts.org/product/4056489417590,,0,28.8,3.75
lidl,Vemondo Wegańskie plastry kanapkowe 100 g,Produkty roślinne,100,104,4.2,8.8,5,https://world.openfoodfacts.org/product/4056489785194,3.5,0.7,0.4,3.2
lidl,Vemondo rode bieten burger 2 x 80 g,Produkty roślinne,80,83.2,5.76,7.6,2.48,https://world.openfoodfacts.org/product/4056489219309,3.52,2.24,0.16,1.04
lidl,Vemondo vege Jogurt Kokos porzeczka czereśnia,Produkty roślinne,100,79,0.7,12,3.1,https://world.openfoodfacts.org/product/5901104005784,,6.8,2.8,0.01
lidl,Z Gruntu Dobre Vege Plastry 100g,Produkty roślinne,100,104,4.2,8.8,5,https://world.openfoodfacts.org/product/5900562582110,3.5,0.7,,3.15
lidl,POP CROP Piramidki gryczane 80 g,Przekąski,80,305.6,9.28,61.4,2.08,https://world.openfoodfacts.org/product/5904730218054,2.32,1.12,0.48,1.36
lidl,Kania Bulion drobiowy 140 g,Przyprawy,140,5.6,0.7,0.98,0.7,https://world.openfoodfacts.org/product/4056489441830,0,0.84,0.14,1.54
lidl,Kania Sól z przyprawami do pomidorów 50 g,Przyprawy,50,75,2.5,12.5,1,https://world.openfoodfacts.org/product/20507640#typowe,2.5,4,0.25,25
lidl,Kania bulion warzywny z liściem selera 120 g (12 x 10 g),Przyprawy,10,25.3,0.62,2.3,1.5,https://world.openfoodfacts.org/product/20420628,0,0.84,0.91,4.26
lidl,Lidl Kurkuma mielona 20 g,Przyprawy,20,62.4,2,9,0.6,https://world.openfoodfacts.org/product/20819231#typowe,4.2,0.6,0.36,0
lidl,Lidl Papryka ostra mielona 20 g,Przyprawy,20,58,2.8,4,2.6,https://world.openfoodfacts.org/product/20130916#typowe,7,2,0.4,0.04
lidl,Lidl Papryka słodka mielona 100 g,Przyprawy,100,290,14,20,13,https://world.openfoodfacts.org/product/20131074#typowe,35,10,2,0.2
lidl,Crownfield Crunchy z żurawiną musli prażone,Płatki i musli,100,442,9.5,64.4,14.7,https://world.openfoodfacts.org/product/4056489654278,7,20.7,3.5,0.31
lidl,Crownfield Flakes z truskawkami,Płatki i musli,100,397,9.8,73.7,5.4,https://world.openfoodfacts.org/product/20818432,7.3,15,2.5,0.69
lidl,Crownfield Goldini 250 g,Płatki i musli,100,380,7,82,3,https://world.openfoodfacts.org/product/20061449#typowe,4,25,1,0.5
lidl,Crownfield Kulki czekoladowe,Płatki i musli,100,366,9.2,73.6,2.2,https://world.openfoodfacts.org/product/20013011,7.7,23.8,0.6,0.45
lidl,Crownfield Lidl Vitte płatki pszenno-ryżowe z wiśniami,Płatki i musli,100,399,8.3,75,5.9,https://world.openfoodfacts.org/product/20818449,6.2,23,4.8,0.9
lidl,Crownfield Muesli,Płatki i musli,100,383,11.9,55,10.1,https://world.openfoodfacts.org/product/8056386260226,10.9,13.3,1.3,
lidl,Crownfield Musli chrupiące z miodem i orzechami,Płatki i musli,100,440,9,63,16,https://world.openfoodfacts.org/product/4056489180876#typowe,7,22,3,0.2
lidl,Crownfield Müsli Multifrucht 1000 g,Płatki i musli,100,345,8.8,60.1,5.6,https://world.openfoodfacts.org/product/20003234,9.6,19.4,1.8,0.08
lidl,Crownfield Orkisz Ekspandowany,Płatki i musli,100,366,14,68,2.4,https://world.openfoodfacts.org/product/4056489784418,8.1,1,0.4,0.01
lidl,Crownfield Owsianka Truskawkowa 65 g,Płatki i musli,65,249,6.17,42.2,5.2,https://world.openfoodfacts.org/product/4056489064503,4.23,11.7,0.72,0.39
lidl,Crownfield Owsianka aronia i jagody acai 65g,Płatki i musli,65,243.8,8.52,41,4,https://world.openfoodfacts.org/product/9050482064527,5.1,12.4,0.7,0.43
lidl,Crownfield Owsianka z nasionami chia 65g,Płatki i musli,65,243.8,11.1,35.8,4.68,https://world.openfoodfacts.org/product/20931384,4.68,15.6,0.65,0.28
lidl,Crownfield Owsianka Żurawina 65 g,Płatki i musli,65,241.2,6.83,42.4,3.64,https://world.openfoodfacts.org/product/4056489654261,5.72,12.2,0.65,0.01
lidl,Crownfield Premium Granola Neo,Płatki i musli,100,455,9.5,65,16,https://world.openfoodfacts.org/product/4056489623014,6.6,22,3.7,0
lidl,Crownfield Premium muesli frutos secos y fruta 750 g,Płatki i musli,100,377,7.9,60.5,9.7,https://world.openfoodfacts.org/product/20202859,8.2,24.8,5.1,0.07
lidl,Crownfield Płatki Space Cookies 250 g,Płatki i musli,250,937.5,20.8,187.5,7.5,https://world.openfoodfacts.org/product/20982119,18.8,62.5,3,1.33
lidl,Crownfield Płatki jaglane,Płatki i musli,100,363,10,74,2.5,https://world.openfoodfacts.org/product/20817961,2.5,0.4,0.7,0
lidl,Crownfield Płatki kukurydziane,Płatki i musli,100,384,8.5,82,1.9,https://world.openfoodfacts.org/product/20932701,,6.5,0.3,
lidl,Crownfield Płatki owsiane błyskawiczne,Płatki i musli,100,372,12.8,59.6,6.8,https://world.openfoodfacts.org/product/20346485,,2,1.2,0.04
lidl,Crownfield Płatki owsiane górskie,Płatki i musli,100,359,14.1,54.1,7,https://world.openfoodfacts.org/product/4056489254140,11.8,1.1,0.9,0.01
lidl,Crownfield Płatki owsiane górskie 2kg,Płatki i musli,100,374,13,61,6.7,https://world.openfoodfacts.org/product/4335619007000,9,1.6,1.3,0.01
lidl,Crownfield Zimtinos 250 g,Płatki i musli,250,1032.5,20.8,187.5,19.5,https://world.openfoodfacts.org/product/20143312,12,72.5,9.25,1.27
lidl,Crownfield owsianka z płatkami jęczmiennymi 65 g,Płatki i musli,65,251.6,9.1,33.8,7.15,https://world.openfoodfacts.org/product/20931377,7.8,13.7,0.78,0.21
lidl,Crownfield płatki owsiane 500 g,Płatki i musli,100,355,13.1,54.1,7,https://world.openfoodfacts.org/product/20982232,11.4,0.8,0.9,0.01
lidl,Ener Bio Chrupiące musli orkiszowe 750 g,Płatki i musli,100,457,8.2,65.2,16.7,https://world.openfoodfacts.org/product/4305615183886,5.7,21.2,8.4,0.12
lidl,Lidl Crownfield Płatki owsiane górskie 1kg,Płatki i musli,100,354,12.5,55.9,6.3,https://world.openfoodfacts.org/product/4056489180968,11.6,1.2,1.6,0
lidl,Golden Seafood Mintaj w panierce po parysku,Ryby,100,78,9.5,2.4,3.35,https://world.openfoodfacts.org/product/0590607661570,,0.9,1.9,
lidl,Golden Seafood Paluszki rybne,Ryby,100,190,13,14,8.9,https://world.openfoodfacts.org/product/28063407,,0.8,0.8,0.82
lidl,Italiamo Marynowane filety z anchois,Ryby,100,175,21.2,1.4,9.4,https://world.openfoodfacts.org/product/4056489230700,,0.5,1.7,2.71
lidl,Lidl Dorsz Atlantycki,Ryby,100,83,19.1,0.5,0.7,https://world.openfoodfacts.org/product/2898928005454,,0.5,0.2,0.12
lidl,Lidl Makrela Wedzona,Ryby,100,214,20.3,0,14.8,https://world.openfoodfacts.org/product/2852616001319,0,0,3.2,0
lidl,Lidl Sashimi,Ryby,100,157,21.7,0.5,7.6,https://world.openfoodfacts.org/product/5906259710491,0,0.5,1.1,2.18
lidl,Lidl Łosoś atlantycki,Ryby,100,203,21.3,0,13.1,https://world.openfoodfacts.org/product/2824452002843,,0,1.9,0.1
lidl,Lidl Świeży Łosoś Atlantycki,Ryby,100,203,21.3,0,13.1,https://world.openfoodfacts.org/product/2824457002510,0,0,1.9,0.1
lidl,Nautica Filety śledziowe w sosie śmietanowym 300g,Ryby,100,307,7.4,6.8,27.6,https://world.openfoodfacts.org/product/20411671,,6.8,4.4,1.8
lidl,Nautica Opiekane filety śledziowe w zalewie octowej 350 g (przed odsączeniem 800 g),Ryby,100,145,9,6.4,9.2,https://world.openfoodfacts.org/product/20691332,,4.69,1.7,1.69
lidl,Nautica Śledzie Wiejskie 600g,Ryby,100,191,10.4,9.5,12.4,https://world.openfoodfacts.org/product/20544508,0.5,9.2,2.9,
lidl,Nixe Sardynki w oleju słonecznikowym 120 g,Ryby,120,264,26.4,0,16.8,https://world.openfoodfacts.org/product/20322137#typowe,0,0,3.6,1.44
lidl,Nixe Sardynki w oleju słonecznikowym 90 g,Ryby,90,183.6,19.3,0,11.9,https://world.openfoodfacts.org/product/20041663,,,2.43,0.88
lidl,Nixe Sardynki w sosie paprykowym 110 g,Ryby,110,107.8,10.6,4.51,5.06,https://world.openfoodfacts.org/product/4056489284499,,4.51,0.99,0.99
lidl,Nixe Weisser Thunfish Alalunga 190g,Ryby,190,703,37.4,0,61.6,https://world.openfoodfacts.org/product/20916947,0,0,10.6,1.04
lidl,Ocean Sea Dorsz atlantycki,Ryby,100,79,18.6,0.5,0.5,https://world.openfoodfacts.org/product/20818074,,0,0.2,0.23
lidl,Ocean Sea Krewetki białe Vannamei,Ryby,100,90,20,0.5,1,https://world.openfoodfacts.org/product/4056489260868,0,0.5,0.5,0.18
lidl,Targ rybny Lidla Łosoś atlantycki filet ze skórą,Ryby,100,203,21.3,0,13.1,https://world.openfoodfacts.org/product/2824454003046,,0,1.9,0.1
lidl,Tiradell Sardynki w oleju słonecznikowym z chili 250 g,Ryby,250,375,26.5,58.2,2,https://world.openfoodfacts.org/product/20143084,9.25,3.25,0.5,0.06
lidl,1001 Delights Bio Kulki jaglane solone 150 g,Ryż i kasze,100,356,11.3,70.2,2.3,https://world.openfoodfacts.org/product/20754648,,0.5,0.3,0.6
lidl,Alesto Chia nasiona szałwii hiszpańskiej 160 g,Ryż i kasze,160,692.8,34.1,8.16,46.4,https://world.openfoodfacts.org/product/20949150,52.8,1.6,5.28,0
lidl,Castello Wafle ryżowe musli 100 g (10 x 10 g),Ryż i kasze,100,390,8,78,5,https://world.openfoodfacts.org/product/20858667,5,5,2,0.2
lidl,Golden Sun Bio Organic Weisser Quinoa 400g,Ryż i kasze,100,369,13.8,60.1,6.8,https://world.openfoodfacts.org/product/20137694,6.2,3.6,0.9,0.02
lidl,Golden Sun Ryż długoziarnisty 500 g,Ryż i kasze,100,361,7.5,77.4,1.9,https://world.openfoodfacts.org/product/20620387,,1.2,0.5,0.02
lidl,KUCHNIALIDLA.PL Kasza gryczana niepalona 500 g,Ryż i kasze,100,343,12.2,65.3,3.1,https://world.openfoodfacts.org/product/4056489179795,3.6,1.3,0.7,0.01
lidl,Kuchnia Lidla Kasza Jęczmienna (perłowa),Ryż i kasze,100,337,7.4,68.8,2.2,https://world.openfoodfacts.org/product/4056489119371,6.2,0.5,0.4,0.01
lidl,Kuchnia Lidla Kasza Jęczmienna (wiejska),Ryż i kasze,100,327,15.7,59.5,2.3,https://world.openfoodfacts.org/product/20394257,15.7,1.1,0.6,0.03
lidl,Kuchnia Lidla Kasza gryczana prażona 400g,Ryż i kasze,100,355,13,69,3.1,https://world.openfoodfacts.org/product/20209957,5.9,0.7,0.6,0.03
lidl,Kuchnia Lidla Kasza kuskus 400g,Ryż i kasze,100,360,12,72,1.5,https://world.openfoodfacts.org/product/20214463#typowe,3,0.7,0.3,0
lidl,Kuchnia Lidla Ryż Brązowy - Długoziarnisty 4 x 100 g,Ryż i kasze,100,341,7.5,75,2,https://world.openfoodfacts.org/product/20983734,4.2,0.9,0.5,0.01
lidl,Kuchnia Lidla.pl Kasza kuskus 300 g,Ryż i kasze,100,353,13,71,0,https://world.openfoodfacts.org/product/20760748,,2.8,0.2,0
lidl,Kuchnia lidla Kasza bulgur 400g,Ryż i kasze,100,348,10.8,69.8,1.5,https://world.openfoodfacts.org/product/4056489415039,6.2,0.8,0.6,0.05
lidl,Lidl Bulgur z sosem pomidorowym i hummusem 220 g,Ryż i kasze,220,484,12.3,46.4,25.3,https://world.openfoodfacts.org/product/4056489100614,,7.26,2.64,2.42
lidl,Lidl Kasza Gryczana,Ryż i kasze,100,340,12.5,62.6,2.9,https://world.openfoodfacts.org/product/4056489643678,,10,,0.01
lidl,Lidl Kasza jaglana 500 g,Ryż i kasze,100,350,9.7,68.3,3.4,https://world.openfoodfacts.org/product/4056489179801,4.2,1.1,0.6,0.01
lidl,Lidl Kasza jęczmienna perłowa,Ryż i kasze,100,332,10.8,63.4,1.5,https://world.openfoodfacts.org/product/01648119,,1.1,0.5,
lidl,"Lidl Lunch time - ryż, vermicelli, marchewka, groszek, bazylia 400 g",Ryż i kasze,100,347,8.9,73,1.2,https://world.openfoodfacts.org/product/4056489281696,4.4,3.2,0.3,0.05
lidl,Lidl Ryż biały długoziarnisty 400 g,Ryż i kasze,100,352,7.6,78,0.8,https://world.openfoodfacts.org/product/20053963,,,,
lidl,Lidl Ryż biały długoziarnisty basmati 400 g (4 x 100 g),Ryż i kasze,100,350,8.9,75,1.1,https://world.openfoodfacts.org/product/20983758,2.4,0.5,0.7,0.01
lidl,Nixe Sałatka Z Tunczykiem Kuskus,Ryż i kasze,100,180,10.9,12.3,9.2,https://world.openfoodfacts.org/product/4056489921196,,1.7,,0.81
lidl,Tastino Wafle kukurydziane - Czarnuszka i sól morska 105 g,Ryż i kasze,105,404.2,10.3,76.7,4.62,https://world.openfoodfacts.org/product/4056489587033,7.46,1.58,0.73,0.82
lidl,Chef Select Sałatka warzywna z groszkiem 500 g,Sałatki,100,180,3,8,15,https://world.openfoodfacts.org/product/1117182983058#typowe,2,3,1.3,1
lidl,Apetina Serek kremowy z pomidorami i bazylią 125 g,Sery,125,223.8,9.12,6.62,17.5,https://world.openfoodfacts.org/product/5760466986007,,5.38,11.1,1.5
lidl,"Bluedino Ser Gouda, ser podpuszczkowy dojrzewający. 400 g",Sery,100,347,26,0,27,https://world.openfoodfacts.org/product/20980405,0,0,17,1.3
lidl,Bluedino Ser podpuszczkowy 350 g,Sery,100,343,25,0,27,https://world.openfoodfacts.org/product/20980443,,0,17,1.3
lidl,Chêne d'Argent Ser Saint-Paulin 350 g,Sery,100,305,20,0,25,https://world.openfoodfacts.org/product/20088637,0,0,18,1.63
lidl,Cœur de Lion Camembert 250 g,Sery,100,273,20,1,21,https://world.openfoodfacts.org/product/3161910238710,,0.1,14,1.4
lidl,Deska serów Lidla hiszpański ser owczy,Sery,100,400,26,0,33,https://world.openfoodfacts.org/product/2820980001044#typowe,0,0,22,1.8
lidl,Eridanous Ser sałatkowy 200 g,Sery,100,252,15.5,3,20,https://world.openfoodfacts.org/product/4056489196921,,3,13,4
lidl,Lacpol Ser do grillowania z ziołami 100 g,Sery,100,334,21,4.5,25.5,https://world.openfoodfacts.org/product/20224806,,1,15.4,1.6
lidl,Lidl Fromello,Sery,100,243,6,3,23,https://world.openfoodfacts.org/product/20146238,0,3,15,0.7
lidl,Lidl Gouda - ser topiony kremowy 100 g,Sery,100,220,10,9,16,https://world.openfoodfacts.org/product/20465834,,3,10,2
lidl,Lidl Ser Gruyère,Sery,100,407,27,0.5,33,https://world.openfoodfacts.org/product/2846290001574,,0.5,21,1.57
lidl,Lovilio Mozzarella -Italian Style 125 g (przed odsączeniem 200 g),Sery,125,285,21.9,1,21.2,https://world.openfoodfacts.org/product/4056489091752,,1,15,0.5
lidl,Lovilio Mozzarella w plastrach 140 g,Sery,100,289,24,0.9,21,https://world.openfoodfacts.org/product/20499143,,0.9,13,1.18
lidl,Milbona Petit Brie 500g,Sery,100,334,16,0.5,30,https://world.openfoodfacts.org/product/3228024150090,,0.5,21,1.3
lidl,Milsani Serek Wiejski Lekki,Sery,100,80,11,2.3,3,https://world.openfoodfacts.org/product/28051923,,2.3,2,0.63
lidl,Milsani serek homogenizowany chudy 500 g,Sery,100,66,12,3.9,0.3,https://world.openfoodfacts.org/product/28065364,,3.9,0.2,0.1
lidl,Mlekovita Favita 270 g,Sery,100,230,10,4,18,https://world.openfoodfacts.org/product/5900512700014,,4,11,3
lidl,Mlekpol Serek Laciaty z chrzanem 150 g,Sery,150,346.5,8.25,7.5,31.5,https://world.openfoodfacts.org/product/5900820011536,,5.85,21,1.05
lidl,Nautica Lidl Mini Śledziki w sosie śmietanowym,Sery,100,293,6.4,6.1,27,https://world.openfoodfacts.org/product/20931452,,5.5,4.3,2
lidl,Pilos Amelia Serek homigenizowany o smaku waniliowym,Sery,100,123,6,14.3,5.14,https://world.openfoodfacts.org/product/20690175,,12.6,3.14,0.1
lidl,Pilos Brie. Ser podpuszczkowy dojrzewający z porostem białej pleśni 125 g,Sery,125,360,22.5,0.62,30,https://world.openfoodfacts.org/product/20980382,,0.62,21.2,2.12
lidl,Pilos Camembert naturalny 120 g,Sery,100,288,18,0.5,24,https://world.openfoodfacts.org/product/5901390005796,,0.5,17,1.7
lidl,Pilos Camembert ziołowy 120g,Sery,100,288,18,0.5,24,https://world.openfoodfacts.org/product/4056489180197,,0.5,17,1.7
lidl,Pilos Cheddar,Sery,100,272,24,5.8,17,https://world.openfoodfacts.org/product/5901126014115,,4.3,17,
lidl,Pilos Edam 150 g,Sery,100,347,26,0,27,https://world.openfoodfacts.org/product/20980504,,0,17,1.3
lidl,Pilos Emmentaler,Sery,100,370,28.2,0,28.5,https://world.openfoodfacts.org/product/9004584052159,,,22,0.7
lidl,Pilos Fromello - Serek z cebulą i szczypiorkiem 150g,Sery,150,375,8.7,7.35,34.5,https://world.openfoodfacts.org/product/20146252,,5.7,24,1.05
lidl,Pilos Gouda,Sery,100,334,25,0.1,26,https://world.openfoodfacts.org/product/5900120064942,,0.1,16,1.5
lidl,Pilos Gouda 500 g,Sery,100,348,24,0,28,https://world.openfoodfacts.org/product/5900486022204,0,0,19,1.7
lidl,"Pilos LGOUDA, SER TARIY 250 g",Sery,100,355,26,2,27,https://world.openfoodfacts.org/product/5900486021894,,0.5,,1.38
lidl,Pilos Mascarpone,Sery,100,420,4.5,3.5,43,https://world.openfoodfacts.org/product/5900120072787#typowe,0,3.5,29,0.1
lidl,Pilos Mascarpone 250g,Sery,100,420,4.5,3.5,43,https://world.openfoodfacts.org/product/5900531001895#typowe,0,3.5,29,0.1
lidl,Pilos Mini Mozzarella light 245 g,Sery,245,404.3,50.2,3.68,20.8,https://world.openfoodfacts.org/product/4056489126904,,3.68,14.7,
lidl,Pilos Mozzarella W Kawałku,Sery,100,294,24,0,22,https://world.openfoodfacts.org/product/5900820024697,,0,14,0.98
lidl,Pilos Naturalny twaróg półtłusty 275 g,Sery,275,327.2,46.8,9.35,11.6,https://world.openfoodfacts.org/product/20858063,,8.25,7.7,0.28
lidl,Pilos Ser 150g,Sery,150,520.5,39,0,40.5,https://world.openfoodfacts.org/product/20980498,,0,25.5,1.95
lidl,Pilos Ser Carski 250 g,Sery,100,343,26,1.3,26,https://world.openfoodfacts.org/product/5900857011769,0,0,18,1
lidl,Pilos Ser Carski 500 g,Sery,100,334,25,0,26,https://world.openfoodfacts.org/product/5900512987545,,,17,1.1
lidl,Pilos Ser Carski XXL 500g,Sery,100,347,26,0,27,https://world.openfoodfacts.org/product/5900820022136,,0,17,1.3
lidl,Pilos Ser Edam,Sery,100,334,25,0.1,26,https://world.openfoodfacts.org/product/5900120064935,0.1,,,
lidl,Pilos Ser Gouda 250 g,Sery,100,366,24,1.5,26,https://world.openfoodfacts.org/product/20207786,,0,18,1.5
lidl,Pilos Ser Gouda 300 g,Sery,100,338,25,1.1,26,https://world.openfoodfacts.org/product/5901005006934,,0,18,1.5
lidl,Pilos Ser Gouda Tarty 300 g,Sery,100,334,25,0,26,https://world.openfoodfacts.org/product/5900512987125,,0,17,1.28
lidl,Pilos Ser Krajanka 504 g,Sery,100,355,25,0,28,https://world.openfoodfacts.org/product/2807052005049#typowe,0,0,18,1.7
lidl,Pilos Ser Mimolette,Sery,100,320,25,0,24,https://world.openfoodfacts.org/product/5900486022020,,0,17,1.97
lidl,"Pilos Ser Tylżycki, plastry. 150 g",Sery,150,520.5,39,0,40.5,https://world.openfoodfacts.org/product/20933487,,0,25.5,2.7
lidl,Pilos Ser emmentaler 150 g,Sery,150,582,45.8,0.15,44.2,https://world.openfoodfacts.org/product/20089191,,0.15,31.5,1.2
lidl,Pilos Ser gouda 500 g,Sery,100,344,23.1,0.1,27.9,https://world.openfoodfacts.org/product/4056489799610,0,0.1,19.3,1.96
lidl,Pilos Ser maślany 300 g,Sery,300,990,72,0.3,78,https://world.openfoodfacts.org/product/4056489787754,,,,
lidl,Pilos Ser salami 300 g,Sery,300,933,78,0.3,69,https://world.openfoodfacts.org/product/5900120064959,4.5,0.3,42,
lidl,Pilos Ser salami 300 g (plastry),Sery,300,1029,75,0,81,https://world.openfoodfacts.org/product/20980610,0,0,51,3.9
lidl,Pilos Ser Żółty High Protein,Sery,100,198,31,0,8.2,https://world.openfoodfacts.org/product/5902208001290,,,,
lidl,Pilos Serek Wiejski Lekki 200g,Sery,200,170,24,5,6,https://world.openfoodfacts.org/product/5900820022280,,5,4,1.4
lidl,Pilos Serek Wiejski lekki 500 g,Sery,100,81,11,2.4,3,https://world.openfoodfacts.org/product/5900512987569,,2.4,2,0.7
lidl,Pilos Serek homogenizowany naturalny 400 g,Sery,100,110,7.9,2.8,7.5,https://world.openfoodfacts.org/product/20762179,,2.8,4.9,0.09
lidl,Pilos Serek homogenizowany truskawkowy 150 g,Sery,150,196.5,9.45,22.5,7.5,https://world.openfoodfacts.org/product/20690182,,21,4.8,0.17
lidl,Pilos Serek truskawkowy 80 g,Sery,80,89.6,5.12,11.9,2.4,https://world.openfoodfacts.org/product/20710866,0.08,11.3,1.6,0.08
lidl,Pilos Serek wiejski lekki 3% 200 g,Sery,200,162,22,4.8,6,https://world.openfoodfacts.org/product/5900512987682,,4.8,4,1.4
lidl,Pilos Serek wiejski lekki 3% tłuszczu 200 g,Sery,200,160,22,4.6,6,https://world.openfoodfacts.org/product/20465384,,4,5.2,1.28
lidl,Pilos Serek wiejski naturalny 200 g,Sery,200,194,22,4,10,https://world.openfoodfacts.org/product/20858018,,3,7,0.4
lidl,Pilos Serek śmietankowy 200 g,Sery,100,260,6,3,25,https://world.openfoodfacts.org/product/5900120072817#typowe,0,3,17,0.8
lidl,Pilos Set Gouda 300g,Sery,100,344,26,1.4,26,https://world.openfoodfacts.org/product/4056489184140,0,0.2,18,1.5
lidl,Pilos Skyr,Sery,100,64,12,4.1,0,https://world.openfoodfacts.org/product/5900531004667,,4.1,0,0.1
lidl,Pilos Twaróg tłusty,Sery,100,150,16,3.5,8,https://world.openfoodfacts.org/product/20858100,,3.5,5,0.5
lidl,Pilos Twaróg wędzony 250 g,Sery,250,542.5,32.5,7.5,42.5,https://world.openfoodfacts.org/product/20382421,,7.5,27.5,3.75
lidl,Piątnica Serek Wiejski wysokobiałkowy 200g,Sery,200,190,30,4,6,https://world.openfoodfacts.org/product/5900531007019,,4,4,1.18
lidl,Piątnica Serek homogenizowany truskawkowy 150 g,Sery,150,195,9.45,18,9.45,https://world.openfoodfacts.org/product/5900531011023,,9.45,6.45,0.15
lidl,Ryki Rycki Maasdam 135 g,Sery,100,355,26,2,27,https://world.openfoodfacts.org/product/5902208000842,,0,18,1.1
lidl,Serek homogenizowany waniliowy Piratki 120 g,Sery,120,150,8.16,13.2,7.2,https://world.openfoodfacts.org/product/5900531011054,,13.2,4.8,0.12
lidl,St. Mang Ser Limburger,Sery,100,265,23,0.5,19,https://world.openfoodfacts.org/product/4101430004104,,0.5,12,2.3
lidl,Valley Spire Cheddar dojrzewający w plastrach 250 g,Sery,100,417,25.4,0.1,34.9,https://world.openfoodfacts.org/product/20428761,,0.1,21.7,1.8
lidl,Zoma Ser topiony w plastrach 200 g (10 x 20 g),Sery,20,46.2,2.74,1.22,3.2,https://world.openfoodfacts.org/product/4056489129622,,1.2,0.16,0.62
lidl,Biotrend Bio Pomidor i warzywa 500 ml,Soki,500,95,3.5,16.5,0.5,https://world.openfoodfacts.org/product/20141875,,16,0.5,3
lidl,Chef Select Sok jabłko-pomarańcza-truskawka 500 ml,Soki,500,215,2,50.5,0,https://world.openfoodfacts.org/product/4056489217428,2,46,,0.05
lidl,EKODOBRO! Sok pomidorowy EKO OWOLOVO 200 ml,Soki,200,50,2,10.4,1,https://world.openfoodfacts.org/product/5901958613081,1,10.2,0.2,1.04
lidl,Freeway 2 l,Soki,100,38.8,0.1,9.6,0,https://world.openfoodfacts.org/product/20046125,0,9.6,0,
lidl,Lidl Smoothie odporność,Soki,100,60,0.6,13,0.2,https://world.openfoodfacts.org/product/5903760702946#typowe,1.5,11,0,0
lidl,OWOLOVO Ekodobro! Pikantny sok pomidorowy EKO 200 ml,Soki,200,52,1.8,10.6,1,https://world.openfoodfacts.org/product/5901958613098,1,7.6,0.2,1.04
lidl,Sol & Mar Sok mandarynkowy 100% 750 ml,Soki,100,40,0.6,8.9,0.1,https://world.openfoodfacts.org/product/20646752,0.5,8.6,0,0
lidl,Solevita Bio sok z kiszonej kapusty z solą morską 500 ml,Soki,500,75,4,7.5,1,https://world.openfoodfacts.org/product/20206758,,5,0.5,4.4
lidl,Solevita Jabłko Sok 100% 1l,Soki,100,44,0.1,10.6,0.1,https://world.openfoodfacts.org/product/4056489622307,0.1,10.1,0.1,0.01
lidl,Solevita Kaktus 1 l,Soki,100,36,0.5,8.6,0.5,https://world.openfoodfacts.org/product/4056489444282,,8.6,0.1,0.01
lidl,Solevita Lidl Sok tłoczony jabłko-mango,Soki,100,57,0.5,13.4,0.5,https://world.openfoodfacts.org/product/20348267,0.5,12.8,0,0
lidl,Solevita Nektar czarna porzeczka 1 l,Soki,100,21,0.5,5.2,0,https://world.openfoodfacts.org/product/4056489878841,0,4.9,0,0.02
lidl,Solevita Pomarańcza Brazylijska Sok 100% 1l,Soki,100,46,0.6,10.5,0.1,https://world.openfoodfacts.org/product/4056489586708#typowe,0.3,9.5,0,0
lidl,Solevita Pomarańcza sok tłoczony 1 l,Soki,100,44,0.7,9.1,0.2,https://world.openfoodfacts.org/product/4056489248989,,9.1,0.1,0.01
lidl,Solevita Red smoothie 750 ml,Soki,100,53,0.4,12.5,0,https://world.openfoodfacts.org/product/4056489415343,,11.7,0,0.01
lidl,Solevita Smoothie 250ml,Soki,250,150,1.5,32.5,0.5,https://world.openfoodfacts.org/product/4056489784135#typowe,3.75,27.5,0,0
lidl,Solevita Sok 100% tłoczony na zimno Ananas Melon Mango 500 ml,Soki,500,240,3,54,0.5,https://world.openfoodfacts.org/product/4056489217411,3.5,52.5,0,0.2
lidl,Solevita Sok 100% tłoczony z miąższem Pomarańcza Grejpfrut Pitaja 1 l,Soki,100,41,0.7,8.8,0,https://world.openfoodfacts.org/product/4056489315605,,8.7,0,0.01
lidl,Solevita Sok Tłoczony Jabłkowo Aroniowy 330 ml,Soki,330,151.8,1.65,36.3,1.65,https://world.openfoodfacts.org/product/20818784,1.65,29.7,0.33,0.03
lidl,Solevita Sok jabłkowy 1 l,Soki,100,45,0.1,10.4,0.1,https://world.openfoodfacts.org/product/20569105,0.5,9.9,0.1,0.01
lidl,Solevita Sok tłoczony z jabłek półsłodki 3 l,Soki,100,45,0.5,11,0.5,https://world.openfoodfacts.org/product/20901752,,10,0,0.01
lidl,Solevita Sok wieloowocowy 1 l,Soki,100,50,0.01,11.6,0.1,https://world.openfoodfacts.org/product/20441470,,10.7,0,
lidl,Solevita Sok z buraków 500 ml,Soki,500,185,5,40,0.5,https://world.openfoodfacts.org/product/20206765,,40,0.5,0.4
lidl,Solevita Sok z jabłek i owoców jagodowych 1 l,Soki,100,49,0,11.6,0,https://world.openfoodfacts.org/product/20997564,,11.2,0,0.01
lidl,Vemondo Owsiane smoothie 250 G,Soki,250,107.5,1.25,23,0.5,https://world.openfoodfacts.org/product/5900168530881,2.25,13.8,0.25,0.05
lidl,Vemondo Owsiane smoothie jagoda i gruszka 250 g,Soki,250,115,1.25,24.8,0.5,https://world.openfoodfacts.org/product/5900168530904,2.5,13.2,0.25,
lidl,Vemondo Owsiane smoothie mango i banan 250 g,Soki,250,142.5,1.25,31.8,0.5,https://world.openfoodfacts.org/product/5900168530911,2.5,18.8,0.25,0.03
lidl,Vemondo Owsiane smoothie owoce lata 250 g,Soki,250,105,1.75,22.5,0.5,https://world.openfoodfacts.org/product/5900168530959,1.25,17.5,0.25,0.03
lidl,Vemondo Owsiane smoothie wiśnia i banan 250 g,Soki,250,115,1.25,24.8,0.5,https://world.openfoodfacts.org/product/5900168530898,2.5,13.2,0.25,0.03
lidl,Vemondo Owsiane smoothie śliwka i jabłko 250 g,Soki,250,107.5,1.5,23.5,0.5,https://world.openfoodfacts.org/product/5900168530966,1.25,16.2,0.25,0.03
lidl,Chef Select Zapiekanka Kebab Z Sosem Beszamelowym,Sosy,100,235,11.3,28.6,7.8,https://world.openfoodfacts.org/product/4056489813354,,,,
lidl,Combino Sos pomidorowy neapolitański Bio 350 g,Sosy,350,178.5,4.55,29.4,3.15,https://world.openfoodfacts.org/product/4056489447160,,23.1,0.7,5.6
lidl,Develey Musztarda Bawarska 270 g,Sosy,100,93,5.2,3.1,5.4,https://world.openfoodfacts.org/product/5906425110285,,3.1,0.7,3.8
lidl,Heinz Sos tysiąca wysp 220ml,Sosy,100,399,2.2,15,36,https://world.openfoodfacts.org/product/5900783009885,,14,3,1.2
lidl,Italiamo Sos orzechowy 180 g,Sosy,180,1114.2,20.7,52.6,90.7,https://world.openfoodfacts.org/product/20460983,,22,20.7,2.38
lidl,Italiamo Sos pomidorowy z bazylią 650 ml,Sosy,100,48,1.6,10.4,0,https://world.openfoodfacts.org/product/20164041,1.6,6.4,,0.56
lidl,Kania Chrzan 160 g,Sosy,100,90,2,10,4,https://world.openfoodfacts.org/product/4056489534303#typowe,3,6,0.4,1.5
lidl,Kania Czosnkowy sos 410 g,Sosy,100,384,0.9,8.3,38,https://world.openfoodfacts.org/product/20145880,,6.4,2.9,1.49
lidl,Kania Ketchup Premium,Sosy,100,102,1.2,23,0.1,https://world.openfoodfacts.org/product/4056489179986#typowe,0.5,21,0,1.8
lidl,Kania Ketchup pikantny 560 g,Sosy,100,140,1.3,33,0.1,https://world.openfoodfacts.org/product/20142322,0.9,29,0.1,3.2
lidl,Kania Mayonnaise 400 ml,Sosy,100,704,1.5,2.9,76.3,https://world.openfoodfacts.org/product/20014421,0,2.3,5.3,0.6
lidl,Kania Musztarda Dijon 180 g,Sosy,100,149,7.2,1.8,11,https://world.openfoodfacts.org/product/4056489359012,,1.8,0.8,6.1
lidl,Kania Musztarda francuska premium 190 g,Sosy,100,120,8,7.4,4.2,https://world.openfoodfacts.org/product/4056489060918,,5,0.2,3.02
lidl,Kania Sos do tortilli 430 g,Sosy,100,295,1.6,22,22,https://world.openfoodfacts.org/product/4056489584131,,19,1.6,
lidl,Kotlin Ketchup Premium 450 g,Sosy,100,102,2.3,23,0.1,https://world.openfoodfacts.org/product/5900385501688,0,22,0.1,2
lidl,Lidl Ketchup łagodny 560 g,Sosy,100,148,1.4,35,0.1,https://world.openfoodfacts.org/product/20142339,0.9,31,0.1,3.2
lidl,Lidl Musztarda stołowa łagodna 210 g,Sosy,100,107,5.1,6.9,4.9,https://world.openfoodfacts.org/product/4056489358923,,6.8,0.7,2.3
lidl,Lidl Poledwica Lososiowa,Sosy,100,110,23,0.5,1.9,https://world.openfoodfacts.org/product/4335619093669,,,,3.25
lidl,Nautica Lidl Mini śledziki w sosie musztardowym,Sosy,100,362,6.64,7.36,34,https://world.openfoodfacts.org/product/20931421,,7,4,2
lidl,Pudliszki Ketchup Super Pikantny 480 g,Sosy,100,137,1.1,32,0.1,https://world.openfoodfacts.org/product/5900783006426,1.1,27,0.1,3.2
lidl,Pudliszki Ketchup Łagodny Premium 470g,Sosy,100,113,1.5,26,0.1,https://world.openfoodfacts.org/product/5900783008581,1,22,0.1,2.4
lidl,Sol & Mar Piri-Piri 195 ml,Sosy,195,31.2,1.17,1.75,1.56,https://world.openfoodfacts.org/product/20026752,,0.97,0.39,10.3
lidl,Vemondo Wegański sos aioli 250 ml,Sosy,250,1222.5,3,20.2,125,https://world.openfoodfacts.org/product/4056489815600,0.75,10.2,9,2.1
lidl,ChanteSel Sól jodowana 500 g,Sosy i przyprawy,100,0,0,0,0,https://world.openfoodfacts.org/product/20044350,0,0,0,100
lidl,El Tequito Jalapeños 350 g,Sosy i przyprawy,350,42,2.1,5.6,0.35,https://world.openfoodfacts.org/product/20484804,3.15,1.05,0.35,7
lidl,Eridanous Gyros 35g,Sosy i przyprawy,35,88.5,3.64,8.64,2.17,https://world.openfoodfacts.org/product/4056489644286,,2.45,0.32,7.07
lidl,Italiamo ground chili peppers in olive oil,Sosy i przyprawy,100,332,1,2.5,35,https://world.openfoodfacts.org/product/20422103,3.4,0.5,6,2.8
lidl,Kania Gewürzzubereitung „Perfekt für Bratkartoffeln „ 65 g,Sosy i przyprawy,65,140.4,5.4,22.2,1.69,https://world.openfoodfacts.org/product/4056489123651,,3.84,0.26,25.9
lidl,Kania Kostka rosołowa - rosół drobiowy 120 g (12 x 10 g),Sosy i przyprawy,10,24.5,0.46,1.9,1.6,https://world.openfoodfacts.org/product/20420635,,0.52,0.96,5.04
lidl,"Kania Przyprawa do zup, sosów i sałatek 510 ml",Sosy i przyprawy,100,24,3.4,1.8,0.5,https://world.openfoodfacts.org/product/20146115,,1.5,0,26.7
lidl,Lidl Kostka rosołowa - rosół wołowy 120 g (12 x 10 g),Sosy i przyprawy,10,24,0.98,1.5,1.5,https://world.openfoodfacts.org/product/20420642,,0.33,0.95,4.92
lidl,Lidl Sól jodowana 1 kg,Sosy i przyprawy,100,0,0,0,0,https://world.openfoodfacts.org/product/20052669,,0,0,98.2
lidl,SOL & MAR Czosnek z chilli w oleju 180g,Sosy i przyprawy,180,122.4,1.26,2.34,11,https://world.openfoodfacts.org/product/4056489210221,4.32,0.36,1.26,2.07
lidl,Go On krem orzechowy gładki 500g,Strączkowe,100,603,27,12,48,https://world.openfoodfacts.org/product/5900617038289,7.6,6.7,6.4,0.04
lidl,Alesto Mini batoniki z nerkowcow 6 x 17 g,Słodycze,17,76,1.58,8.11,3.94,https://world.openfoodfacts.org/product/4056489811602,0.83,7.02,0.65,0
lidl,Beskidzkie łakocie Paluszki w mlecznej czekoladzie 50 g,Słodycze,50,233,4.15,30.5,10,https://world.openfoodfacts.org/product/5907029004994,2.25,13,5.5,0.46
lidl,Crownfield Batoniki musli czekolada-banan 200 g,Słodycze,200,896,13.6,131.2,33.6,https://world.openfoodfacts.org/product/20080662,8,63.2,14.4,0.56
lidl,Crownfield Ciastka czekoladowe,Słodycze,100,364,8.1,77,1.5,https://world.openfoodfacts.org/product/4056489815792,,21.5,,0.67
lidl,Cukiernia Lidla Strucla owocowa 450 g,Słodycze,100,330,6,55,9,https://world.openfoodfacts.org/product/4056489282273#typowe,1.5,25,3.5,0.6
lidl,Czekolateria Baton Arcy Orzech,Słodycze,100,536,9.3,46,34,https://world.openfoodfacts.org/product/20760571,,45,17,0.57
lidl,Czekolateria Galaretki o smaku wiśniowym w czekoladzie 190 g,Słodycze,190,742.9,1.9,146.3,15.2,https://world.openfoodfacts.org/product/20127503,,100.7,9.69,0.53
lidl,Czekolateria Mleczko o smaku waniliowym 380 g,Słodycze,100,415,1.8,67,15,https://world.openfoodfacts.org/product/20013721,,50,7.7,0.01
lidl,Czekolateria Pianka o smaku waniliowym w czekoladzie deserowej 380 g,Słodycze,100,401,2.8,58.9,17,https://world.openfoodfacts.org/product/4056489120087,,53.9,9.5,0.08
lidl,Deluxe Ciasto figowo-migdałowe 200 g,Słodycze,200,572,10,102.4,9.4,https://world.openfoodfacts.org/product/20659523,18.6,96,1,0.4
lidl,Eridanus Halva 250 g,Słodycze,100,556,12.2,45.1,35.4,https://world.openfoodfacts.org/product/20233655,,29.3,7.68,0
lidl,Favorina Edelmarzipan-Brot Zartbitter 125 g,Słodycze,125,588.8,10.2,65.9,29.9,https://world.openfoodfacts.org/product/20081072,,65.1,6.62,0.01
lidl,Favorina Pierniczki Dominosteine w gorzkiej czekoladzie 250 g,Słodycze,250,1017.5,10.2,162.5,34.2,https://world.openfoodfacts.org/product/20036232,,128.2,15,0.07
lidl,Favorina Pierniczki serca w gorzkiej czekoladzie 300 g,Słodycze,300,1074,12.9,198,23.1,https://world.openfoodfacts.org/product/20154691,10.8,120,14.1,0.75
lidl,Favorina coniglio pasquale 75 g,Słodycze,75,393.8,4.88,43.9,21.8,https://world.openfoodfacts.org/product/20636838,,43.4,13.4,0.3
lidl,Fin Carré Czekolada biała 100 g,Słodycze,100,571,6.3,52.8,37.1,https://world.openfoodfacts.org/product/20368197,0.5,52.2,23,0.35
lidl,Fin Carré Czekolada gorzka 74% 100 g,Słodycze,100,571,9.9,32,42,https://world.openfoodfacts.org/product/20022464,,26,26,0.02
lidl,Fin Carré Czekolada gorzka z całymi orzechami laskowymi 100 g,Słodycze,100,587,8.6,34.4,44.3,https://world.openfoodfacts.org/product/20815356,8,30,17.9,0.01
lidl,"Fin Carré Czekolada mleczna 100 g (24 x 4,16 g)",Słodycze,100,544,6.3,57.3,31.8,https://world.openfoodfacts.org/product/20005825,0.5,9.4,3,0.06
lidl,Fin Carré Czekolada mleczna napowietrzana 100 g,Słodycze,100,542,6.3,56.4,31.8,https://world.openfoodfacts.org/product/40875583,,55.9,19.4,0.17
lidl,Fin Carré Czekolada śmietankowa półgorzka 200 g,Słodycze,200,1158,15.2,84.8,81.8,https://world.openfoodfacts.org/product/20080204,,79.8,51.6,0.4
lidl,First Nice Banany w czekoladzie 595 g,Słodycze,100,420,2.8,78.9,9.3,https://world.openfoodfacts.org/product/20660635,,61.4,5.9,0.3
lidl,Frank&Oli Jaglane miękkie ciasteczko pasta orzechowa + chia 50g,Słodycze,100,419,16,25,23,https://world.openfoodfacts.org/product/5900316552062,24,7.6,3.3,0.82
lidl,Frank&oli Keto kokos i orzech nerkowca miękkie ciasteczko 50 g,Słodycze,50,232.5,3.85,6.55,17.4,https://world.openfoodfacts.org/product/5900316552239,16.9,4.5,11.3,0.32
lidl,Go on protein 50 g,Słodycze,50,212,10,22,9,https://world.openfoodfacts.org/product/09929018,4.4,14.5,5,0.05
lidl,Hatherwood Słony karmel 200 g,Słodycze,100,440,3.6,67.9,16,https://world.openfoodfacts.org/product/4056489350392,,63.3,10.1,0.55
lidl,"Italiamo Cukierki z 50% kremowym nadzieniem o smaku pomarańczowym, w polewie o smaku czekoladowym",Słodycze,100,587,5.7,45,42,https://world.openfoodfacts.org/product/4056489847380,3.2,45,38,0.11
lidl,J.D. Gross Czekolada sernik truskawkowy 97 g,Słodycze,97,553.9,5.43,52.3,35.6,https://world.openfoodfacts.org/product/4056489953784,1.26,49.6,20.6,0.17
lidl,Kinder Bueno White 39 g,Słodycze,39,222.7,3.31,20.7,14,https://world.openfoodfacts.org/product/80761761,,17.1,6.55,0.13
lidl,Lidl Arcykarmel 42 g,Słodycze,42,218.4,2.48,22.9,12.9,https://world.openfoodfacts.org/product/20340599,0.55,20.5,7.69,0.24
lidl,Lidl Baton musli jabłko 30 g,Słodycze,30,141.6,2.4,18.6,6,https://world.openfoodfacts.org/product/20077242,1.8,8.7,2.85,0.25
lidl,Lidl Baton proteinowy WPC,Słodycze,100,388,20,42,15,https://world.openfoodfacts.org/product/5907554479694,,,,
lidl,Lidl Czekolada mleczna,Słodycze,100,516,5.7,57.3,29,https://world.openfoodfacts.org/product/20902476,1.3,50.5,17,0.18
lidl,Lidl Nugat,Słodycze,100,377,1.7,83,3.9,https://world.openfoodfacts.org/product/4056489264002,,61.6,1.6,
lidl,Lidl Savoiardi Sponge Fingers 200 g (2 x 100 g),Słodycze,100,378,8.5,76.5,3.8,https://world.openfoodfacts.org/product/40881799,1.7,42,1.1,0.25
lidl,Lidl Sweet Corner Dropsy owocowe 200 g,Słodycze,200,772,0,190.2,0,https://world.openfoodfacts.org/product/20078683,,133.8,0,0
lidl,Millano Czekolada mleczna z nadzieniem arachidowym 100 g,Słodycze,100,546,8.8,51.1,33.5,https://world.openfoodfacts.org/product/5904358562775,,49.5,17.2,0.57
lidl,Mister Choc Baton proteinowy brownie,Słodycze,100,364,50,20,9.9,https://world.openfoodfacts.org/product/4335619034143,1.3,1.4,5.2,0.62
lidl,Mister Choc Caramel et biscuit 58g,Słodycze,58,287.1,2.9,36.1,14.6,https://world.openfoodfacts.org/product/20272760,,24.2,8.29,0.39
lidl,Mister Choc Chrupiący baton proteinowy,Słodycze,100,510,28.3,30,32,https://world.openfoodfacts.org/product/4056489881193,2.4,16.4,16.3,0.45
lidl,Mister Choc Cocos & choco minis 350 g,Słodycze,350,1666,15.4,189,87.5,https://world.openfoodfacts.org/product/20046347,,171.5,66.5,0.49
lidl,"Mister Choc Czekolada z herbatnikiem, ciemna i biała",Słodycze,100,525,6.2,57.4,29.7,https://world.openfoodfacts.org/product/4056489100430,,50.8,18.3,0.33
lidl,Mister Choc Pałeczki czekoladowe z nadzieniem owocowym 150 g,Słodycze,150,594,3,109.5,14.9,https://world.openfoodfacts.org/product/20336622,3.45,108,9.3,0.15
lidl,Mister Choc Praliny z czekolady mlecznej 210 g,Słodycze,210,1113,12,113.2,67.2,https://world.openfoodfacts.org/product/20707743,,102.3,40.1,0.63
lidl,Oster Phantasie Jajeczka z czekolady mlecznej 100 g,Słodycze,100,544,7.5,55,32,https://world.openfoodfacts.org/product/28069416,,54,20,0.18
lidl,Pergale Czekoladki z wódką 190 g,Słodycze,100,416,1.7,69,9.42,https://world.openfoodfacts.org/product/4770179109991,,68,5.79,0.01
lidl,Pilos Batonik twarogowy orzechowy 40 g,Słodycze,40,155.2,6,11.2,9.6,https://world.openfoodfacts.org/product/20720285,0,8.8,6.8,0.04
lidl,Protein Bar Chrupiący baton proteinowy o smaku malinowym,Słodycze,100,369,32,37,16,https://world.openfoodfacts.org/product/4056489997672,0.3,3.4,9.5,0.62
lidl,Regionalne Polskie Smaki Lidl Śliwka Węgierka W Czekoladzie,Słodycze,100,388,2.6,66.3,11.6,https://world.openfoodfacts.org/product/4335619033597,,61.6,,0.04
lidl,"Ricola Żurawina 27,5g",Słodycze,27.5,65.7,0,26.7,0,https://world.openfoodfacts.org/product/7610700008096,,0,0,0
lidl,Ritter Sport Czekolada truskawkowo-jogurtowa 100 g,Słodycze,100,578,6.6,49,39,https://world.openfoodfacts.org/product/4000417237002,0,48,23,0.22
lidl,Ritter Sport Czekolada z musem kakaowym 100 g,Słodycze,100,577,7.4,47,39,https://world.openfoodfacts.org/product/4000417294005,,46,23,0.27
lidl,Ritter Sport Marcepan 100 g,Słodycze,100,496,7,52,27,https://world.openfoodfacts.org/product/4000417025005,,51,11,0.01
lidl,Schogetten Czekolada mleczna alpejska 100 g,Słodycze,100,560,5.4,55,35,https://world.openfoodfacts.org/product/4000607850004,,55,22,0.14
lidl,Skarby zielnika Lord Nelson Rumianek o smaku karmelowym 29 g,Słodycze,29,0.58,0.12,0.14,0.03,https://world.openfoodfacts.org/product/20691066,,0.14,0.03,0.01
lidl,Snickers 75 g,Słodycze,75,366.8,6.52,45,17.2,https://world.openfoodfacts.org/product/5900951027307,0,38.2,5.85,0.46
lidl,Sondey Chrupiące Ciastka Jabłkowe Dynia + Gryka 120 g,Słodycze,120,616.8,13.2,46.8,40.8,https://world.openfoodfacts.org/product/4056489446163,6.96,7.68,4.92,0.06
lidl,Sondey Chrupiące Ciastka Marchewkowe Płatki Jaglane + Siemię Lniane 120 g,Słodycze,120,618,11.4,61.2,34.8,https://world.openfoodfacts.org/product/4056489446156,6.24,4.56,3.24,0.37
lidl,Sondey Ciasteczko Keto Kokos Nerkowiec 50g,Słodycze,50,240,6,5,20,https://world.openfoodfacts.org/product/4056489922100#typowe,4,1.5,7.5,0.2
lidl,Sondey Ciastka Kruche 400 g,Słodycze,100,541,4.6,61.8,30.1,https://world.openfoodfacts.org/product/20029968,,23.1,14.8,0.47
lidl,Sondey Inspiracje z czekoladą malinowe,Słodycze,100,360,4.3,69,6.8,https://world.openfoodfacts.org/product/4056489723875,2.9,47,3.7,0.2
lidl,Sondey Miękkie ciasteczko Keto masło orzechowe 50 g,Słodycze,100,560,35,15,40,https://world.openfoodfacts.org/product/4056489922117#typowe,6,5,7,0.5
lidl,Sondey Miękkie ciasteczko proteinowe brownie 50 g,Słodycze,50,215,7.5,17.5,12.5,https://world.openfoodfacts.org/product/4056489922087#typowe,2.5,7.5,4,0.2
lidl,Sondey Rurki waflowe z kremem o smaku waniliowym 280g,Słodycze,280,1416.8,16.7,175,70.8,https://world.openfoodfacts.org/product/4056489715658,6.66,129.1,27.5,0.67
lidl,SugarLand Kwaśne żelki owocowe 200 g,Słodycze,100,323,3.9,75,0,https://world.openfoodfacts.org/product/20724054,,51.7,0,0.1
lidl,Sweet Corner Veggie bears 300 g,Słodycze,300,1032,0,253.2,1.5,https://world.openfoodfacts.org/product/4056489697909,,158.4,0.6,0.02
lidl,Tastino Ciasteczka jaglano-gryczane 120 g,Słodycze,120,584.4,9,68,29.4,https://world.openfoodfacts.org/product/20860257,5.64,26.6,14.2,0.42
lidl,"Tastino Ciastka zbożowe z musli, wzbogacone w wapń, magnez i żelazo. 50 g",Słodycze,50,217.5,3.7,34,7,https://world.openfoodfacts.org/product/4056489184638,1.8,12,3.15,0.28
lidl,Tastino Dubletka kakaowo-orzechowa 20g,Słodycze,20,110,1.1,11.3,6.6,https://world.openfoodfacts.org/product/20497149,0.5,8.7,3.8,0
lidl,Tastino Sasanki 210g,Słodycze,210,1110.9,13.7,134.2,55.9,https://world.openfoodfacts.org/product/20343255,8.4,55.9,25.2,0.32
lidl,Tastino Wafle kukurydziane 35g,Słodycze,35,134.8,3.32,26.9,1.05,https://world.openfoodfacts.org/product/20858698,,,,
lidl,Toblerone 100 g,Słodycze,100,528,5.6,61,28,https://world.openfoodfacts.org/product/7614500010013,2.4,60,17,0.12
lidl,Trolli Number One 1000g,Słodycze,100,335,5.3,76,0,https://world.openfoodfacts.org/product/4000512015062,,57,,0.12
lidl,Baresa Pomidory suszone w oleju z papryczką chilli,Tłuszcze i oleje,100,177,2.8,7.3,14,https://world.openfoodfacts.org/product/4056489539964,,7,1.6,3.13
lidl,Eridanous Grecka oliwa z oliwek extra virgin 750 ml,Tłuszcze i oleje,100,824,0,0,91.6,https://world.openfoodfacts.org/product/20706784,,0,12.8,0
lidl,Lidl Primadonna Bio Hiszpańska oliwa z oliwek. 500ml,Tłuszcze i oleje,100,822,0,0,91.3,https://world.openfoodfacts.org/product/20729783,,0,13.8,0
lidl,Primadonna Extra virgin olive oil 500 ml,Tłuszcze i oleje,100,800,0,0,93.3,https://world.openfoodfacts.org/product/4056489135753,0,0,13.3,0
lidl,Promienna Roślinna 1 kg,Tłuszcze i oleje,100,180,0,0,20,https://world.openfoodfacts.org/product/20288723,,0,6,1
lidl,Vita D'or Olej kokosowy 460 g,Tłuszcze i oleje,100,900,0,0,100,https://world.openfoodfacts.org/product/40875224,,0,92,0
lidl,Vita D'or Olej rzepakowy,Tłuszcze i oleje,100,828,0,0,92,https://world.openfoodfacts.org/product/20753504,0,0,6.4,0
lidl,Vita D'or Olej rzepakowy 1 l,Tłuszcze i oleje,100,828,0,0,92,https://world.openfoodfacts.org/product/20013578,0,0,7,0
lidl,VitaD'or Margaryna lekka 39 %. 500 g,Tłuszcze i oleje,100,351,0,0,39,https://world.openfoodfacts.org/product/20340513,0,0,11,0.3
lidl,1001 Delights Pestki granatu w soku z granatów 185 g,Warzywa i owoce,185,157.2,1.48,29.4,0.56,https://world.openfoodfacts.org/product/20306533,,22.8,0.19,0.04
lidl,Baresa Koncentrat pomidorowy 200 g,Warzywa i owoce,100,106,4.3,18.5,0.3,https://world.openfoodfacts.org/product/4056489922551,3.9,16.4,0,0.05
lidl,Baresa Pomidory suszone w oleju z oliwkami 285 g,Warzywa i owoce,100,247,3.8,7,21.2,https://world.openfoodfacts.org/product/20979881,,4.6,2.5,2.41
lidl,Baresa Pomidory suszone w oleju z pestkami dyni 285 g,Warzywa i owoce,100,283,4.7,9.8,23.6,https://world.openfoodfacts.org/product/20979874,,6.3,2.7,1.76
lidl,Bio organic blueberries 125 g,Warzywa i owoce,125,60,1.12,11.4,0.25,https://world.openfoodfacts.org/product/20240165,1.88,11.4,0,0.01
lidl,Candiezz Dattelcherrytomaten 500g,Warzywa i owoce,100,14,0.9,1.9,0.5,https://world.openfoodfacts.org/product/20316488,1.3,1.9,0.1,0.03
lidl,Harvest House Tomaten Basis 550 g,Warzywa i owoce,100,38,1.9,5.8,0.4,https://world.openfoodfacts.org/product/4056489010234,2.3,5.4,0.1,0.05
lidl,Italiamo Pomidory suszone 1 kg,Warzywa i owoce,100,138,7,20,0.7,https://world.openfoodfacts.org/product/20487942,6,17,0.2,6.6
lidl,Lidl Bio rukola 80 g,Warzywa i owoce,80,15.2,2.32,0.4,0.4,https://world.openfoodfacts.org/product/4056489281795,2.08,0.4,0.08,0.04
lidl,Lidl Mix sałat,Warzywa i owoce,100,16,1.5,0.9,0.2,https://world.openfoodfacts.org/product/4056489535645,,,,
lidl,Lidl Pieczarki Bio 250 g,Warzywa i owoce,250,55,7.75,2.5,0.75,https://world.openfoodfacts.org/product/20710774#typowe,2.5,5,0,0
lidl,Oaklands Jabłka czerwone 2 kg,Warzywa i owoce,100,51.2,0.75,11.6,0.62,https://world.openfoodfacts.org/product/20245726,1.5,11.6,,
lidl,Rainbow Samosy warzywne 400 g,Warzywa i owoce,100,145,8.9,26.1,0.6,https://world.openfoodfacts.org/product/20692841,,1.8,0.1,1.97
lidl,Runoland Kimchi Hot 300 g,Warzywa i owoce,100,40,1.8,8,0.4,https://world.openfoodfacts.org/product/5901641001737,,2.5,0.1,2.7
lidl,Ryneczek Lidla Kapusta kiszona 3000g,Warzywa i owoce,100,16,0.6,2.1,0,https://world.openfoodfacts.org/product/4056489811060,2.4,0.8,0,1.35
lidl,Ryneczek Lidla Szpinak baby 300 g,Warzywa i owoce,300,63,7.8,1.5,1.5,https://world.openfoodfacts.org/product/4056489303442,8.1,1.5,0.3,0.18
lidl,Ryneczek Lidla Ziemniaczki w mundurkach,Warzywa i owoce,100,77,2,16,0.1,https://world.openfoodfacts.org/product/4056489446637#typowe,2.2,0.8,0,0
lidl,Solevita Mus Jabłko & Morela 200g,Warzywa i owoce,200,110,0.8,24.6,0.4,https://world.openfoodfacts.org/product/4056489584421,2.6,20.4,0,0.02
lidl,Lidl Woda mineralna niegazowana,Woda,100,0,0,0,0,https://world.openfoodfacts.org/product/4056489633648#typowe,0,0,0,0
lidl,"Żywiec Zdrój niegazowany 1.5 1,5 l",Woda,100,0,0,0,0,https://world.openfoodfacts.org/product/5900541000000,0,0,0,0
lidl,Chef Select Pasta Z Makreli Wędzonej,Wędliny,100,464,5.7,8.3,45.2,https://world.openfoodfacts.org/product/20857639,,6.6,4.2,1.67
lidl,Deluxe Lidl Szynka wieprzowa z dodatkiem borowików szlachetnych 150g,Wędliny,150,207,27,1.05,10.5,https://world.openfoodfacts.org/product/4056489863717,0.45,0.45,3,3.15
lidl,Dulano Prosciutto,Wędliny,100,225,28,0.5,13,https://world.openfoodfacts.org/product/20310196,,0.5,4.2,5
lidl,Dulano Szynka wieprzowa,Wędliny,100,137,19.7,1,6,https://world.openfoodfacts.org/product/2811682002651,,0.5,2,1.9
lidl,Golden Seafood Pstrąg Wędzony,Wędliny,100,110,16.8,0,4.8,https://world.openfoodfacts.org/product/28058618,,0,1.04,1.57
lidl,Lidl Kaszanka 550g wieprzowe,Wędliny,100,213,13,11,13,https://world.openfoodfacts.org/product/4056489060307,,0.8,4.1,1.6
lidl,Lidl Polędwiczki Z Kurczaka W Łagodnej Marynacie,Wędliny,100,97,21,0.2,1.5,https://world.openfoodfacts.org/product/4335619034778,,0.2,0.6,1.08
lidl,Lidl Pstrąg Tęczowy Patroszony Wędzony Na Gorąco,Wędliny,100,141,23,0,5.4,https://world.openfoodfacts.org/product/2875771002816,,0,0.8,1.38
lidl,Lidl Szynka gotowana 180 g,Wędliny,180,207,34.2,1.8,7.2,https://world.openfoodfacts.org/product/04814580#typowe,0,1.8,2.52,4.14
lidl,Pikok Boczek wędzony wieprzowy 2 x 125 g,Wędliny,125,415,17.5,1.75,37.5,https://world.openfoodfacts.org/product/20981587,,1.62,15,0.01
lidl,Pikok Chorwacka szynka dojrzewającąca 100 g,Wędliny,100,293,29,0.5,19.4,https://world.openfoodfacts.org/product/20781453,,0.5,6.8,4.6
lidl,Pikok Filet wędzony z piersi Kurczaka,Wędliny,100,105,20,2,1.8,https://world.openfoodfacts.org/product/2818179006581,0.5,0.5,0.6,1.97
lidl,Pikok Kaszanka z wątrobą,Wędliny,100,209,9.6,11.8,14,https://world.openfoodfacts.org/product/4056489282327,,1.3,5.6,1.6
lidl,Pikok Lidl Kiełbasa biała z szynki,Wędliny,100,246,15,1.5,20.2,https://world.openfoodfacts.org/product/4056489301790,,0.6,8,1.6
lidl,Pikok Lidl Polędwica łososiowa wieprzowa,Wędliny,100,110,23,0.5,1.9,https://world.openfoodfacts.org/product/20349615,,0.5,0.7,3.3
lidl,Pikok Lidl Szynka Z Karczmy,Wędliny,100,123,22,0.9,3.5,https://world.openfoodfacts.org/product/2886370004712,,0.9,1.3,2.1
lidl,Pikok Od Krajana Bekon Pieczony,Wędliny,100,198,22.5,0.5,12,https://world.openfoodfacts.org/product/4335619094604,,0.5,4.8,2.16
lidl,Pikok Od Krajana Szynka Wedzona Dymem Czereśniowym,Wędliny,100,117,17,1,5,https://world.openfoodfacts.org/product/4335619094635,,0.6,2,2.46
lidl,Pikok Pasztet z indyka 210 g,Wędliny,210,491.4,39.9,10.7,31.5,https://world.openfoodfacts.org/product/20982881,,4.41,10.1,3.57
lidl,Pikok Pasztet z indykiem i kurczakiem 210g,Wędliny,210,464.1,39.9,8.61,29.4,https://world.openfoodfacts.org/product/20982898,,4.2,9.45,3.36
lidl,Pikok Pasztet z żurawiną 150 g,Wędliny,150,423,14.4,12,35.2,https://world.openfoodfacts.org/product/20363901,,9.75,13.4,2.55
lidl,Pikok Pieczeń rzymska 500 g,Wędliny,100,201,11,10,13,https://world.openfoodfacts.org/product/20073800,0,0.5,4.5,1.57
lidl,Pikok Polędwica Z Piersi Kurczaka,Wędliny,100,110,16,2,4,https://world.openfoodfacts.org/product/4056489282631,,0.6,,1.67
lidl,Pikok Polędwica Zawijana Po Krakowsku,Wędliny,100,196,19,0.8,13,https://world.openfoodfacts.org/product/4335619036024,,0.8,5.7,3.05
lidl,Pikok Polędwica pieczona,Wędliny,100,118,21,0.7,3.5,https://world.openfoodfacts.org/product/4335619140691,,0.6,,2.06
lidl,Pikok Pure Salami wieprzowo-wołowe 80g,Wędliny,80,312.8,16.8,1.92,26.4,https://world.openfoodfacts.org/product/4056489766537,,1.6,9.6,2.88
lidl,Pikok Pure Szynka wieprzowa 100 g,Wędliny,100,108,18.9,0.8,3.2,https://world.openfoodfacts.org/product/4056489063513,0,0.1,0.8,1.9
lidl,Pikok Salami dojrzewające z papryką 100g,Wędliny,100,440,22,2.4,38,https://world.openfoodfacts.org/product/20073664,,1.2,14,
lidl,Pikok Schab Wiejski,Wędliny,100,154,26,0.5,5.6,https://world.openfoodfacts.org/product/2873910005018,,0.5,,2.36
lidl,Pikok Schab wędzony wiśnią 250 g,Wędliny,250,312.5,50,2.5,11.2,https://world.openfoodfacts.org/product/4056489716686#typowe,0,2.5,4,5.75
lidl,Pikok Szynka Z Karczmy Premium,Wędliny,100,123,22,1,3.5,https://world.openfoodfacts.org/product/2886370004835,,0.9,,1.77
lidl,Pikok Szynka Zawędzana Wieprzowa 250 g,Wędliny,250,302.5,45,7,10,https://world.openfoodfacts.org/product/4056489260394,,1.25,3.75,5.5
lidl,Pikok Szynka wiejska wędzona premium 100 g,Wędliny,100,115,19,1,4,https://world.openfoodfacts.org/product/5907558920512#typowe,0,1,1.4,2.3
lidl,Pikok Szynka wieprzowa wędzona,Wędliny,100,116,21.5,1.9,2.5,https://world.openfoodfacts.org/product/4056489301448,,1.6,0.9,2
lidl,Pikok Szynka z karczmy,Wędliny,100,123,22,0.9,3.5,https://world.openfoodfacts.org/product/0215542013610,,0.9,1.3,1.8
lidl,Pikok Szynka z wędzarni,Wędliny,100,97,18,0.5,2.6,https://world.openfoodfacts.org/product/4056489878940,,0.5,1,2
lidl,Rzeźnik Lidl Schab z tartym chrzanem,Wędliny,100,124,19,1.7,4.6,https://world.openfoodfacts.org/product/2881689007232,,0.5,2.2,1.2
lidl,Rzeźnik lidl Schab wieprzowy 700g,Wędliny,100,125,20,1,4.5,https://world.openfoodfacts.org/product/20900489#typowe,0,1,1.6,2.3
lidl,Chef Select Lidl Lentil Soup Indian Style 450 g,Zupy,450,301.5,11.7,42.3,11.7,https://world.openfoodfacts.org/product/4056489180210,8.55,14.8,5.85,2.97
lidl,Chef Select Lidl Zupa Inspiracja Wietnamska,Zupy,100,67.1,0.16,5.4,4.71,https://world.openfoodfacts.org/product/4056489180203,,0.18,2,1.03
lidl,Chef Select Lidl Zupa grochowa z boczkiem i tymiankiem,Zupy,100,51.1,3.11,5.31,0.91,https://world.openfoodfacts.org/product/4056489179375,,1.31,0.2,0.85
lidl,Chef Select Zupa grochowa,Zupy,100,70,4,8,2,https://world.openfoodfacts.org/product/4056489662471#typowe,2.5,1,0.7,0.9
lidl,Chef Select Zupa krem z pomidorów z bazylią,Zupy,100,41,1.1,5.9,1.8,https://world.openfoodfacts.org/product/4056489179399,1.1,4.8,0,0.78
lidl,Chef Select Żurek z białą kiełbasą i boczkiem,Zupy,100,43,1.5,5.1,1.5,https://world.openfoodfacts.org/product/4056489259794,,0.5,0.5,1.1
lidl,Chef select Zupa krem z pomidorów z bazylią 450 g,Zupy,450,193.5,5.4,22.9,7.65,https://world.openfoodfacts.org/product/4056489359418,,20.2,0.45,3.82
lidl,Chęć Select Lidl Zupa Inspiracja Tajska,Zupy,100,56,1.6,4.91,3.51,https://world.openfoodfacts.org/product/4056489180227,,2,1.71,0.81
lidl,Jemy Jemy Zupa krem z pomidorow,Zupy,100,41,0.9,4.9,1.8,https://world.openfoodfacts.org/product/5901696012474,0.8,2.7,1.1,1.2
lidl,Jemy Jemy Zupa krem z zielonego groszku 375 g,Zupy,375,210,9,21.4,8.25,https://world.openfoodfacts.org/product/5901696012481,7.88,5.25,0.75,3.75
lidl,Pan Pomidor Lidl Zupa marokańska,Zupy,100,45,1.6,5.1,1.5,https://world.openfoodfacts.org/product/5900907006356,2.4,2.6,0.03,0.77
lidl,Pilos Chłodnik z burakami,Zupy,100,98,2.2,8.7,5.9,https://world.openfoodfacts.org/product/5907778535299,0.6,4.5,,0.86
lidl,Pilos Śmietana 12% 400 g,Śmietana,100,136,3,4,12,https://world.openfoodfacts.org/product/20857912,,4,8,0.1
lidl,Pilos Śmietana 18% 400 g,Śmietana,100,189,2.7,4,18,https://world.openfoodfacts.org/product/20857929,,4,12,0.1
lidl,Pilos Śmietana 30,Śmietana,100,291,2.2,3.1,30,https://world.openfoodfacts.org/product/5902476010499,,3.1,21,0.09
lidl,Pilos Śmietanka,Śmietana,100,189,2.7,4,18,https://world.openfoodfacts.org/product/5900820022013,,4,12,
lidl,Pilos Śmietanka 30%,Śmietana,100,291,2.2,3.1,30,https://world.openfoodfacts.org/product/5900120023239,0,3.1,18,0.08
lidl,Pilos Śmietanka 36% 200 g,Śmietana,100,346,2.2,3.3,36,https://world.openfoodfacts.org/product/5900531001055,,3.3,,0.05
lidl,Pilos Śmietanka UHT 12% 500 ml,Śmietana,100,134,2.7,3.9,12,https://world.openfoodfacts.org/product/5900120023246,,3.9,7.2,0.1
lidl,Śmietana kwaśna 18% Pilos 250g,Śmietana,100,185,2.6,3.6,18,https://world.openfoodfacts.org/product/20857936#typowe,0,3.6,12,0.1
netto,Chef de Pomme Frytki świderki mrożone 600 g,Chipsy i przekąski,100,180,2.5,25,9.2,https://world.openfoodfacts.org/product/5712871051740,,0.6,1,1.2
netto,Euro Wafel Wafle kukurydziane 100 g,Chipsy i przekąski,100,385,8.7,77,3.9,https://world.openfoodfacts.org/product/5903111175474,4.3,1.9,0.6,0.98
netto,Mex&Co. Tortilla Chips Salt 300 g,Chipsy i przekąski,100,481,7.8,60,22,https://world.openfoodfacts.org/product/5712872952978,,0.6,2.1,0.9
netto,Snaxters Salzstangen 250g,Chipsy i przekąski,250,945,30,175,12.25,https://world.openfoodfacts.org/product/5904607003110,,1.25,1.5,15.25
netto,Snaxters Słonecznik prażony solony 140 g,Chipsy i przekąski,140,886,40.6,6.02,75.6,https://world.openfoodfacts.org/product/5901529084678,9.8,5.88,,0.17
netto,Star chrupki o smaku zielona cebulka 120 g,Chipsy i przekąski,120,595,8.04,74.4,28.8,https://world.openfoodfacts.org/product/5900259100856,2.52,3.6,2.64,1.92
netto,Fit & Easy Lunch Menu Makaron i Kurczak 305 g,Dania gotowe,100,124,5.25,13.11,5.25,https://world.openfoodfacts.org/product/5904378247249,2.3,3.28,0.49,0.49
netto,Food house Wegańskie pierogi a'la mięsne 300 g,Dania gotowe,100,198,9.4,28,4.9,https://world.openfoodfacts.org/product/5903890430948,,0.9,0.4,1
netto,HAPPY VEGE Wegańskie pierogi à la mięsne 300 g,Dania gotowe,100,198,9.4,28,4.9,https://world.openfoodfacts.org/product/5901529105816,1.9,0.9,0.4,1
netto,Smak Mak Smakowite pierogi z kapustą i grzybami 1 kg,Dania gotowe,100,120,3.5,19,2.5,https://world.openfoodfacts.org/product/5907749200119,2.9,1.1,0.2,0.8
netto,"E.Wedel Karmel Love!,Krem Wedlowski 230 g",Dżemy i kremy,230,1325,13.11,121.9,87.4,https://world.openfoodfacts.org/product/59071778,0.23,121.9,25.3,0.87
netto,Sokołów Parówki wieprzowe 480 g,Kiełbasy i parówki,100,260,12,1.3,23,https://world.openfoodfacts.org/product/5906712807331,,0.6,9,2.1
netto,Go Eko Ekologiczne oliwki czarne z pestką 290 g,Konserwy,100,263,1.8,2.2,27,https://world.openfoodfacts.org/product/5901529064175,1.8,0,5.3,3
netto,Harvest Best Kukurydza konserwowa 285 g,Konserwy,100,77,2.9,11,1.8,https://world.openfoodfacts.org/product/5712871113318,,5.2,0.4,0.45
netto,Kwidzyn Kukurydza konserwowa słodka 400g,Konserwy,100,92,2.1,18,0.9,https://world.openfoodfacts.org/product/5901581100064,1.9,4.4,0.05,0.89
netto,Perla Oliwki czarne w ziołach 150 g,Konserwy,150,350,1.95,2.55,36,https://world.openfoodfacts.org/product/5904194905187,3.9,0.75,4.95,2.4
netto,ZPH &quot;Wojna&quot; Marchewka z groszkiem,Konserwy,100,47,3.1,5,0.5,https://world.openfoodfacts.org/product/5901529054787,4.9,0.4,0.1,0.7
netto,Augusto Bambo Cream & Nuts 58 g (110 ml),Lody,58,186,2.44,14.5,13.34,https://world.openfoodfacts.org/product/5900834000502,,13.92,9.28,0.05
netto,Gelato Classico Classic 90 g (120 ml),Lody,90,272,3.24,27.9,16.2,https://world.openfoodfacts.org/product/5901529067442,,26.1,11.7,0.19
netto,Greeners Irlandzkie masło 200 g,Masło,200,1486,1.4,1.2,164,https://world.openfoodfacts.org/product/5903240806003,,1.2,110,0.02
netto,Lumiko Masło ekstra z Łukowa 200g,Masło,200,1506,1.4,1.4,166,https://world.openfoodfacts.org/product/5907616900876,,1.2,110,0
netto,"Bergio Boczek wędzony, plastry 100g",Mięso,100,277,19,2.3,21,https://world.openfoodfacts.org/product/5903195007333,,0.5,9.3,1.1
netto,Konspol Hamburger drobiowy 500 g,Mięso,100,220,9.8,6.3,17,https://world.openfoodfacts.org/product/5907504311326,,0.3,3.8,1.7
netto,Harvest Best Wok mix 500 g,Mrożonki,100,28,1.8,3.9,0,https://world.openfoodfacts.org/product/5712873003389,,2.2,0,0.05
netto,Amper Energy Drink Mojito 250 ml,Napoje,250,118,0,27.5,0,https://world.openfoodfacts.org/product/5901529041169,,27.5,0,0.4
netto,Hardmade rhubarb crush 400 ml,Napoje,100,22,0,5.6,0,https://world.openfoodfacts.org/product/5901359124407,,4.5,0,0
netto,Hardmade strawberry crush 400 ml,Napoje,100,22,0,5.6,0,https://world.openfoodfacts.org/product/5901359124384,,4.5,0,0
netto,Hula Krasula Mleko UHT o smaku czekoladowym 250 ml,Napoje,250,168,8.75,24.75,3.75,https://world.openfoodfacts.org/product/5902170005234,,24.25,2.75,0.33
netto,Hula Krasula Mleko UHT o smaku waniliowym 250 ml,Napoje,250,162,7.75,24.5,3.75,https://world.openfoodfacts.org/product/5902170005302,,24,2.25,0.23
netto,Premieur Syrop Blue Curacao 250 ml,Napoje,250,860,0,215,0,https://world.openfoodfacts.org/product/5901529060184,,190,0,0
netto,Premieur Syrop Mojito 250 ml,Napoje,250,860,0,215,0,https://world.openfoodfacts.org/product/5901529060191,,190,0,0
netto,EkoWital ekologiczna Ciecierzyca 350g,Orzechy i bakalie,100,127,7.1,15,2.7,https://world.openfoodfacts.org/product/5908249970571,,0.4,0.3,0.35
netto,NaturAvena Kasza jaglana 1 kg,Orzechy i bakalie,100,346,10.5,71.6,2.9,https://world.openfoodfacts.org/product/5908445474965,,0.1,0.6,0.01
netto,Flora Original. 35% tłuszcz do smarowania 400g,Pasty i dipy,100,315,0.5,0.5,35,https://world.openfoodfacts.org/product/8719200435438,,0.5,7.4,0.5
netto,VegaUp Smalczyk Wegański z jabłkami 200 g,Pasty i dipy,200,184,11.2,26,1,https://world.openfoodfacts.org/product/5902596076108,13,5.6,0.2,1.4
netto,IGLOTEX Pizza Capricciosa 400g,Pizza,100,185,8.8,24,5.3,https://world.openfoodfacts.org/product/5901529090723,,3.4,2.8,1.3
netto,Dobra kaloria Roślinny pasztet pieczony z żurawiną 220 g,Produkty roślinne,220,840,12.98,35.2,70.4,https://world.openfoodfacts.org/product/5903548004132,6.82,10.34,6.6,2.64
netto,HAPPY VEGE Roślinne kiełbaski paprykowe 180 g,Produkty roślinne,180,535,41.4,23.4,28.8,https://world.openfoodfacts.org/product/5901529106714,10.26,6.12,7.56,2.88
netto,Happy Vege Roślinne kotleciki a la rybne 160 g,Produkty roślinne,160,490,25.6,27.2,30.4,https://world.openfoodfacts.org/product/5901529105892,2.24,7.2,8.48,1.76
netto,HAPPY VEGE Roślinny gyros à la kurczak 150 g,Produkty roślinne,150,388,39,16.5,18,https://world.openfoodfacts.org/product/5901529105915,2.85,1.95,1.8,2.1
netto,HAPPY VEGE Tofu naturalne 200 g,Produkty roślinne,200,240,28,0.8,13.8,https://world.openfoodfacts.org/product/5901529105939,4.4,0.8,2.2,0
netto,Olewnik Kabanosy roślinne na przekąskę pikantne 85 g,Produkty roślinne,85,372,13.6,11.9,28.05,https://world.openfoodfacts.org/product/5906245783010,9.35,2.89,2.46,2.04
netto,PlantFish Plant Fish White Fillet 170 g,Produkty roślinne,170,243,8.33,15.47,14.11,https://world.openfoodfacts.org/product/5941866621631,10.37,0.68,1.7,1.87
netto,PlantZalmon Fillet 170 g,Produkty roślinne,170,362,11.39,11.39,28.9,https://world.openfoodfacts.org/product/5941866621624,5.44,1.19,1.02,3.06
netto,Bell's Owsianka owoce i orzechy 65 g,Płatki i musli,65,241,7.34,37.7,5.39,https://world.openfoodfacts.org/product/5901529083633,6.17,10.21,0.91,0.01
netto,Contimax Filety z makreli w oleju z papryką jalapeno 102 g (170 g),Ryby,102,461,11.22,0,45.9,https://world.openfoodfacts.org/product/5901529029174,,0,4.79,1.53
netto,Fischer King Stek z łososia 125 g,Ryby,125,264,12.12,0,23.75,https://world.openfoodfacts.org/product/5901576050404,,0,4.12,2.5
netto,Graal Filety śledziowe w oleju roślinnym. 170 g,Ryby,170,604,17,0,59.5,https://world.openfoodfacts.org/product/5903895625738,,0,6.63,1.24
netto,Pirat Sardynki w sosie pomidorowym 110 g,Ryby,110,116,11.77,5.28,5.06,https://world.openfoodfacts.org/product/5901069004648,,5.06,0.99,0.99
netto,U Jędrusia Naleśniki z serem twarogowym 300 g,Sery,100,168,7.8,26,3.5,https://world.openfoodfacts.org/product/5901398075289,,12,0.5,0.28
netto,Violife Plastry o smaku wędzonym 100 g,Sery,100,285,0,20,23,https://world.openfoodfacts.org/product/5202390023859,,0,21,2.3
netto,Kingsway Sok Pomarańczowy 1.5 l,Soki,100,40,0.6,9.5,0.5,https://world.openfoodfacts.org/product/5712872293125,0,9.5,0,0.05
netto,Dawtona Ketchup pikantny 750 g,Sosy,100,92,0.6,22,0,https://world.openfoodfacts.org/product/5901529031443,0.7,18,0,1.6
netto,Ketchup łagodny 750 g,Sosy,100,91,0.5,22,0,https://world.openfoodfacts.org/product/5901529031436,0.7,18,0,1.6
netto,Kotlin Ketchup pikantny 450g,Sosy,100,97,1.3,21,0.5,https://world.openfoodfacts.org/product/5900385012528,,18,0.1,2.2
netto,Quallio Majonez,Sosy,100,695,1.1,3,75,https://world.openfoodfacts.org/product/5901529007158,,3,5.6,0.56
netto,Roleski BBQ sos whisky,Sosy,100,174,0.5,43,0.5,https://world.openfoodfacts.org/product/5901044022223,0,40,0.1,1.5
netto,Winiary Majonez z olejem z awokado 300 ml,Sosy,100,668,1.1,2.9,72.4,https://world.openfoodfacts.org/product/7613036987707,,2.7,6.3,0.74
netto,Choco Bella Galaretka o smaku wiśniowym w czekoladzie 190 g,Słodycze,190,695,1.52,136.8,13.68,https://world.openfoodfacts.org/product/5901529081899,,114,8.17,0.3
netto,Colian Zośka kakaowa 50 g,Słodycze,50,269,3,27.5,16,https://world.openfoodfacts.org/product/5901529005734,,18.5,9.5,0.16
netto,Colian Zośka nieoblewana 30 g,Słodycze,30,164,1.83,17.1,9.6,https://world.openfoodfacts.org/product/5901529014163,,10.5,6,0.14
netto,Colian Zośka o smaku toffi 50 g,Słodycze,50,271,3,29,16,https://world.openfoodfacts.org/product/5901529005710,,20.5,9.5,0.21
netto,Colian Zośka orzechowa 50 g,Słodycze,50,272,3.05,28.5,16,https://world.openfoodfacts.org/product/5901529005673,,20,9.5,0.2
netto,Cornellis UFO Stars 40 g,Słodycze,40,140,0.2,34.8,0.2,https://world.openfoodfacts.org/product/5902510402525,0.2,20.4,0.04,0.37
netto,Delisana Gluten Free Soft cakes 150 g,Słodycze,150,531,6.75,103.5,10.2,https://world.openfoodfacts.org/product/5901363001329,3.45,66,4.95,0.78
netto,Oskroba Babka marmurkowa 500 g,Słodycze,100,447,5.7,43,28,https://world.openfoodfacts.org/product/5900340007200,,20,3.1,0.75
netto,Oskroba Strucla Truskawkowa 450 g,Słodycze,100,293,5,51,6.6,https://world.openfoodfacts.org/product/5900340000850,,25,0.9,0.3
netto,Pergalé Maliny 90 g,Słodycze,90,484,5.67,53.1,27.9,https://world.openfoodfacts.org/product/4770179990568,,40.5,16.2,0.13
netto,Vidal Fruit & Veggie 60 g,Słodycze,60,191,0.06,48,0.12,https://world.openfoodfacts.org/product/8413178368056,,27,0.12,0.2
netto,Wawel PEANUT BUTTER - idealna na przerwę 37 g,Słodycze,37,207,3.48,15.54,14.06,https://world.openfoodfacts.org/product/5900102027446,,12.95,6.66,0.22
netto,Look Food Olej lniany ekologiczny 250 ml,Tłuszcze i oleje,250,2250,0,0,250,https://world.openfoodfacts.org/product/5903111808037,0,0,30,0
netto,Olej kokosowy 900 ml,Tłuszcze i oleje,100,819,0,0,91,https://world.openfoodfacts.org/product/5906395631186,0,0,,0
netto,Animex Kutno Szynka od Szwagra 100 g,Wędliny,100,185,20,0.6,11,https://world.openfoodfacts.org/product/5902659893154,,0.6,3.3,2
netto,Bell Salami Delikatesowe 100g,Wędliny,100,442,17,3.1,40,https://world.openfoodfacts.org/product/5901752570252,,1,17,3.7
netto,Nongshim Kimchi Bowl Noodles 86 g,Zupy,86,378,6.97,56.76,13.76,https://world.openfoodfacts.org/product/8801043057776,,1.81,6.62,4.73
netto,Mlekovita Śmietanka 12%,Śmietana,100,134,2.7,3.8,12,https://world.openfoodfacts.org/product/5900512300467,,3.8,7.8,0.08
zabka,Pizza Quattro Formaggi Żabka,Pizza,430,1109.4,55.9,124.7,41.3,https://world.openfoodfacts.org/product/4002084345813,7.74,17.2,21.5,13.97
zabka,Pizza 4 sery Eccellente,Pizza,320,787.2,38.1,93.1,27.5,https://world.openfoodfacts.org/product/4002084912251,,12.48,14.08,3.52
zabka,Pizza Margherita Żabka,Pizza,410,1008.6,48,125.9,33.2,https://world.openfoodfacts.org/product/4002084924391,,,,
zabka,Gorąca Pizza na wynos Capricciosa Żabka,Pizza,480,1032,57.6,124.8,31.7,https://world.openfoodfacts.org/product/4002084345844,9.6,18.72,14.4,5.66
zabka,Gorąca Pizza na wynos Tex-Mex Żabka,Pizza,492,1057.8,49.2,132.8,34.4,https://world.openfoodfacts.org/product/4002084399885,10.82,24.11,,5.33
zabka,Gorąca Pizza na wynos Pepperoni Żabka,Pizza,412,1042.4,49.4,127.7,36.7,https://world.openfoodfacts.org/product/4002084924421,,17.72,15.24,5.26
zabka,Gorąca Pizza na wynos BBQ z kurczakiem Żabka,Pizza,516,1073.3,51.6,149.6,27.9,https://world.openfoodfacts.org/product/4002084925305,9.8,39.22,10.32,6.09
zabka,Kurczaker Żabka,Burgery,190,406.6,26.6,39.9,15,https://world.openfoodfacts.org/product/2050000554995,,8.74,4.18,2.28
zabka,Wołowiner Żabka,Burgery,146,363.5,21.9,33.6,14.6,https://world.openfoodfacts.org/product/5908308908088,1.39,7.59,6.57,0
zabka,Wołowinier Ser Kozi Żabka,Burgery,152,386.1,21.3,30.4,19.8,https://world.openfoodfacts.org/product/5908308910074,3.04,7.6,8.21,2.43
zabka,Meksykaner Żabka,Burgery,140,338.8,16.8,36.4,13.6,https://world.openfoodfacts.org/product/2050000645372,,10.22,6.44,1.82
zabka,Burger Kibica Żabka,Burgery,183,408.1,23.8,47.6,12.4,https://world.openfoodfacts.org/product/5908308910791,3.48,10.8,5.12,2.93
zabka,Burger Po Zbóju Żabka,Burgery,251,695,30,65,38,https://world.openfoodfacts.org/product/5900962100808,7,10,4.5,3.94
zabka,Wołowiner Extra Cheddar Żabka,Burgery,158,390.3,26.9,33.2,17.4,https://world.openfoodfacts.org/product/5900562473654,2.37,5.37,9.01,1.55
zabka,Burger BBQ 3 Żabka,Burgery,274,701.4,35.6,60.3,35.6,https://world.openfoodfacts.org/product/5900962026191,2.74,11.78,7.95,4.31
zabka,Wegger Żabka,Burgery,175,502.3,15.1,54.3,22.8,https://world.openfoodfacts.org/product/2050000557415,6.48,4.9,2.45,
zabka,Bao Burger Żabka,Burgery,156,287,15.6,39,6.9,https://world.openfoodfacts.org/product/5908308911019,4.52,7.64,1.72,4.29
zabka,Wieprzowiner Żabka,Burgery,164,341.1,21.3,36.1,11,https://world.openfoodfacts.org/product/5908308911637,3.28,12.79,4.76,2.58
zabka,Falafel rollo Żabka,Kanapki i wrapy,280,739.2,16.2,64.4,42,https://world.openfoodfacts.org/product/5903738866274,13.72,18.2,3.64,3.08
zabka,Panini z kurczakiem Żabka,Kanapki i wrapy,185,455.1,18.5,61.1,14.4,https://world.openfoodfacts.org/product/2050000470387,3.33,5.37,3.33,2.4
zabka,Kajzerka kebab Żabka,Kanapki i wrapy,137,419.2,13.4,39.7,21.9,https://world.openfoodfacts.org/product/5903111184766,2.19,5.62,2.6,2.19
zabka,Bajgiel z salami Tomcio Paluch,Kanapki i wrapy,176,579,17.1,42.2,37,https://world.openfoodfacts.org/product/11111337,,7.74,8.62,2.29
zabka,"Kanapka pasta jajeczna, por, jajko gotowane Tomcio Paluch",Kanapki i wrapy,200,528,28,17,38,https://world.openfoodfacts.org/product/8586020103768,7,2.2,5.6,2.2
zabka,"Kanapka trójkątna chleb proteinowy, szynka drobiowa, ogórek, sałata Tomcio Paluch",Kanapki i wrapy,200,428,24,22,26,https://world.openfoodfacts.org/product/8586020105083,5.8,3.4,2.6,2.4
zabka,Kanapka Trójkąt Pastrami Tomcio Paluch,Kanapki i wrapy,195,395.9,18.1,41,17.4,https://world.openfoodfacts.org/product/8586020105823,2.73,7.02,1.75,3.31
zabka,Bagietka Capricciosa Tomcio Paluch,Kanapki i wrapy,225,551.3,24.8,60.8,22.5,https://world.openfoodfacts.org/product/8586020106431,4.72,5.62,4.28,3.83
zabka,Sandwich Cheddar & Ajvar Tomcio Paluch,Kanapki i wrapy,205,510.5,14.8,51.3,26.7,https://world.openfoodfacts.org/product/8586020106042,2.87,6.76,6.56,2.26
zabka,Golden mayo & strips Tomcio Paluch,Kanapki i wrapy,230,602.6,22.5,73.6,22.8,https://world.openfoodfacts.org/product/8586015136870,5.29,10.81,2.53,3.45
zabka,Kanapka kurczak & bekon Tomcio Paluch,Kanapki i wrapy,190,513,22.8,47.5,24.7,https://world.openfoodfacts.org/product/0858601513672,2.28,5.32,6.46,3.99
zabka,Kajzerka z jajkiem Tomcio Paluch,Kanapki i wrapy,125,280,10.4,33.8,13.8,https://world.openfoodfacts.org/product/03984369,1.88,4.12,4.75,
zabka,Panini z serem cheddar Żabka,Kanapki i wrapy,170,627.3,20.4,47.6,39.1,https://world.openfoodfacts.org/product/2050000548956,1.7,3.06,11.22,
zabka,Kebab z kurczaka Tomcio Paluch,Kanapki i wrapy,215,587,17.6,62.4,28,https://world.openfoodfacts.org/product/8586015136382,4.3,6.02,4.08,4.08
zabka,Kanapka Cezar Tomcio Paluch,Kanapki i wrapy,205,528.9,26.7,49.2,26.7,https://world.openfoodfacts.org/product/8586020100064,,2.67,3.48,2.67
zabka,Kanapka Szynka & Jajko Tomcio Paluch,Kanapki i wrapy,200,444,19,44,22,https://world.openfoodfacts.org/product/8586020103553,2.4,4.8,4,2.2
zabka,"Bagietka BBQ Strips (pikantny strips z kurczaka, sos barbecue, cebula dymka) Tomcio Paluch",Kanapki i wrapy,255,670.7,24.7,71.4,30.6,https://world.openfoodfacts.org/product/8586015136399,2.29,8.41,3.57,4.33
zabka,Bagietka BBQ Ranch Chicken Tomcio Paluch,Kanapki i wrapy,220,675.4,26.4,68.2,33,https://world.openfoodfacts.org/product/8586015136931,5.5,7.92,4.84,2.86
zabka,Bagietka andaluzyjska Tomcio Paluch,Kanapki i wrapy,210,556.5,19.5,46.2,31.5,https://world.openfoodfacts.org/product/8586020100019,,4.41,4.62,2.94
zabka,"Kanapka pieczony bekon, sałata, jajko Tomcio Paluch",Kanapki i wrapy,200,524,13.4,42,34,https://world.openfoodfacts.org/product/8586020104505,,3.8,6.4,2.6
zabka,Kanapka trójkątna proteinowa z suszonymi pomidorami Tomcio Paluch,Kanapki i wrapy,190,442.7,26.6,24.7,24.7,https://world.openfoodfacts.org/product/8586020105144,6.27,7.03,3.04,2.47
zabka,Kanapka High 24g protein Tomcio Paluch,Kanapki i wrapy,200,346,24,28,14,https://world.openfoodfacts.org/product/8586020105540,,3.6,7.2,1.58
zabka,Kanapka tuńczyk Tomcio Paluch,Kanapki i wrapy,200,476,24,42,24,https://world.openfoodfacts.org/product/8586020106097,1.6,1.8,2.4,2.6
zabka,Bagietka pszenna chicken bites Tomcio Paluch,Kanapki i wrapy,240,700.8,26.4,69.6,36,https://world.openfoodfacts.org/product/8586020106455,3.6,7.2,2.88,4.32
zabka,Penne z kurczakiem z sosem bazyliowym i serem cheddar Szamamm,Dania ciepłe,400,572,30,68,18,https://world.openfoodfacts.org/product/5908308902093,6,12,9.6,2.72
zabka,Spaghetti bolognese Szamamm,Dania ciepłe,400,464,23.2,68,10.4,https://world.openfoodfacts.org/product/0054208824234,5.2,11.2,4,2.4
zabka,Gnocchi z kurczakiem Szamamm,Dania ciepłe,400,536,36,64,14.8,https://world.openfoodfacts.org/product/13669560,5.6,6.8,5.6,2.6
zabka,Kotlet de Volaille Szamamm,Dania ciepłe,400,460,25.6,36.4,21.6,https://world.openfoodfacts.org/product/06638993,9.6,12.8,11.6,4.8
zabka,Placki ziemniaczane Szamamm,Dania ciepłe,400,856,16.8,84,48,https://world.openfoodfacts.org/product/04998358,10.4,11.6,4.4,4
zabka,Naleśniki z jabłkami i cynamonem Szamamm,Dania ciepłe,300,405,10.5,69,8.1,https://world.openfoodfacts.org/product/5901398082379,4.8,28.5,1.2,1.95
zabka,Pierogi z mięsem Szamamm,Dania ciepłe,320,707.2,28.5,67.2,35.2,https://world.openfoodfacts.org/product/5901398078099,7.04,7.36,10.56,3.84
zabka,Gołąbki wegetariańskie w sosie pomidorowym So Food,Dania ciepłe,400,296,6.8,39.2,10.8,https://world.openfoodfacts.org/product/5901002008818,,12.8,0.8,4
zabka,Pancakes z sosem malinowym Szamamm,Dania ciepłe,180,505.8,11,73.8,17.6,https://world.openfoodfacts.org/product/9999054101454,2.52,34.2,2.16,
zabka,Panierowane skrzydełka z kurczaka Szamamm,Dania ciepłe,250,535,35,27.5,32.5,https://world.openfoodfacts.org/product/5900757067941,1,9.75,7.25,
zabka,Pappardelle z łososiem Szamamm,Dania ciepłe,400,668,20.8,72,32.4,https://world.openfoodfacts.org/product/5903068956706,4.4,6,10,2.8
zabka,Pierogi ruskie ze smażoną cebulką Szamamm,Dania ciepłe,320,620.8,17.3,86.4,21.1,https://world.openfoodfacts.org/product/00719063,7.68,9.6,1.92,3.46
zabka,"Naleśniki z serem, czekoladą i kokosem Szamamm",Dania ciepłe,300,591,33,78,15.6,https://world.openfoodfacts.org/product/5900488348838,5.1,28.2,,
zabka,Naleśniki z serem Szamamm,Dania ciepłe,300,477,24,78,6.6,https://world.openfoodfacts.org/product/10652787,2.7,36,0.9,2.21
zabka,Niebieskie pierogi z mascarpone z masłem Szamamm,Dania ciepłe,320,720,24,102.4,24.3,https://world.openfoodfacts.org/product/5901398089439,3.2,57.6,14.4,1.09
zabka,Tagliatelle z kurczakiem Szamamm,Dania ciepłe,400,504,30,60,14.4,https://world.openfoodfacts.org/product/5908308911347,9.2,6.8,6.4,2.8
zabka,Feta Pasta Szamamm,Dania ciepłe,400,588,21.2,76,19.6,https://world.openfoodfacts.org/product/5908308912278,9.2,11.6,8.4,3.62
zabka,Płaty makaronowe przekładane sosem w stylu bolońskim z mięsem z kurczaka Żabka,Dania ciepłe,450,639,40,50,29,https://world.openfoodfacts.org/product/5900741601793,9,8.6,,3.54
zabka,"Kurczak, makaron orzo Żabka",Dania ciepłe,247,400.1,19.5,12.8,29.6,https://world.openfoodfacts.org/product/5904178496304,5.68,3.46,6.92,0
zabka,Pyzy z mięsem Żabka,Dania ciepłe,350,609,11.6,73.5,30.1,https://world.openfoodfacts.org/product/5907480776355,2.45,2.1,6.3,10.5
zabka,Broccoli soup (zupa brokułowa) Żabka,Dania ciepłe,380,167.2,3.8,18.6,8.7,https://world.openfoodfacts.org/product/5902666642400,1.9,6.84,4.94,
zabka,Kurczak w sosie dyniowo-imbirowym z ryżem So Food,Dania ciepłe,330,392.7,19.8,56.1,8.9,https://world.openfoodfacts.org/product/5901002501838,,3.96,1.98,3.3
zabka,Harira warzywa po marokańsku So Food,Dania ciepłe,400,236,10,34.4,4,https://world.openfoodfacts.org/product/5901002009587,9.6,12.4,0.4,4
zabka,Wege lunch z papryką i ryżem So Food,Dania ciepłe,250,410,25,52.5,9.8,https://world.openfoodfacts.org/product/5901002008139,,3.5,1,3.75
zabka,Gulasz wegetariański z pieczarkami i kaszą gryczaną So Food,Dania ciepłe,330,392.7,20.1,52.8,9.6,https://world.openfoodfacts.org/product/5901002008313,8.58,3.63,0.99,2.97
zabka,Wegański a'la kurczak w sosie tikka masala So Food,Dania ciepłe,330,445.5,15.2,56.1,16.5,https://world.openfoodfacts.org/product/5901002009709,,7.92,8.91,3.96
zabka,Ciecierzyca w sosie curry z brzoskwiniami So Food,Dania ciepłe,400,404,12.4,52,13.6,https://world.openfoodfacts.org/product/5901002009198,,25.6,3.2,3.6
zabka,Kurczak w sosie słodko-kwaśnym z ryżem So Food,Dania ciepłe,330,396,15.8,72.6,3.6,https://world.openfoodfacts.org/product/5901002008580,,19.47,0.33,0.82
zabka,Ciecierzyca w sosie curry z ryżem i marchewką So Food,Dania ciepłe,330,369.6,12.5,56.1,9.2,https://world.openfoodfacts.org/product/5901002008788,8.58,5.61,2.64,
zabka,Kurczak z ryżem w sosie dyniowo-kokosowym So Food,Dania ciepłe,330,415.8,19.8,56.1,11.9,https://world.openfoodfacts.org/product/5901002501845,,4.29,4.95,2.43
zabka,Kurczak w sosie BBQ z ryżem So Food,Dania ciepłe,330,402.6,19.5,62.7,6.9,https://world.openfoodfacts.org/product/5901002501531,,12.21,0.99,2.72
zabka,Filet z piersi kurczaka z ziołami Dobra Karma,Przekąski,120,131,29,0.6,1.4,https://world.openfoodfacts.org/product/5904170052812,0.1,0.5,0.7,1.08
zabka,Sałatka z burakiem i serem Dobra Karma,Sałatki,252,393.1,12.6,32.8,22.4,https://world.openfoodfacts.org/product/0444344017520,6.05,13.61,4.28,7.56
zabka,Mieszanka warzyw z serem białym typu śródziemnomorskiego Dobra Karma,Sałatki,200,224,8,5.2,18.2,https://world.openfoodfacts.org/product/5905440052389,4,3.8,6.8,1.5
zabka,Owsianka z białą czekoladą mango-marakuja Dobra Karma,Desery,240,316.8,5.3,31.2,18,https://world.openfoodfacts.org/product/5904653182609,3.6,17.52,14.16,0.38
zabka,Owsianka z kremem pistacjowym Dobra Karma,Desery,240,252,6.7,38.4,6.5,https://world.openfoodfacts.org/product/5904653182586,6.24,18,2.64,0.33
zabka,Delikatna Fasolka po bretońsku z ziemniakami 540 ml,Dania ciepłe,540,604.8,21.1,70.2,28.1,https://world.openfoodfacts.org/product/5903726407076,,8.1,2.16,1.08
zabka,Hortex Warzywa na patelnię z koperkiem 450 g,Dania ciepłe,100,51,2,7,1.1,https://world.openfoodfacts.org/product/5900477003632,2.5,2.5,0.2,0.07
zabka,Maczfit Poke bowl z kurczakiem w panko,Dania ciepłe,100,146,5.7,26,1.8,https://world.openfoodfacts.org/product/5904653182159,1.5,7.4,0.2,5.61
zabka,Plant Hunter Pierogi jak ruskie z wędzonym tofu,Dania ciepłe,100,170,5.2,24,5.4,https://world.openfoodfacts.org/product/5901398085141,,1.4,0.4,1.6
zabka,Szamamm Filet z kurczaka z warzywami,Dania ciepłe,400,312,27.2,22.8,11.2,https://world.openfoodfacts.org/product/4596593005356,5.6,16.4,2.4,2.4
zabka,Inna Bajka Jaglanka marchewka i pomarańcza 65 g,Desery,65,267.8,6.83,42.2,7.8,https://world.openfoodfacts.org/product/5902860470809,6.5,10.4,2.47,0.1
zabka,Inna Bajka Owsianka mango i jagody goji 70 g,Desery,70,258.3,6.58,50.4,4.62,https://world.openfoodfacts.org/product/5902860470014,5.6,14,0.69,0.12
zabka,Lubella Di Riso truskawka i ryż 100 g,Desery,100,83,1.8,17,0.6,https://world.openfoodfacts.org/product/5900049824283,0.8,11,0.3,0
zabka,Maczfit Owsianka z musem mango 280 g,Desery,280,372.4,7.28,33.6,21.6,https://world.openfoodfacts.org/product/5904653181756,6.16,17.4,12,0.41
zabka,Zott Smakija kaszka śmietankowa 130 g,Desery,130,171.6,4.68,20.4,7.8,https://world.openfoodfacts.org/product/4040600995418,,14.3,5.33,0.1
zabka,Żabka Bagietka z szynką i jajkiem,Kanapki i wrapy,100,132,3.29,12,4.89,https://world.openfoodfacts.org/product/00228978,0.36,1.11,0.71,0.53
zabka,E. Wedel Lody czekoladowe w czekoladzie deserowej 100 ml,Lody,71,249.9,3.76,21.3,16.3,https://world.openfoodfacts.org/product/5901588088242,,19.2,9.23,0.04
zabka,Grycan Lody bakaliowe 500 ml,Lody,100,273,4.8,29.3,14.9,https://world.openfoodfacts.org/product/5907439112012,1,24.2,8.9,0.16
zabka,Koral Lody Jak Dawniej rożek bakaliowy 180 ml,Lody,105,358.1,5.04,42,18.9,https://world.openfoodfacts.org/product/5902121020859,,28.4,10.5,0.2
zabka,M&M's Lody z orzeszkami 82 ml,Lody,62,148.8,10.5,15.5,8.68,https://world.openfoodfacts.org/product/5000159500340,,13,5.02,0.08
zabka,Milka Lody Crunchy Chocolate 110 ml,Lody,66,224.4,2.24,22.4,13.9,https://world.openfoodfacts.org/product/5900130015736,0.79,19.8,9.24,0.36
zabka,Nestlé Lody Kaktus Boom 48 g,Lody,48,60.5,0.24,12,1.3,https://world.openfoodfacts.org/product/5900130037066,0.24,9.12,1.1,0
zabka,Hochland Ace Ser Maasdamer w plastrach 135 g,Nabiał,100,342,27,0,26,https://world.openfoodfacts.org/product/5902899140742,,0,19,1.1
zabka,Jantex Jaja z chowu ściółkowego M (1 jajko),Nabiał,50,69.8,6.29,0.26,4.83,https://world.openfoodfacts.org/product/5903427303134,,0,1.47,0.17
zabka,Lumiko Masło ekstra 200 g,Nabiał,100,754,0.7,1,83,https://world.openfoodfacts.org/product/5907616900036,0,0.7,57,0
zabka,Lurpak Masło 50 g,Nabiał,50,373.5,0.3,0.35,41,https://world.openfoodfacts.org/product/5740900403444,,0.35,26.5,0.01
zabka,Piątnica Jogurt typu greckiego z jagodami 150 g,Nabiał,150,141,10.5,16.5,3.6,https://world.openfoodfacts.org/product/5900531003400,,15,2.55,0.12
zabka,Piątnica Jogurt typu greckiego z truskawkami 150 g,Nabiał,150,141,10.5,16.5,3.6,https://world.openfoodfacts.org/product/5900531003202,,15,2.55,0.12
zabka,Piątnica Serek wiejski 200 g,Nabiał,200,194,22,4,10,https://world.openfoodfacts.org/product/5900531000010,0,3,7,1.38
zabka,Piątnica Serek wiejski wysokobiałkowy 200 g,Nabiał,200,158,20.8,7.2,5,https://world.openfoodfacts.org/product/5900531007019,,5.4,3.4,0
zabka,Łaciaty Serek śmietankowy z cebulą i szczypiorkiem 135 g,Nabiał,100,250,5.8,4.9,23,https://world.openfoodfacts.org/product/5900820011512,,3.8,16,0.7
zabka,7UP Lemoniada z sokiem cytrynowym 500 ml,Napoje,500,95,0,22.5,0,https://world.openfoodfacts.org/product/5900497030908,0,22,0,0.15
zabka,"Black Energy Beer tequila 0,0% 500 ml",Napoje,500,170,2.5,39.5,0,https://world.openfoodfacts.org/product/5900552068358,,33,0,0.05
zabka,"Carlsberg 0,0% 500 ml",Napoje,500,75,0,16,0,https://world.openfoodfacts.org/product/5900014005280,0,0,0,0
zabka,ChaiKola 330 ml,Napoje,330,118.8,0,28.7,0,https://world.openfoodfacts.org/product/5902020669111,,28,0,0.07
zabka,Coca-Cola Zero bez kofeiny 500 ml,Napoje,500,1.5,0,0,0,https://world.openfoodfacts.org/product/5000112679670,,0,0,1
zabka,Dobra Karma Kombucha bio brzoskwinia i trawa cytrynowa 330 ml,Napoje,330,52.8,0,12.9,1.65,https://world.openfoodfacts.org/product/5902768514544,0,12.9,0.33,0.07
zabka,"Foodini Antyoksydacja kiwi, matcha, ananas, mango 250 ml",Napoje,250,167.5,2.25,35,1.5,https://world.openfoodfacts.org/product/8437021001884,2.25,27.5,0.5,0.05
zabka,Foodini Energia 250 ml,Napoje,250,166,1.3,39,0.2,https://world.openfoodfacts.org/product/8437021001877,1.6,33,0.1,0.1
zabka,Foodini Płynna przekąska Odporność 250 ml,Napoje,250,142.5,1.5,32.5,0.5,https://world.openfoodfacts.org/product/8437021001938,0.5,27.5,0.25,0.03
zabka,Foodini Słonecznie Żółty marakuja 250 ml,Napoje,250,227.5,2.75,32.5,9,https://world.openfoodfacts.org/product/8437010580925,3,25,7,0.07
zabka,Hortex Napój Brasil 1 l,Napoje,250,105,0,26.2,0,https://world.openfoodfacts.org/product/5900500038594,0,26.2,0,0
zabka,Kubuś Napój banan-brzoskwinia 900 ml,Napoje,250,120,0.75,27.2,0.25,https://world.openfoodfacts.org/product/5901067454070,1.75,26.2,0.07,0
zabka,Monster Energy Ultra 500 ml,Napoje,500,10,0,4.5,0,https://world.openfoodfacts.org/product/5056784906538,0,0,0,1
zabka,Monster Energy Ultra Violet 500 ml,Napoje,500,14,0,7,0,https://world.openfoodfacts.org/product/5060639125739,0,0,0,0
zabka,Monster Juice Mango 500 ml,Napoje,500,240,0,60,0,https://world.openfoodfacts.org/product/5060639121700,,55,0,0.25
zabka,Red Bull Sugarfree 250 ml,Napoje,250,7.5,0,0,0,https://world.openfoodfacts.org/product/9002490200220,,0,0,0.25
zabka,Red Bull Zero 250 ml,Napoje,250,5,0,5,0,https://world.openfoodfacts.org/product/9002490287580,,0,0,0.05
zabka,SodaStream Syrop malina (po rozcieńczeniu),Napoje,250,2.5,0,0,0,https://world.openfoodfacts.org/product/7290113763043,0,0,0,0.1
zabka,Tymbark Gazzz jabłko-arbuz 500 ml,Napoje,500,90,0,22.5,0,https://world.openfoodfacts.org/product/5900334021700,0,22.5,0,0
zabka,Tymbark Mus mango-brzoskwinia 200 ml,Napoje,200,130,1.2,28,1,https://world.openfoodfacts.org/product/5900334003928,2.6,26,0.2,0.02
zabka,WK Dzik Energy Zero grape 500 ml,Napoje,500,20,0,0,0,https://world.openfoodfacts.org/product/5904988309672,0,0,0,0.99
zabka,"Wycisk Lemoniada kwiat dzikiej róży, hibiskus, malina 400 ml",Napoje,400,140,2,35.2,2,https://world.openfoodfacts.org/product/5903839075957,2,34,0.4,0
zabka,"Wycisk Lemoniada truskawka, limonka, cytryna 400 ml",Napoje,400,172,1.2,40,0.4,https://world.openfoodfacts.org/product/8437021001839,1.2,36.4,0,0
zabka,Wycisk Sok owocowo-warzywny 250 ml,Napoje,250,97.5,1,22.2,0.25,https://world.openfoodfacts.org/product/8437010580765,0.5,18.5,0,0.05
zabka,Wycisk Sok pomarańcza-marakuja 250 ml,Napoje,250,147.5,1.25,32.5,0.5,https://world.openfoodfacts.org/product/8437010580390,,24.8,0,0
zabka,"Żywiec Białe 0,0% 500 ml",Napoje,500,100,0,25,0,https://world.openfoodfacts.org/product/5900699103219,0,11.5,0,0
zabka,Chleb wiejski krojony 500 g,Pieczywo,100,225,5.7,49,0.9,https://world.openfoodfacts.org/product/5902904700107,,0.5,0.2,0.94
zabka,Z Dobrej Piekarni Chleb baltonowski 500 g,Pieczywo,100,239,8.2,47,1.3,https://world.openfoodfacts.org/product/5903111184230,3.2,1.7,0.3,1.38
zabka,Z Dobrej Piekarni Chleb wieloziarnisty 400 g,Pieczywo,100,285,10,43,7,https://world.openfoodfacts.org/product/5903111184261,3.7,3,0.8,1.28
zabka,Z Dobrej Piekarni Tost z mąką pełnoziarnistą 500 g,Pieczywo,100,252,9.5,45,2.1,https://world.openfoodfacts.org/product/5900340016462,6.9,1.7,0.4,1.2
zabka,Dr. Oetker Pizza Feliciana Vegan Verdure Piccante 345 g,Pizza,345,712,18,117,18,https://world.openfoodfacts.org/product/5900437056845,6.9,14,11,3.2
zabka,Crunchips Pieczone żeberka 140 g,Przekąski,140,740.6,8.12,70,46.2,https://world.openfoodfacts.org/product/5905187114760,6.16,3.64,3.5,1.82
zabka,Crunchips X-Cut papryka 140 g,Przekąski,140,722.4,8.4,71.4,43.4,https://world.openfoodfacts.org/product/5905187114685,6.44,1.4,3.22,2.52
zabka,Curly Mexican style 120 g,Przekąski,120,564,15.6,66,25.2,https://world.openfoodfacts.org/product/5905187120013,5.4,3.48,3.12,3.36
zabka,Gellwe Kakao 80 g,Przekąski,100,336,25,15,11,https://world.openfoodfacts.org/product/5900552036760,0,1.4,7,0.05
zabka,Haps Mieszanka studencka 30 g,Przekąski,30,147.3,4.2,11.7,8.7,https://world.openfoodfacts.org/product/5902729029278,1.92,8.1,1.2,0.01
zabka,Haps Migdały 30 g,Przekąski,30,196.2,6.48,1.8,17.2,https://world.openfoodfacts.org/product/4251032608511,,1.8,,
zabka,Haps Migdały w sezamie,Przekąski,30,171.6,5.46,9.45,12,https://world.openfoodfacts.org/product/4251032608818,0,8.97,1.17,0.15
zabka,Haps Orzechy brazylijskie,Przekąski,30,207.9,4.2,1.26,20.1,https://world.openfoodfacts.org/product/5900587043184,,0.69,,
zabka,Haps Orzeszki ziemne w czekoladzie,Przekąski,30,172.5,4.2,11.4,11.7,https://world.openfoodfacts.org/product/5900587043863,,8.1,3.6,
zabka,Haps Słonecznik,Przekąski,30,184.5,5.7,3.3,15.9,https://world.openfoodfacts.org/product/5902729028561,2.4,0.78,1.38,
zabka,Lay's Oven Baked grillowana papryka 125 g,Przekąski,125,551.2,7.38,87.5,17.5,https://world.openfoodfacts.org/product/5900259099686,5.12,9.38,1.5,3.75
zabka,Salati Preziosi Krakersy limopepe 110 g,Przekąski,110,580.8,6.82,59.4,34.1,https://world.openfoodfacts.org/product/8025579111331,4.51,2.09,3.96,1.21
zabka,Sante Pasztet sojowy z pomidorami 113 g,Przekąski,100,257,6,5.3,23,https://world.openfoodfacts.org/product/5900617001955,2.3,0.7,1.5,1.4
zabka,Sokołów Beef Jerky klasyczne 25 g,Przekąski,25,68.8,12.5,1.5,1.38,https://world.openfoodfacts.org/product/5900562021121,0.12,1.5,0.65,1.25
zabka,Star Maczugi 80 g,Przekąski,80,394.4,4.8,49.6,19.2,https://world.openfoodfacts.org/product/5900259087898,1.36,4.8,1.68,1.28
zabka,Dobra Karma Sałatka cezar z pieczonym kurczakiem 190 g,Sałatki,190,473.1,30.4,14.4,32.3,https://world.openfoodfacts.org/product/5902666647894,2.47,10.8,5.7,3.42
zabka,Grześkowiak Sałatka makaronowa z ogóreczkiem 200 g,Sałatki,200,376,5.4,30,26,https://world.openfoodfacts.org/product/5907778534483,,3.2,2.2,2.2
zabka,Maczfit Sałatka nicejska 280 g,Sałatki,280,299.6,20.7,7,20.2,https://world.openfoodfacts.org/product/5905326773377,3.08,7,,7
zabka,Pudliszki Ketchup łagodny 275 g,Sosy,100,131,1.6,30,0.3,https://world.openfoodfacts.org/product/5900783008673,,29,0.1,3.1
zabka,Choctopus Chocto Wafel,Słodycze,100,545,5.8,56,33,https://world.openfoodfacts.org/product/5905858673589,,51,18,0.27
zabka,Choctopus Czekolada biała,Słodycze,100,539,4.7,64,30,https://world.openfoodfacts.org/product/5905858670359,,64,19,0.31
zabka,Choctopus Czekolada bąbelkowa XXL 150 g,Słodycze,100,538,5.1,63,30,https://world.openfoodfacts.org/product/5905258677675,,63,19,0.3
zabka,Choctopus Czekolada bąbelkowa biała 75 g,Słodycze,75,403.5,3.82,47.2,22.5,https://world.openfoodfacts.org/product/5905858670410,,47.2,14.2,0.22
zabka,Choctopus Czekolada bąbelkowa mleczna 150 g,Słodycze,100,531,5.9,59,29,https://world.openfoodfacts.org/product/5905858671592,,59,18,0.23
zabka,Choctopus Czekolada mleczna 80 g,Słodycze,80,423.2,4.72,47.2,23.2,https://world.openfoodfacts.org/product/5905858676511,,46.4,14.4,0.18
zabka,Choctopus Czekolada mleczna z nadzieniem orzechowym 175 g,Słodycze,100,542,5.6,55,33,https://world.openfoodfacts.org/product/5905858673558,,50,18,0.27
zabka,E. Wedel Czekolada Mocno Mleczna 80 g,Słodycze,80,444.4,5.93,44.4,26.7,https://world.openfoodfacts.org/product/5901588018652,0,44.4,14.8,0.19
zabka,E. Wedel Czekolada klasyczna gorzka 64% 90 g,Słodycze,100,508,9.1,36,33,https://world.openfoodfacts.org/product/5901588018768,14,32,20,0.02
zabka,E. Wedel Czekolada mleczna,Słodycze,100,534,6.3,55,31,https://world.openfoodfacts.org/product/5901588018775,2.7,55,17,0.18
zabka,E. Wedel Czekolada mleczna jagodowa,Słodycze,100,491,4.6,60,25,https://world.openfoodfacts.org/product/5901588401942,1.8,57,12,0.16
zabka,E. Wedel Czekolada mleczna malinowa 100 g,Słodycze,100,483,3.5,59,26,https://world.openfoodfacts.org/product/5901588016498,1.5,57,13,0.15
zabka,E. Wedel Czekolada mleczna z jabłkiem 100 g,Słodycze,100,489,4.6,60,25,https://world.openfoodfacts.org/product/5901588401911,1.7,57,12,0.16
zabka,Haps Żelki malinowe,Słodycze,100,343,1.67,73.3,1.67,https://world.openfoodfacts.org/product/5903246568431,,70,0.67,0
zabka,Haps Żelki mango,Słodycze,100,326.7,1,76.7,0.67,https://world.openfoodfacts.org/product/5905186304391,4,73.3,0.67,0.13
zabka,Milka Chocolate Dessert 100 g,Słodycze,100,570,6,49,38,https://world.openfoodfacts.org/product/7622201640897,4.6,47,22,0.17
zabka,Milka Czekolada Raspberry Creme 100 g,Słodycze,100,508,4.3,59,28,https://world.openfoodfacts.org/product/7622300530518,1.2,57,16,0.22
zabka,Milka Czekolada mleczna Alpine Milk 270 g,Słodycze,100,539,6.5,57,31,https://world.openfoodfacts.org/product/7622210703538,2.3,55,19,0.28
zabka,Milka Mmmax Nutty Choco Wafer 270 g,Słodycze,100,556,5.7,54,34,https://world.openfoodfacts.org/product/7622201677855,2.4,50,18,0.25
zabka,Milka Mmmax Oreo 300 g,Słodycze,100,556,5,56,34,https://world.openfoodfacts.org/product/7622210240200,1.7,48,19,0.39
zabka,Żabka Ciastka kruche,Słodycze,100,481,10.2,42,30,https://world.openfoodfacts.org/product/5904310510189,,10,6.3,0.21
zabka,Bell Salami naturalne 60 g,Wędliny,60,265.2,10.2,1.86,24,https://world.openfoodfacts.org/product/5901752571969,,0.6,10.2,2.22
zabka,Drobimex Szynka delikatesowa z kurcząt 100 g,Wędliny,100,107,19,2.2,2.5,https://world.openfoodfacts.org/product/5900196004026,,0.5,1.2,2
zabka,Krakus Parówki z piersi kurczaka 200 g,Wędliny,100,185,16,1,13,https://world.openfoodfacts.org/product/5900567019727,,0.7,3.4,2.2
zabka,Krakus Parówki z szynki wieprzowe 200 g,Wędliny,100,290,14,8.9,25,https://world.openfoodfacts.org/product/5900567012339,,1.2,8.99,2.7
zielonabudka,Zielona budka Lody,Lody,100,217,2.3,25,11,https://world.openfoodfacts.org/product/5900130041865,,,,
zielonabudka,Zielona Budka Lody Czekoladowe,Lody,100,124,1.6,13,7,https://world.openfoodfacts.org/product/5900130017525,,13,5.9,0.05
zielonabudka,Zielona Budka Lody Karmel Pistacja,Lody,100,205,2.5,26,10,https://world.openfoodfacts.org/product/5900130042275,,21,,0.28
zielonabudka,Zielona Budka Lody o smaku miętowym 1000 ml,Lody,100,118,1.2,13,6.6,https://world.openfoodfacts.org/product/5900130015811,,13,5.8,0.05
zielonabudka,zielona budka lody o smaku owoców leśnych z jeżynami I jagodami,Lody,100,174,2.1,27,6,https://world.openfoodfacts.org/product/5900130017587,,22,5,0.18
zielonabudka,Zielona Budka Lody Słony Karmel Że Śmieranką,Lody,100,231,3.14,31.43,10,https://world.openfoodfacts.org/product/5900130041087,,20,8.14,0
zielonabudka,Zielona Budka Lody Waniliowe z Laską Wanilii 1000 ml,Lody,100,101,1.1,13,4.8,https://world.openfoodfacts.org/product/5900130017563,,12,4,0.1
zielonabudka,Zielona Budka Śmietankowe Z Wiśniami,Pozostałe,100,107,1.1,15,4.6,https://world.openfoodfacts.org/product/5900130041100,,12,3.7,
zielonabudka,Zielona Budka Różek Czekoladowo-Śmietankowy,Słodycze,100,258,3,35,11,https://world.openfoodfacts.org/product/5900130040851,,24,,0.15
